-- ============================================================
-- Portal FYP TVET (JTM) — Supabase Seed Data
-- Reference: PRD-JTM-TVET-FYP-2026-v1.0 §11.4
-- Password for ALL users: Portal@2026
-- Run AFTER the schema creation script in Supabase SQL Editor
-- ============================================================

BEGIN;

-- Institution (5 rows)
DELETE FROM "Institution";
INSERT INTO "Institution" ("id", "code", "name", "type", "state", "address", "createdAt", "updatedAt") VALUES ('inst-001', 'ILP-Bangi', 'ILP Bangi', 'ILP', 'Selangor', 'Jalan 3/5, Bandar Baru Bangi, Selangor', '2026-07-14T09:40:57.893Z', '2026-07-14T09:40:57.893Z');
INSERT INTO "Institution" ("id", "code", "name", "type", "state", "address", "createdAt", "updatedAt") VALUES ('inst-002', 'ILP-Kuching', 'ILP Kuching', 'ILP', 'Sarawak', 'Jalan Semarak, Kuching, Sarawak', '2026-07-14T09:40:57.895Z', '2026-07-14T09:40:57.895Z');
INSERT INTO "Institution" ("id", "code", "name", "type", "state", "address", "createdAt", "updatedAt") VALUES ('inst-003', 'IKBN-Setapak', 'IKBN Setapak', 'IKBN', 'Wilayah Persekutuan Kuala Lumpur', 'Jalan Genting Kelang, Setapak, Kuala Lumpur', '2026-07-14T09:40:57.897Z', '2026-07-14T09:40:57.897Z');
INSERT INTO "Institution" ("id", "code", "name", "type", "state", "address", "createdAt", "updatedAt") VALUES ('inst-004', 'ADTEC-BatuPahat', 'ADTEC Batu Pahat', 'ADTEC', 'Johor', 'Kawasan Perindustrian Tongkang Pecah, Batu Pahat, Johor', '2026-07-14T09:40:57.899Z', '2026-07-14T09:40:57.899Z');
INSERT INTO "Institution" ("id", "code", "name", "type", "state", "address", "createdAt", "updatedAt") VALUES ('inst-005', 'ILP-PasirGudang', 'ILP Pasir Gudang', 'ILP', 'Johor', 'Jalan Pekeliling, Pasir Gudang, Johor', '2026-07-14T09:40:57.900Z', '2026-07-14T09:40:57.900Z');

-- Program (2 rows)
DELETE FROM "Program";
INSERT INTO "Program" ("id", "code", "name", "field", "description", "createdAt", "updatedAt") VALUES ('prog-001', 'EK', 'Diploma Kemahiran Malaysia - Elektrik Kuasa', 'Elektrik Kuasa', 'Program pengajian dalam bidang Elektrik Kuasa meliputi sistem pendawaian, kawalan motor, dan pengagihan tenaga elektrik.', '2026-07-14T09:40:57.904Z', '2026-07-14T09:40:57.904Z');
INSERT INTO "Program" ("id", "code", "name", "field", "description", "createdAt", "updatedAt") VALUES ('prog-002', 'RAC', 'Diploma Kemahiran Malaysia - Penyejukbekuan & Penyamanan Udara', 'RAC', 'Program pengajian dalam bidang Penyejukbekuan dan Penyamanan Udara meliputi sistem penyejukan komersial, domestik, dan industri.', '2026-07-14T09:40:57.910Z', '2026-07-14T09:40:57.910Z');

-- User (42 rows)
DELETE FROM "User";
INSERT INTO "User" ("id", "email", "passwordHash", "fullName", "role", "phone", "avatarUrl", "institutionId", "programId", "session", "isActive", "mfaEnabled", "lastLoginAt", "createdAt", "updatedAt") VALUES ('cmrkhats2002zq4wlqq4vh4jd', 'newstudent@test.gov.my', '$2b$10$GkTFpE8b.vkkc5dVRFeq.uNrIYxdb1S77CEYSg/xwov5M0h6jPTCC', 'Test Student 1', 'STUDENT', NULL, NULL, 'inst-001', 'prog-001', NULL, TRUE, FALSE, NULL, '2026-07-14T09:58:35.330Z', '2026-07-14T09:58:35.330Z');
INSERT INTO "User" ("id", "email", "passwordHash", "fullName", "role", "phone", "avatarUrl", "institutionId", "programId", "session", "isActive", "mfaEnabled", "lastLoginAt", "createdAt", "updatedAt") VALUES ('cmrkhats50033q4wl9w3uh7vg', 'newstudent2@test.gov.my', '$2b$10$GkTFpE8b.vkkc5dVRFeq.uNrIYxdb1S77CEYSg/xwov5M0h6jPTCC', 'Test Student 2', 'STUDENT', NULL, NULL, 'inst-001', NULL, NULL, TRUE, FALSE, NULL, '2026-07-14T09:58:35.333Z', '2026-07-14T09:58:35.333Z');
INSERT INTO "User" ("id", "email", "passwordHash", "fullName", "role", "phone", "avatarUrl", "institutionId", "programId", "session", "isActive", "mfaEnabled", "lastLoginAt", "createdAt", "updatedAt") VALUES ('usr-001', 'nurul.huda@jtm.gov.my', '$2b$10$GkTFpE8b.vkkc5dVRFeq.uNrIYxdb1S77CEYSg/xwov5M0h6jPTCC', 'Nurul Huda Binti Abd Rahman', 'SUPERVISOR', '+6012-345 6781', NULL, 'inst-001', 'prog-002', NULL, TRUE, FALSE, '2026-07-15T00:33:46.710Z', '2026-07-14T09:40:58.022Z', '2026-07-15T00:33:46.711Z');
INSERT INTO "User" ("id", "email", "passwordHash", "fullName", "role", "phone", "avatarUrl", "institutionId", "programId", "session", "isActive", "mfaEnabled", "lastLoginAt", "createdAt", "updatedAt") VALUES ('usr-002', 'mohd.fauzi@jtm.gov.my', '$2b$10$GkTFpE8b.vkkc5dVRFeq.uNrIYxdb1S77CEYSg/xwov5M0h6jPTCC', 'Mohd Fauzi Bin Ibrahim', 'SUPERVISOR', '+6012-345 6782', NULL, 'inst-001', 'prog-001', NULL, TRUE, FALSE, '2026-07-14T09:57:57.781Z', '2026-07-14T09:40:58.023Z', '2026-07-14T09:57:57.782Z');
INSERT INTO "User" ("id", "email", "passwordHash", "fullName", "role", "phone", "avatarUrl", "institutionId", "programId", "session", "isActive", "mfaEnabled", "lastLoginAt", "createdAt", "updatedAt") VALUES ('usr-003', 'siti.aisyah@jtm.gov.my', '$2b$10$GkTFpE8b.vkkc5dVRFeq.uNrIYxdb1S77CEYSg/xwov5M0h6jPTCC', 'Siti Aisyah Binti Mohamed', 'SUPERVISOR', '+6012-345 6783', NULL, 'inst-002', 'prog-002', NULL, TRUE, FALSE, NULL, '2026-07-14T09:40:58.024Z', '2026-07-14T09:40:58.024Z');
INSERT INTO "User" ("id", "email", "passwordHash", "fullName", "role", "phone", "avatarUrl", "institutionId", "programId", "session", "isActive", "mfaEnabled", "lastLoginAt", "createdAt", "updatedAt") VALUES ('usr-004', 'ahmad.zamri@jtm.gov.my', '$2b$10$GkTFpE8b.vkkc5dVRFeq.uNrIYxdb1S77CEYSg/xwov5M0h6jPTCC', 'Ahmad Zamri Bin Yusof', 'SUPERVISOR', '+6012-345 6784', NULL, 'inst-003', 'prog-001', NULL, TRUE, FALSE, NULL, '2026-07-14T09:40:58.025Z', '2026-07-14T09:40:58.025Z');
INSERT INTO "User" ("id", "email", "passwordHash", "fullName", "role", "phone", "avatarUrl", "institutionId", "programId", "session", "isActive", "mfaEnabled", "lastLoginAt", "createdAt", "updatedAt") VALUES ('usr-005', 'roselan.idris@jtm.gov.my', '$2b$10$GkTFpE8b.vkkc5dVRFeq.uNrIYxdb1S77CEYSg/xwov5M0h6jPTCC', 'Roselan Bin Idris', 'SUPERVISOR', '+6012-345 6785', NULL, 'inst-004', 'prog-001', NULL, TRUE, FALSE, NULL, '2026-07-14T09:40:58.026Z', '2026-07-14T09:40:58.026Z');
INSERT INTO "User" ("id", "email", "passwordHash", "fullName", "role", "phone", "avatarUrl", "institutionId", "programId", "session", "isActive", "mfaEnabled", "lastLoginAt", "createdAt", "updatedAt") VALUES ('usr-006', 'kamilia.zain@jtm.gov.my', '$2b$10$GkTFpE8b.vkkc5dVRFeq.uNrIYxdb1S77CEYSg/xwov5M0h6jPTCC', 'Kamilia Binti Zainal Abidin', 'SUPERVISOR', '+6012-345 6786', NULL, 'inst-004', 'prog-002', NULL, TRUE, FALSE, NULL, '2026-07-14T09:40:58.027Z', '2026-07-14T09:40:58.027Z');
INSERT INTO "User" ("id", "email", "passwordHash", "fullName", "role", "phone", "avatarUrl", "institutionId", "programId", "session", "isActive", "mfaEnabled", "lastLoginAt", "createdAt", "updatedAt") VALUES ('usr-007', 'hazim.razak@jtm.gov.my', '$2b$10$GkTFpE8b.vkkc5dVRFeq.uNrIYxdb1S77CEYSg/xwov5M0h6jPTCC', 'Hazim Bin Abdul Razak', 'SUPERVISOR', '+6012-345 6787', NULL, 'inst-005', 'prog-001', NULL, TRUE, FALSE, NULL, '2026-07-14T09:40:58.027Z', '2026-07-14T09:40:58.027Z');
INSERT INTO "User" ("id", "email", "passwordHash", "fullName", "role", "phone", "avatarUrl", "institutionId", "programId", "session", "isActive", "mfaEnabled", "lastLoginAt", "createdAt", "updatedAt") VALUES ('usr-008', 'faridah.amin@jtm.gov.my', '$2b$10$GkTFpE8b.vkkc5dVRFeq.uNrIYxdb1S77CEYSg/xwov5M0h6jPTCC', 'Faridah Binti Aminuddin', 'SUPERVISOR', '+6012-345 6788', NULL, 'inst-005', 'prog-002', NULL, TRUE, FALSE, NULL, '2026-07-14T09:40:58.028Z', '2026-07-14T09:40:58.028Z');
INSERT INTO "User" ("id", "email", "passwordHash", "fullName", "role", "phone", "avatarUrl", "institutionId", "programId", "session", "isActive", "mfaEnabled", "lastLoginAt", "createdAt", "updatedAt") VALUES ('usr-009', 'pelajar1@jtm.gov.my', '$2b$10$GkTFpE8b.vkkc5dVRFeq.uNrIYxdb1S77CEYSg/xwov5M0h6jPTCC', 'Ahmad Faizal Bin Osman', 'STUDENT', '+6011-2345 1000', NULL, 'inst-001', 'prog-001', '2025/2026', TRUE, FALSE, '2026-07-15T01:07:11.785Z', '2026-07-14T09:40:58.037Z', '2026-07-15T01:07:11.786Z');
INSERT INTO "User" ("id", "email", "passwordHash", "fullName", "role", "phone", "avatarUrl", "institutionId", "programId", "session", "isActive", "mfaEnabled", "lastLoginAt", "createdAt", "updatedAt") VALUES ('usr-010', 'pelajar2@jtm.gov.my', '$2b$10$GkTFpE8b.vkkc5dVRFeq.uNrIYxdb1S77CEYSg/xwov5M0h6jPTCC', 'Nur Aina Binti Khalid', 'STUDENT', '+6011-2345 1001', NULL, 'inst-002', 'prog-002', '2025/2026', TRUE, FALSE, NULL, '2026-07-14T09:40:58.038Z', '2026-07-14T09:40:58.038Z');
INSERT INTO "User" ("id", "email", "passwordHash", "fullName", "role", "phone", "avatarUrl", "institutionId", "programId", "session", "isActive", "mfaEnabled", "lastLoginAt", "createdAt", "updatedAt") VALUES ('usr-011', 'pelajar3@jtm.gov.my', '$2b$10$GkTFpE8b.vkkc5dVRFeq.uNrIYxdb1S77CEYSg/xwov5M0h6jPTCC', 'Muhammad Irfan Haikal', 'STUDENT', '+6011-2345 1002', NULL, 'inst-003', 'prog-001', '2025/2026', TRUE, FALSE, NULL, '2026-07-14T09:40:58.040Z', '2026-07-14T09:40:58.040Z');
INSERT INTO "User" ("id", "email", "passwordHash", "fullName", "role", "phone", "avatarUrl", "institutionId", "programId", "session", "isActive", "mfaEnabled", "lastLoginAt", "createdAt", "updatedAt") VALUES ('usr-012', 'pelajar4@jtm.gov.my', '$2b$10$GkTFpE8b.vkkc5dVRFeq.uNrIYxdb1S77CEYSg/xwov5M0h6jPTCC', 'Siti Khadijah Binti Roslan', 'STUDENT', '+6011-2345 1003', NULL, 'inst-004', 'prog-002', '2025/2026', TRUE, FALSE, NULL, '2026-07-14T09:40:58.041Z', '2026-07-14T09:40:58.041Z');
INSERT INTO "User" ("id", "email", "passwordHash", "fullName", "role", "phone", "avatarUrl", "institutionId", "programId", "session", "isActive", "mfaEnabled", "lastLoginAt", "createdAt", "updatedAt") VALUES ('usr-013', 'pelajar5@jtm.gov.my', '$2b$10$GkTFpE8b.vkkc5dVRFeq.uNrIYxdb1S77CEYSg/xwov5M0h6jPTCC', 'Tan Wei Jie', 'STUDENT', '+6011-2345 1004', NULL, 'inst-005', 'prog-001', '2025/2026', TRUE, FALSE, NULL, '2026-07-14T09:40:58.043Z', '2026-07-14T09:40:58.043Z');
INSERT INTO "User" ("id", "email", "passwordHash", "fullName", "role", "phone", "avatarUrl", "institutionId", "programId", "session", "isActive", "mfaEnabled", "lastLoginAt", "createdAt", "updatedAt") VALUES ('usr-014', 'pelajar6@jtm.gov.my', '$2b$10$GkTFpE8b.vkkc5dVRFeq.uNrIYxdb1S77CEYSg/xwov5M0h6jPTCC', 'Lim Mei Ling', 'STUDENT', '+6011-2345 1005', NULL, 'inst-001', 'prog-002', '2025/2026', TRUE, FALSE, NULL, '2026-07-14T09:40:58.045Z', '2026-07-14T09:40:58.045Z');
INSERT INTO "User" ("id", "email", "passwordHash", "fullName", "role", "phone", "avatarUrl", "institutionId", "programId", "session", "isActive", "mfaEnabled", "lastLoginAt", "createdAt", "updatedAt") VALUES ('usr-015', 'pelajar7@jtm.gov.my', '$2b$10$GkTFpE8b.vkkc5dVRFeq.uNrIYxdb1S77CEYSg/xwov5M0h6jPTCC', 'Rajesh Kumar A/L Segar', 'STUDENT', '+6011-2345 1006', NULL, 'inst-002', 'prog-001', '2025/2026', TRUE, FALSE, NULL, '2026-07-14T09:40:58.049Z', '2026-07-14T09:40:58.049Z');
INSERT INTO "User" ("id", "email", "passwordHash", "fullName", "role", "phone", "avatarUrl", "institutionId", "programId", "session", "isActive", "mfaEnabled", "lastLoginAt", "createdAt", "updatedAt") VALUES ('usr-016', 'pelajar8@jtm.gov.my', '$2b$10$GkTFpE8b.vkkc5dVRFeq.uNrIYxdb1S77CEYSg/xwov5M0h6jPTCC', 'Nor Syafiqah Binti Azmi', 'STUDENT', '+6011-2345 1007', NULL, 'inst-003', 'prog-002', '2025/2026', TRUE, FALSE, NULL, '2026-07-14T09:40:58.050Z', '2026-07-14T09:40:58.050Z');
INSERT INTO "User" ("id", "email", "passwordHash", "fullName", "role", "phone", "avatarUrl", "institutionId", "programId", "session", "isActive", "mfaEnabled", "lastLoginAt", "createdAt", "updatedAt") VALUES ('usr-017', 'pelajar9@jtm.gov.my', '$2b$10$GkTFpE8b.vkkc5dVRFeq.uNrIYxdb1S77CEYSg/xwov5M0h6jPTCC', 'Muhammad Danish Bin Zaki', 'STUDENT', '+6011-2345 1008', NULL, 'inst-004', 'prog-001', '2025/2026', TRUE, FALSE, NULL, '2026-07-14T09:40:58.053Z', '2026-07-14T09:40:58.053Z');
INSERT INTO "User" ("id", "email", "passwordHash", "fullName", "role", "phone", "avatarUrl", "institutionId", "programId", "session", "isActive", "mfaEnabled", "lastLoginAt", "createdAt", "updatedAt") VALUES ('usr-018', 'pelajar10@jtm.gov.my', '$2b$10$GkTFpE8b.vkkc5dVRFeq.uNrIYxdb1S77CEYSg/xwov5M0h6jPTCC', 'Lee Chong Wei', 'STUDENT', '+6011-2345 1009', NULL, 'inst-005', 'prog-002', '2025/2026', TRUE, FALSE, NULL, '2026-07-14T09:40:58.054Z', '2026-07-14T09:40:58.054Z');
INSERT INTO "User" ("id", "email", "passwordHash", "fullName", "role", "phone", "avatarUrl", "institutionId", "programId", "session", "isActive", "mfaEnabled", "lastLoginAt", "createdAt", "updatedAt") VALUES ('usr-019', 'pelajar11@jtm.gov.my', '$2b$10$GkTFpE8b.vkkc5dVRFeq.uNrIYxdb1S77CEYSg/xwov5M0h6jPTCC', 'Aisyah Binti Abdullah', 'STUDENT', '+6011-2345 1010', NULL, 'inst-001', 'prog-001', '2025/2026', TRUE, FALSE, NULL, '2026-07-14T09:40:58.056Z', '2026-07-14T09:40:58.056Z');
INSERT INTO "User" ("id", "email", "passwordHash", "fullName", "role", "phone", "avatarUrl", "institutionId", "programId", "session", "isActive", "mfaEnabled", "lastLoginAt", "createdAt", "updatedAt") VALUES ('usr-020', 'pelajar12@jtm.gov.my', '$2b$10$GkTFpE8b.vkkc5dVRFeq.uNrIYxdb1S77CEYSg/xwov5M0h6jPTCC', 'Mohd Hafiz Bin Ramli', 'STUDENT', '+6011-2345 1011', NULL, 'inst-002', 'prog-002', '2025/2026', TRUE, FALSE, NULL, '2026-07-14T09:40:58.057Z', '2026-07-14T09:40:58.057Z');
INSERT INTO "User" ("id", "email", "passwordHash", "fullName", "role", "phone", "avatarUrl", "institutionId", "programId", "session", "isActive", "mfaEnabled", "lastLoginAt", "createdAt", "updatedAt") VALUES ('usr-021', 'pelajar13@jtm.gov.my', '$2b$10$GkTFpE8b.vkkc5dVRFeq.uNrIYxdb1S77CEYSg/xwov5M0h6jPTCC', 'Priya D/O Subramaniam', 'STUDENT', '+6011-2345 1012', NULL, 'inst-003', 'prog-001', '2025/2026', TRUE, FALSE, NULL, '2026-07-14T09:40:58.059Z', '2026-07-14T09:40:58.059Z');
INSERT INTO "User" ("id", "email", "passwordHash", "fullName", "role", "phone", "avatarUrl", "institutionId", "programId", "session", "isActive", "mfaEnabled", "lastLoginAt", "createdAt", "updatedAt") VALUES ('usr-022', 'pelajar14@jtm.gov.my', '$2b$10$GkTFpE8b.vkkc5dVRFeq.uNrIYxdb1S77CEYSg/xwov5M0h6jPTCC', 'Wong Kah Lok', 'STUDENT', '+6011-2345 1013', NULL, 'inst-004', 'prog-002', '2025/2026', TRUE, FALSE, NULL, '2026-07-14T09:40:58.060Z', '2026-07-14T09:40:58.060Z');
INSERT INTO "User" ("id", "email", "passwordHash", "fullName", "role", "phone", "avatarUrl", "institutionId", "programId", "session", "isActive", "mfaEnabled", "lastLoginAt", "createdAt", "updatedAt") VALUES ('usr-023', 'pelajar15@jtm.gov.my', '$2b$10$GkTFpE8b.vkkc5dVRFeq.uNrIYxdb1S77CEYSg/xwov5M0h6jPTCC', 'Fatimah Binti Zahra', 'STUDENT', '+6011-2345 1014', NULL, 'inst-005', 'prog-001', '2025/2026', TRUE, FALSE, NULL, '2026-07-14T09:40:58.062Z', '2026-07-14T09:40:58.062Z');
INSERT INTO "User" ("id", "email", "passwordHash", "fullName", "role", "phone", "avatarUrl", "institutionId", "programId", "session", "isActive", "mfaEnabled", "lastLoginAt", "createdAt", "updatedAt") VALUES ('usr-024', 'pelajar16@jtm.gov.my', '$2b$10$GkTFpE8b.vkkc5dVRFeq.uNrIYxdb1S77CEYSg/xwov5M0h6jPTCC', 'Ahmad Luqman Bin Hakim', 'STUDENT', '+6011-2345 1015', NULL, 'inst-001', 'prog-002', '2025/2026', TRUE, FALSE, NULL, '2026-07-14T09:40:58.064Z', '2026-07-14T09:40:58.064Z');
INSERT INTO "User" ("id", "email", "passwordHash", "fullName", "role", "phone", "avatarUrl", "institutionId", "programId", "session", "isActive", "mfaEnabled", "lastLoginAt", "createdAt", "updatedAt") VALUES ('usr-025', 'pelajar17@jtm.gov.my', '$2b$10$GkTFpE8b.vkkc5dVRFeq.uNrIYxdb1S77CEYSg/xwov5M0h6jPTCC', 'Nurul Izzah Binti Mansor', 'STUDENT', '+6011-2345 1016', NULL, 'inst-002', 'prog-001', '2025/2026', TRUE, FALSE, NULL, '2026-07-14T09:40:58.065Z', '2026-07-14T09:40:58.065Z');
INSERT INTO "User" ("id", "email", "passwordHash", "fullName", "role", "phone", "avatarUrl", "institutionId", "programId", "session", "isActive", "mfaEnabled", "lastLoginAt", "createdAt", "updatedAt") VALUES ('usr-026', 'pelajar18@jtm.gov.my', '$2b$10$GkTFpE8b.vkkc5dVRFeq.uNrIYxdb1S77CEYSg/xwov5M0h6jPTCC', 'Arvind A/L Krishnan', 'STUDENT', '+6011-2345 1017', NULL, 'inst-003', 'prog-002', '2025/2026', TRUE, FALSE, NULL, '2026-07-14T09:40:58.067Z', '2026-07-14T09:40:58.067Z');
INSERT INTO "User" ("id", "email", "passwordHash", "fullName", "role", "phone", "avatarUrl", "institutionId", "programId", "session", "isActive", "mfaEnabled", "lastLoginAt", "createdAt", "updatedAt") VALUES ('usr-027', 'pelajar19@jtm.gov.my', '$2b$10$GkTFpE8b.vkkc5dVRFeq.uNrIYxdb1S77CEYSg/xwov5M0h6jPTCC', 'Goh Sze Ying', 'STUDENT', '+6011-2345 1018', NULL, 'inst-004', 'prog-001', '2025/2026', TRUE, FALSE, NULL, '2026-07-14T09:40:58.068Z', '2026-07-14T09:40:58.068Z');
INSERT INTO "User" ("id", "email", "passwordHash", "fullName", "role", "phone", "avatarUrl", "institutionId", "programId", "session", "isActive", "mfaEnabled", "lastLoginAt", "createdAt", "updatedAt") VALUES ('usr-028', 'pelajar20@jtm.gov.my', '$2b$10$GkTFpE8b.vkkc5dVRFeq.uNrIYxdb1S77CEYSg/xwov5M0h6jPTCC', 'Muhammad Amin Bin Saad', 'STUDENT', '+6011-2345 1019', NULL, 'inst-005', 'prog-002', '2025/2026', TRUE, FALSE, NULL, '2026-07-14T09:40:58.069Z', '2026-07-14T09:40:58.069Z');
INSERT INTO "User" ("id", "email", "passwordHash", "fullName", "role", "phone", "avatarUrl", "institutionId", "programId", "session", "isActive", "mfaEnabled", "lastLoginAt", "createdAt", "updatedAt") VALUES ('usr-029', 'pelajar21@jtm.gov.my', '$2b$10$GkTFpE8b.vkkc5dVRFeq.uNrIYxdb1S77CEYSg/xwov5M0h6jPTCC', 'Zulaikha Binti Othman', 'STUDENT', '+6011-2345 1020', NULL, 'inst-001', 'prog-001', '2025/2026', TRUE, FALSE, NULL, '2026-07-14T09:40:58.070Z', '2026-07-14T09:40:58.070Z');
INSERT INTO "User" ("id", "email", "passwordHash", "fullName", "role", "phone", "avatarUrl", "institutionId", "programId", "session", "isActive", "mfaEnabled", "lastLoginAt", "createdAt", "updatedAt") VALUES ('usr-030', 'pelajar22@jtm.gov.my', '$2b$10$GkTFpE8b.vkkc5dVRFeq.uNrIYxdb1S77CEYSg/xwov5M0h6jPTCC', 'Hafizuddin Bin Jalal', 'STUDENT', '+6011-2345 1021', NULL, 'inst-002', 'prog-002', '2025/2026', TRUE, FALSE, NULL, '2026-07-14T09:40:58.071Z', '2026-07-14T09:40:58.071Z');
INSERT INTO "User" ("id", "email", "passwordHash", "fullName", "role", "phone", "avatarUrl", "institutionId", "programId", "session", "isActive", "mfaEnabled", "lastLoginAt", "createdAt", "updatedAt") VALUES ('usr-031', 'pelajar23@jtm.gov.my', '$2b$10$GkTFpE8b.vkkc5dVRFeq.uNrIYxdb1S77CEYSg/xwov5M0h6jPTCC', 'Kavitha D/O Raju', 'STUDENT', '+6011-2345 1022', NULL, 'inst-003', 'prog-001', '2025/2026', TRUE, FALSE, NULL, '2026-07-14T09:40:58.073Z', '2026-07-14T09:40:58.073Z');
INSERT INTO "User" ("id", "email", "passwordHash", "fullName", "role", "phone", "avatarUrl", "institutionId", "programId", "session", "isActive", "mfaEnabled", "lastLoginAt", "createdAt", "updatedAt") VALUES ('usr-032', 'pelajar24@jtm.gov.my', '$2b$10$GkTFpE8b.vkkc5dVRFeq.uNrIYxdb1S77CEYSg/xwov5M0h6jPTCC', 'Tan Boon Hui', 'STUDENT', '+6011-2345 1023', NULL, 'inst-004', 'prog-002', '2025/2026', TRUE, FALSE, NULL, '2026-07-14T09:40:58.075Z', '2026-07-14T09:40:58.075Z');
INSERT INTO "User" ("id", "email", "passwordHash", "fullName", "role", "phone", "avatarUrl", "institutionId", "programId", "session", "isActive", "mfaEnabled", "lastLoginAt", "createdAt", "updatedAt") VALUES ('usr-033', 'pelajar25@jtm.gov.my', '$2b$10$GkTFpE8b.vkkc5dVRFeq.uNrIYxdb1S77CEYSg/xwov5M0h6jPTCC', 'Siti Mariam Binti Yusof', 'STUDENT', '+6011-2345 1024', NULL, 'inst-005', 'prog-001', '2025/2026', TRUE, FALSE, NULL, '2026-07-14T09:40:58.076Z', '2026-07-14T09:40:58.076Z');
INSERT INTO "User" ("id", "email", "passwordHash", "fullName", "role", "phone", "avatarUrl", "institutionId", "programId", "session", "isActive", "mfaEnabled", "lastLoginAt", "createdAt", "updatedAt") VALUES ('usr-034', 'panel1@jtm.gov.my', '$2b$10$GkTFpE8b.vkkc5dVRFeq.uNrIYxdb1S77CEYSg/xwov5M0h6jPTCC', 'Ir. Hj. Bakri Bin Salim', 'PANEL', '+6019-111 2221', NULL, 'inst-003', 'prog-001', NULL, TRUE, FALSE, NULL, '2026-07-14T09:40:58.077Z', '2026-07-14T09:40:58.077Z');
INSERT INTO "User" ("id", "email", "passwordHash", "fullName", "role", "phone", "avatarUrl", "institutionId", "programId", "session", "isActive", "mfaEnabled", "lastLoginAt", "createdAt", "updatedAt") VALUES ('usr-035', 'panel2@jtm.gov.my', '$2b$10$GkTFpE8b.vkkc5dVRFeq.uNrIYxdb1S77CEYSg/xwov5M0h6jPTCC', 'Ts. Dr. Rohaya Binti Sulaiman', 'PANEL', '+6019-111 2222', NULL, 'inst-004', 'prog-002', NULL, TRUE, FALSE, NULL, '2026-07-14T09:40:58.078Z', '2026-07-14T09:40:58.078Z');
INSERT INTO "User" ("id", "email", "passwordHash", "fullName", "role", "phone", "avatarUrl", "institutionId", "programId", "session", "isActive", "mfaEnabled", "lastLoginAt", "createdAt", "updatedAt") VALUES ('usr-036', 'panel3@jtm.gov.my', '$2b$10$GkTFpE8b.vkkc5dVRFeq.uNrIYxdb1S77CEYSg/xwov5M0h6jPTCC', 'Ir. Chandran A/L Gopal', 'PANEL', '+6019-111 2223', NULL, 'inst-005', 'prog-001', NULL, TRUE, FALSE, NULL, '2026-07-14T09:40:58.080Z', '2026-07-14T09:40:58.080Z');
INSERT INTO "User" ("id", "email", "passwordHash", "fullName", "role", "phone", "avatarUrl", "institutionId", "programId", "session", "isActive", "mfaEnabled", "lastLoginAt", "createdAt", "updatedAt") VALUES ('usr-037', 'admin.bangi@jtm.gov.my', '$2b$10$GkTFpE8b.vkkc5dVRFeq.uNrIYxdb1S77CEYSg/xwov5M0h6jPTCC', 'Abdul Razak Bin Hassan', 'INSTITUTION_ADMIN', '+603-8925 1001', NULL, 'inst-001', NULL, NULL, TRUE, FALSE, '2026-07-14T09:59:16.763Z', '2026-07-14T09:40:58.081Z', '2026-07-14T09:59:16.765Z');
INSERT INTO "User" ("id", "email", "passwordHash", "fullName", "role", "phone", "avatarUrl", "institutionId", "programId", "session", "isActive", "mfaEnabled", "lastLoginAt", "createdAt", "updatedAt") VALUES ('usr-038', 'admin.adtec@jtm.gov.my', '$2b$10$GkTFpE8b.vkkc5dVRFeq.uNrIYxdb1S77CEYSg/xwov5M0h6jPTCC', 'Zainab Binti Abas', 'INSTITUTION_ADMIN', '+607-433 1001', NULL, 'inst-004', NULL, NULL, TRUE, FALSE, NULL, '2026-07-14T09:40:58.082Z', '2026-07-14T09:40:58.082Z');
INSERT INTO "User" ("id", "email", "passwordHash", "fullName", "role", "phone", "avatarUrl", "institutionId", "programId", "session", "isActive", "mfaEnabled", "lastLoginAt", "createdAt", "updatedAt") VALUES ('usr-039', 'admin.jtm@jtm.gov.my', '$2b$10$GkTFpE8b.vkkc5dVRFeq.uNrIYxdb1S77CEYSg/xwov5M0h6jPTCC', 'Mohd Shahir Bin Abdullah', 'JTM_ADMIN', '+603-8886 2001', NULL, NULL, NULL, NULL, TRUE, FALSE, '2026-07-14T10:45:32.305Z', '2026-07-14T09:40:58.082Z', '2026-07-14T10:45:32.306Z');
INSERT INTO "User" ("id", "email", "passwordHash", "fullName", "role", "phone", "avatarUrl", "institutionId", "programId", "session", "isActive", "mfaEnabled", "lastLoginAt", "createdAt", "updatedAt") VALUES ('usr-040', 'admin2.jtm@jtm.gov.my', '$2b$10$GkTFpE8b.vkkc5dVRFeq.uNrIYxdb1S77CEYSg/xwov5M0h6jPTCC', 'Norbaiti Binti Wahab', 'JTM_ADMIN', '+603-8886 2002', NULL, NULL, NULL, NULL, TRUE, FALSE, NULL, '2026-07-14T09:40:58.083Z', '2026-07-14T09:40:58.083Z');

-- Supervisor (8 rows)
DELETE FROM "Supervisor";
INSERT INTO "Supervisor" ("id", "userId", "staffNo", "expertiseField", "maxStudents", "institutionId", "createdAt", "updatedAt") VALUES ('sup-001', 'usr-001', 'SUP-2011-001', 'RAC', 15, 'inst-001', '2026-07-14T09:40:58.030Z', '2026-07-14T09:40:58.030Z');
INSERT INTO "Supervisor" ("id", "userId", "staffNo", "expertiseField", "maxStudents", "institutionId", "createdAt", "updatedAt") VALUES ('sup-002', 'usr-002', 'SUP-2010-014', 'Elektrik Kuasa', 15, 'inst-001', '2026-07-14T09:40:58.031Z', '2026-07-14T09:40:58.031Z');
INSERT INTO "Supervisor" ("id", "userId", "staffNo", "expertiseField", "maxStudents", "institutionId", "createdAt", "updatedAt") VALUES ('sup-003', 'usr-003', 'SUP-2013-022', 'RAC', 12, 'inst-002', '2026-07-14T09:40:58.033Z', '2026-07-14T09:40:58.033Z');
INSERT INTO "Supervisor" ("id", "userId", "staffNo", "expertiseField", "maxStudents", "institutionId", "createdAt", "updatedAt") VALUES ('sup-004', 'usr-004', 'SUP-2009-008', 'Elektrik Kuasa', 15, 'inst-003', '2026-07-14T09:40:58.033Z', '2026-07-14T09:40:58.033Z');
INSERT INTO "Supervisor" ("id", "userId", "staffNo", "expertiseField", "maxStudents", "institutionId", "createdAt", "updatedAt") VALUES ('sup-005', 'usr-005', 'SUP-2012-031', 'Elektrik Kuasa', 18, 'inst-004', '2026-07-14T09:40:58.034Z', '2026-07-14T09:40:58.034Z');
INSERT INTO "Supervisor" ("id", "userId", "staffNo", "expertiseField", "maxStudents", "institutionId", "createdAt", "updatedAt") VALUES ('sup-006', 'usr-006', 'SUP-2014-017', 'RAC', 12, 'inst-004', '2026-07-14T09:40:58.035Z', '2026-07-14T09:40:58.035Z');
INSERT INTO "Supervisor" ("id", "userId", "staffNo", "expertiseField", "maxStudents", "institutionId", "createdAt", "updatedAt") VALUES ('sup-007', 'usr-007', 'SUP-2011-040', 'Elektrik Kuasa', 15, 'inst-005', '2026-07-14T09:40:58.036Z', '2026-07-14T09:40:58.036Z');
INSERT INTO "Supervisor" ("id", "userId", "staffNo", "expertiseField", "maxStudents", "institutionId", "createdAt", "updatedAt") VALUES ('sup-008', 'usr-008', 'SUP-2013-045', 'RAC', 12, 'inst-005', '2026-07-14T09:40:58.036Z', '2026-07-14T09:40:58.036Z');

-- Student (27 rows)
DELETE FROM "Student";
INSERT INTO "Student" ("id", "userId", "registrationNo", "cohort", "supervisorId", "createdAt", "updatedAt") VALUES ('cmrkhats30031q4wlnijvgcp1', 'cmrkhats2002zq4wlqq4vh4jd', 'TEST-001', NULL, NULL, '2026-07-14T09:58:35.332Z', '2026-07-14T09:58:35.332Z');
INSERT INTO "Student" ("id", "userId", "registrationNo", "cohort", "supervisorId", "createdAt", "updatedAt") VALUES ('cmrkhats60035q4wll7izqa6s', 'cmrkhats50033q4wl9w3uh7vg', 'STD-9W3UH7VG', NULL, NULL, '2026-07-14T09:58:35.334Z', '2026-07-14T09:58:35.334Z');
INSERT INTO "Student" ("id", "userId", "registrationNo", "cohort", "supervisorId", "createdAt", "updatedAt") VALUES ('std-001', 'usr-009', 'DKM2026001', '2024/2025', 'sup-002', '2026-07-14T09:40:58.038Z', '2026-07-14T09:40:58.038Z');
INSERT INTO "Student" ("id", "userId", "registrationNo", "cohort", "supervisorId", "createdAt", "updatedAt") VALUES ('std-002', 'usr-010', 'DKM2026002', '2024/2025', 'sup-003', '2026-07-14T09:40:58.039Z', '2026-07-14T09:40:58.039Z');
INSERT INTO "Student" ("id", "userId", "registrationNo", "cohort", "supervisorId", "createdAt", "updatedAt") VALUES ('std-003', 'usr-011', 'DKM2026003', '2024/2025', 'sup-005', '2026-07-14T09:40:58.040Z', '2026-07-14T09:40:58.040Z');
INSERT INTO "Student" ("id", "userId", "registrationNo", "cohort", "supervisorId", "createdAt", "updatedAt") VALUES ('std-004', 'usr-012', 'DKM2026004', '2024/2025', 'sup-008', '2026-07-14T09:40:58.041Z', '2026-07-14T09:40:58.041Z');
INSERT INTO "Student" ("id", "userId", "registrationNo", "cohort", "supervisorId", "createdAt", "updatedAt") VALUES ('std-005', 'usr-013', 'DKM2026005', '2024/2025', 'sup-002', '2026-07-14T09:40:58.044Z', '2026-07-14T09:40:58.044Z');
INSERT INTO "Student" ("id", "userId", "registrationNo", "cohort", "supervisorId", "createdAt", "updatedAt") VALUES ('std-006', 'usr-014', 'DKM2026006', '2024/2025', 'sup-001', '2026-07-14T09:40:58.047Z', '2026-07-14T09:40:58.047Z');
INSERT INTO "Student" ("id", "userId", "registrationNo", "cohort", "supervisorId", "createdAt", "updatedAt") VALUES ('std-007', 'usr-015', 'DKM2026007', '2024/2025', 'sup-004', '2026-07-14T09:40:58.050Z', '2026-07-14T09:40:58.050Z');
INSERT INTO "Student" ("id", "userId", "registrationNo", "cohort", "supervisorId", "createdAt", "updatedAt") VALUES ('std-008', 'usr-016', 'DKM2026008', '2024/2025', 'sup-006', '2026-07-14T09:40:58.051Z', '2026-07-14T09:40:58.051Z');
INSERT INTO "Student" ("id", "userId", "registrationNo", "cohort", "supervisorId", "createdAt", "updatedAt") VALUES ('std-009', 'usr-017', 'DKM2026009', '2024/2025', 'sup-007', '2026-07-14T09:40:58.053Z', '2026-07-14T09:40:58.053Z');
INSERT INTO "Student" ("id", "userId", "registrationNo", "cohort", "supervisorId", "createdAt", "updatedAt") VALUES ('std-010', 'usr-018', 'DKM2026010', '2024/2025', 'sup-001', '2026-07-14T09:40:58.055Z', '2026-07-14T09:40:58.055Z');
INSERT INTO "Student" ("id", "userId", "registrationNo", "cohort", "supervisorId", "createdAt", "updatedAt") VALUES ('std-011', 'usr-019', 'DKM2026011', '2024/2025', 'sup-002', '2026-07-14T09:40:58.057Z', '2026-07-14T09:40:58.057Z');
INSERT INTO "Student" ("id", "userId", "registrationNo", "cohort", "supervisorId", "createdAt", "updatedAt") VALUES ('std-012', 'usr-020', 'DKM2026012', '2024/2025', 'sup-003', '2026-07-14T09:40:58.058Z', '2026-07-14T09:40:58.058Z');
INSERT INTO "Student" ("id", "userId", "registrationNo", "cohort", "supervisorId", "createdAt", "updatedAt") VALUES ('std-013', 'usr-021', 'DKM2026013', '2024/2025', 'sup-005', '2026-07-14T09:40:58.059Z', '2026-07-14T09:40:58.059Z');
INSERT INTO "Student" ("id", "userId", "registrationNo", "cohort", "supervisorId", "createdAt", "updatedAt") VALUES ('std-014', 'usr-022', 'DKM2026014', '2024/2025', 'sup-008', '2026-07-14T09:40:58.061Z', '2026-07-14T09:40:58.061Z');
INSERT INTO "Student" ("id", "userId", "registrationNo", "cohort", "supervisorId", "createdAt", "updatedAt") VALUES ('std-015', 'usr-023', 'DKM2026015', '2024/2025', 'sup-002', '2026-07-14T09:40:58.062Z', '2026-07-14T09:40:58.062Z');
INSERT INTO "Student" ("id", "userId", "registrationNo", "cohort", "supervisorId", "createdAt", "updatedAt") VALUES ('std-016', 'usr-024', 'DKM2026016', '2024/2025', 'sup-001', '2026-07-14T09:40:58.065Z', '2026-07-14T09:40:58.065Z');
INSERT INTO "Student" ("id", "userId", "registrationNo", "cohort", "supervisorId", "createdAt", "updatedAt") VALUES ('std-017', 'usr-025', 'DKM2026017', '2024/2025', 'sup-004', '2026-07-14T09:40:58.066Z', '2026-07-14T09:40:58.066Z');
INSERT INTO "Student" ("id", "userId", "registrationNo", "cohort", "supervisorId", "createdAt", "updatedAt") VALUES ('std-018', 'usr-026', 'DKM2026018', '2024/2025', 'sup-006', '2026-07-14T09:40:58.067Z', '2026-07-14T09:40:58.067Z');
INSERT INTO "Student" ("id", "userId", "registrationNo", "cohort", "supervisorId", "createdAt", "updatedAt") VALUES ('std-019', 'usr-027', 'DKM2026019', '2024/2025', 'sup-007', '2026-07-14T09:40:58.069Z', '2026-07-14T09:40:58.069Z');
INSERT INTO "Student" ("id", "userId", "registrationNo", "cohort", "supervisorId", "createdAt", "updatedAt") VALUES ('std-020', 'usr-028', 'DKM2026020', '2024/2025', 'sup-001', '2026-07-14T09:40:58.070Z', '2026-07-14T09:40:58.070Z');
INSERT INTO "Student" ("id", "userId", "registrationNo", "cohort", "supervisorId", "createdAt", "updatedAt") VALUES ('std-021', 'usr-029', 'DKM2026021', '2024/2025', 'sup-002', '2026-07-14T09:40:58.071Z', '2026-07-14T09:40:58.071Z');
INSERT INTO "Student" ("id", "userId", "registrationNo", "cohort", "supervisorId", "createdAt", "updatedAt") VALUES ('std-022', 'usr-030', 'DKM2026022', '2024/2025', 'sup-003', '2026-07-14T09:40:58.072Z', '2026-07-14T09:40:58.072Z');
INSERT INTO "Student" ("id", "userId", "registrationNo", "cohort", "supervisorId", "createdAt", "updatedAt") VALUES ('std-023', 'usr-031', 'DKM2026023', '2024/2025', 'sup-005', '2026-07-14T09:40:58.074Z', '2026-07-14T09:40:58.074Z');
INSERT INTO "Student" ("id", "userId", "registrationNo", "cohort", "supervisorId", "createdAt", "updatedAt") VALUES ('std-024', 'usr-032', 'DKM2026024', '2024/2025', 'sup-008', '2026-07-14T09:40:58.075Z', '2026-07-14T09:40:58.075Z');
INSERT INTO "Student" ("id", "userId", "registrationNo", "cohort", "supervisorId", "createdAt", "updatedAt") VALUES ('std-025', 'usr-033', 'DKM2026025', '2024/2025', 'sup-002', '2026-07-14T09:40:58.077Z', '2026-07-14T09:40:58.077Z');

-- Project (25 rows)
DELETE FROM "Project";
INSERT INTO "Project" ("id", "title", "field", "scope", "objectives", "bomList", "scheduleStart", "scheduleEnd", "studentId", "supervisorId", "institutionId", "programId", "status", "similarityScore", "rejectionReason", "approvedAt", "completedAt", "createdById", "createdAt", "updatedAt") VALUES ('prj-001', 'Sistem Kawalan Motor 3 Fasa Berasaskan PLC', 'Elektrik Kuasa', 'Skop projek ini merangkumi reka bentuk, pembinaan, ujian dan pendokumentasian sistem kawalan motor 3 fasa berasaskan plc bagi memenuhi keperluan Diploma Kemahiran Malaysia bidang Elektrik Kuasa.', '1. Merekabentuk sistem yang berfungsi mengikut spesifikasi teknikal.
2. Membina prototaip dengan komponen yang dipilih.
3. Menjalankan ujian prestasi dan keselamatan.
4. Mendokumentasikan laporan teknikal lengkap.', '[{"item":"Mikropengawal PLC Siemens S7-1200","qty":1,"estCost":3500},{"item":"Motor 3 Fasa 5.5kW","qty":1,"estCost":2800},{"item":"Kabel PVC 2.5mm² (50m)","qty":1,"estCost":250},{"item":"Suis MCB 32A","qty":2,"estCost":80}]', '2026-03-16T09:40:58.085Z', '2026-07-14T09:40:58.085Z', 'std-001', 'sup-002', 'inst-001', 'prog-001', 'COMPLETED', 0, NULL, '2026-03-23T09:40:58.085Z', '2026-06-24T09:40:58.085Z', 'usr-009', '2026-03-16T09:40:58.085Z', '2026-07-14T09:40:58.085Z');
INSERT INTO "Project" ("id", "title", "field", "scope", "objectives", "bomList", "scheduleStart", "scheduleEnd", "studentId", "supervisorId", "institutionId", "programId", "status", "similarityScore", "rejectionReason", "approvedAt", "completedAt", "createdById", "createdAt", "updatedAt") VALUES ('prj-002', 'Reka Bentuk Sistem Pendawaian Automatik Bangunan Pintar', 'Elektrik Kuasa', 'Skop projek ini merangkumi reka bentuk, pembinaan, ujian dan pendokumentasian reka bentuk sistem pendawaian automatik bangunan pintar bagi memenuhi keperluan Diploma Kemahiran Malaysia bidang Elektrik Kuasa.', '1. Merekabentuk sistem yang berfungsi mengikut spesifikasi teknikal.
2. Membina prototaip dengan komponen yang dipilih.
3. Menjalankan ujian prestasi dan keselamatan.
4. Mendokumentasikan laporan teknikal lengkap.', '[{"item":"Mikropengawal PLC Siemens S7-1200","qty":1,"estCost":3500},{"item":"Motor 3 Fasa 5.5kW","qty":1,"estCost":2800},{"item":"Kabel PVC 2.5mm² (50m)","qty":1,"estCost":250},{"item":"Suis MCB 32A","qty":2,"estCost":80}]', '2026-03-20T09:40:58.089Z', '2026-07-18T09:40:58.089Z', 'std-002', 'sup-003', 'inst-002', 'prog-002', 'COMPLETED', 0, NULL, '2026-03-27T09:40:58.089Z', '2026-06-28T09:40:58.089Z', 'usr-010', '2026-03-20T09:40:58.089Z', '2026-07-14T09:40:58.089Z');
INSERT INTO "Project" ("id", "title", "field", "scope", "objectives", "bomList", "scheduleStart", "scheduleEnd", "studentId", "supervisorId", "institutionId", "programId", "status", "similarityScore", "rejectionReason", "approvedAt", "completedAt", "createdById", "createdAt", "updatedAt") VALUES ('prj-003', 'Pemasangan Sistem Perlindungan Kilat untuk Bangunan Komersial', 'Elektrik Kuasa', 'Skop projek ini merangkumi reka bentuk, pembinaan, ujian dan pendokumentasian pemasangan sistem perlindungan kilat untuk bangunan komersial bagi memenuhi keperluan Diploma Kemahiran Malaysia bidang Elektrik Kuasa.', '1. Merekabentuk sistem yang berfungsi mengikut spesifikasi teknikal.
2. Membina prototaip dengan komponen yang dipilih.
3. Menjalankan ujian prestasi dan keselamatan.
4. Mendokumentasikan laporan teknikal lengkap.', '[{"item":"Mikropengawal PLC Siemens S7-1200","qty":1,"estCost":3500},{"item":"Motor 3 Fasa 5.5kW","qty":1,"estCost":2800},{"item":"Kabel PVC 2.5mm² (50m)","qty":1,"estCost":250},{"item":"Suis MCB 32A","qty":2,"estCost":80}]', '2026-03-24T09:40:58.093Z', '2026-07-22T09:40:58.093Z', 'std-003', 'sup-005', 'inst-003', 'prog-001', 'COMPLETED', 0, NULL, '2026-03-31T09:40:58.093Z', '2026-07-02T09:40:58.093Z', 'usr-011', '2026-03-24T09:40:58.093Z', '2026-07-14T09:40:58.093Z');
INSERT INTO "Project" ("id", "title", "field", "scope", "objectives", "bomList", "scheduleStart", "scheduleEnd", "studentId", "supervisorId", "institutionId", "programId", "status", "similarityScore", "rejectionReason", "approvedAt", "completedAt", "createdById", "createdAt", "updatedAt") VALUES ('prj-004', 'Sistem Kawalan Lampu Jalan Berasaskan IoT', 'Elektrik Kuasa', 'Skop projek ini merangkumi reka bentuk, pembinaan, ujian dan pendokumentasian sistem kawalan lampu jalan berasaskan iot bagi memenuhi keperluan Diploma Kemahiran Malaysia bidang Elektrik Kuasa.', '1. Merekabentuk sistem yang berfungsi mengikut spesifikasi teknikal.
2. Membina prototaip dengan komponen yang dipilih.
3. Menjalankan ujian prestasi dan keselamatan.
4. Mendokumentasikan laporan teknikal lengkap.', '[{"item":"Mikropengawal PLC Siemens S7-1200","qty":1,"estCost":3500},{"item":"Motor 3 Fasa 5.5kW","qty":1,"estCost":2800},{"item":"Kabel PVC 2.5mm² (50m)","qty":1,"estCost":250},{"item":"Suis MCB 32A","qty":2,"estCost":80}]', '2026-03-28T09:40:58.097Z', '2026-07-26T09:40:58.097Z', 'std-004', 'sup-008', 'inst-004', 'prog-002', 'COMPLETED', 0, NULL, '2026-04-04T09:40:58.097Z', '2026-07-06T09:40:58.097Z', 'usr-012', '2026-03-28T09:40:58.097Z', '2026-07-14T09:40:58.097Z');
INSERT INTO "Project" ("id", "title", "field", "scope", "objectives", "bomList", "scheduleStart", "scheduleEnd", "studentId", "supervisorId", "institutionId", "programId", "status", "similarityScore", "rejectionReason", "approvedAt", "completedAt", "createdById", "createdAt", "updatedAt") VALUES ('prj-005', 'Reka Bentuk Panel Kawalan Motor untuk Sistem Konveyor', 'Elektrik Kuasa', 'Skop projek ini merangkumi reka bentuk, pembinaan, ujian dan pendokumentasian reka bentuk panel kawalan motor untuk sistem konveyor bagi memenuhi keperluan Diploma Kemahiran Malaysia bidang Elektrik Kuasa.', '1. Merekabentuk sistem yang berfungsi mengikut spesifikasi teknikal.
2. Membina prototaip dengan komponen yang dipilih.
3. Menjalankan ujian prestasi dan keselamatan.
4. Mendokumentasikan laporan teknikal lengkap.', '[{"item":"Mikropengawal PLC Siemens S7-1200","qty":1,"estCost":3500},{"item":"Motor 3 Fasa 5.5kW","qty":1,"estCost":2800},{"item":"Kabel PVC 2.5mm² (50m)","qty":1,"estCost":250},{"item":"Suis MCB 32A","qty":2,"estCost":80}]', '2026-04-01T09:40:58.099Z', '2026-07-30T09:40:58.099Z', 'std-005', 'sup-002', 'inst-005', 'prog-001', 'COMPLETED', 0, NULL, '2026-04-08T09:40:58.099Z', '2026-07-10T09:40:58.099Z', 'usr-013', '2026-04-01T09:40:58.099Z', '2026-07-14T09:40:58.099Z');
INSERT INTO "Project" ("id", "title", "field", "scope", "objectives", "bomList", "scheduleStart", "scheduleEnd", "studentId", "supervisorId", "institutionId", "programId", "status", "similarityScore", "rejectionReason", "approvedAt", "completedAt", "createdById", "createdAt", "updatedAt") VALUES ('prj-006', 'Integrasi Sistem Solar Fotovoltaik dengan Grid TNB', 'Elektrik Kuasa', 'Skop projek ini merangkumi reka bentuk, pembinaan, ujian dan pendokumentasian integrasi sistem solar fotovoltaik dengan grid tnb bagi memenuhi keperluan Diploma Kemahiran Malaysia bidang Elektrik Kuasa.', '1. Merekabentuk sistem yang berfungsi mengikut spesifikasi teknikal.
2. Membina prototaip dengan komponen yang dipilih.
3. Menjalankan ujian prestasi dan keselamatan.
4. Mendokumentasikan laporan teknikal lengkap.', '[{"item":"Mikropengawal PLC Siemens S7-1200","qty":1,"estCost":3500},{"item":"Motor 3 Fasa 5.5kW","qty":1,"estCost":2800},{"item":"Kabel PVC 2.5mm² (50m)","qty":1,"estCost":250},{"item":"Suis MCB 32A","qty":2,"estCost":80}]', '2026-04-05T09:40:58.101Z', '2026-08-03T09:40:58.101Z', 'std-006', 'sup-001', 'inst-001', 'prog-002', 'COMPLETED', 0, NULL, '2026-04-12T09:40:58.101Z', '2026-07-14T09:40:58.101Z', 'usr-014', '2026-04-05T09:40:58.101Z', '2026-07-14T09:40:58.101Z');
INSERT INTO "Project" ("id", "title", "field", "scope", "objectives", "bomList", "scheduleStart", "scheduleEnd", "studentId", "supervisorId", "institutionId", "programId", "status", "similarityScore", "rejectionReason", "approvedAt", "completedAt", "createdById", "createdAt", "updatedAt") VALUES ('prj-007', 'Sistem Pemantauan Beban Elektrik Berasaskan Mikropengawal', 'Elektrik Kuasa', 'Skop projek ini merangkumi reka bentuk, pembinaan, ujian dan pendokumentasian sistem pemantauan beban elektrik berasaskan mikropengawal bagi memenuhi keperluan Diploma Kemahiran Malaysia bidang Elektrik Kuasa.', '1. Merekabentuk sistem yang berfungsi mengikut spesifikasi teknikal.
2. Membina prototaip dengan komponen yang dipilih.
3. Menjalankan ujian prestasi dan keselamatan.
4. Mendokumentasikan laporan teknikal lengkap.', '[{"item":"Mikropengawal PLC Siemens S7-1200","qty":1,"estCost":3500},{"item":"Motor 3 Fasa 5.5kW","qty":1,"estCost":2800},{"item":"Kabel PVC 2.5mm² (50m)","qty":1,"estCost":250},{"item":"Suis MCB 32A","qty":2,"estCost":80}]', '2026-04-09T09:40:58.102Z', '2026-08-07T09:40:58.102Z', 'std-007', 'sup-004', 'inst-002', 'prog-001', 'COMPLETED', 0, NULL, '2026-04-16T09:40:58.102Z', '2026-07-18T09:40:58.102Z', 'usr-015', '2026-04-09T09:40:58.102Z', '2026-07-14T09:40:58.102Z');
INSERT INTO "Project" ("id", "title", "field", "scope", "objectives", "bomList", "scheduleStart", "scheduleEnd", "studentId", "supervisorId", "institutionId", "programId", "status", "similarityScore", "rejectionReason", "approvedAt", "completedAt", "createdById", "createdAt", "updatedAt") VALUES ('prj-008', 'Pemasangan Sistem UPS untuk Makmal Elektrik', 'Elektrik Kuasa', 'Skop projek ini merangkumi reka bentuk, pembinaan, ujian dan pendokumentasian pemasangan sistem ups untuk makmal elektrik bagi memenuhi keperluan Diploma Kemahiran Malaysia bidang Elektrik Kuasa.', '1. Merekabentuk sistem yang berfungsi mengikut spesifikasi teknikal.
2. Membina prototaip dengan komponen yang dipilih.
3. Menjalankan ujian prestasi dan keselamatan.
4. Mendokumentasikan laporan teknikal lengkap.', '[{"item":"Mikropengawal PLC Siemens S7-1200","qty":1,"estCost":3500},{"item":"Motor 3 Fasa 5.5kW","qty":1,"estCost":2800},{"item":"Kabel PVC 2.5mm² (50m)","qty":1,"estCost":250},{"item":"Suis MCB 32A","qty":2,"estCost":80}]', '2026-04-13T09:40:58.105Z', '2026-08-11T09:40:58.105Z', 'std-008', 'sup-006', 'inst-003', 'prog-002', 'COMPLETED', 0, NULL, '2026-04-20T09:40:58.105Z', '2026-07-22T09:40:58.105Z', 'usr-016', '2026-04-13T09:40:58.105Z', '2026-07-14T09:40:58.105Z');
INSERT INTO "Project" ("id", "title", "field", "scope", "objectives", "bomList", "scheduleStart", "scheduleEnd", "studentId", "supervisorId", "institutionId", "programId", "status", "similarityScore", "rejectionReason", "approvedAt", "completedAt", "createdById", "createdAt", "updatedAt") VALUES ('prj-009', 'Sistem Automasi Rumah menggunakan Arduino dan Relay', 'Elektrik Kuasa', 'Skop projek ini merangkumi reka bentuk, pembinaan, ujian dan pendokumentasian sistem automasi rumah menggunakan arduino dan relay bagi memenuhi keperluan Diploma Kemahiran Malaysia bidang Elektrik Kuasa.', '1. Merekabentuk sistem yang berfungsi mengikut spesifikasi teknikal.
2. Membina prototaip dengan komponen yang dipilih.
3. Menjalankan ujian prestasi dan keselamatan.
4. Mendokumentasikan laporan teknikal lengkap.', '[{"item":"Mikropengawal PLC Siemens S7-1200","qty":1,"estCost":3500},{"item":"Motor 3 Fasa 5.5kW","qty":1,"estCost":2800},{"item":"Kabel PVC 2.5mm² (50m)","qty":1,"estCost":250},{"item":"Suis MCB 32A","qty":2,"estCost":80}]', '2026-04-17T09:40:58.107Z', '2026-08-15T09:40:58.107Z', 'std-009', 'sup-007', 'inst-004', 'prog-001', 'APPROVED', 0, NULL, '2026-04-24T09:40:58.107Z', NULL, 'usr-017', '2026-04-17T09:40:58.107Z', '2026-07-14T09:40:58.107Z');
INSERT INTO "Project" ("id", "title", "field", "scope", "objectives", "bomList", "scheduleStart", "scheduleEnd", "studentId", "supervisorId", "institutionId", "programId", "status", "similarityScore", "rejectionReason", "approvedAt", "completedAt", "createdById", "createdAt", "updatedAt") VALUES ('prj-010', 'Reka Bentuk Sistem Pembumian untuk Substesen 11kV', 'Elektrik Kuasa', 'Skop projek ini merangkumi reka bentuk, pembinaan, ujian dan pendokumentasian reka bentuk sistem pembumian untuk substesen 11kv bagi memenuhi keperluan Diploma Kemahiran Malaysia bidang Elektrik Kuasa.', '1. Merekabentuk sistem yang berfungsi mengikut spesifikasi teknikal.
2. Membina prototaip dengan komponen yang dipilih.
3. Menjalankan ujian prestasi dan keselamatan.
4. Mendokumentasikan laporan teknikal lengkap.', '[{"item":"Mikropengawal PLC Siemens S7-1200","qty":1,"estCost":3500},{"item":"Motor 3 Fasa 5.5kW","qty":1,"estCost":2800},{"item":"Kabel PVC 2.5mm² (50m)","qty":1,"estCost":250},{"item":"Suis MCB 32A","qty":2,"estCost":80}]', '2026-04-21T09:40:58.109Z', '2026-08-19T09:40:58.109Z', 'std-010', 'sup-001', 'inst-005', 'prog-002', 'APPROVED', 0, NULL, '2026-04-28T09:40:58.109Z', NULL, 'usr-018', '2026-04-21T09:40:58.109Z', '2026-07-14T09:40:58.109Z');
INSERT INTO "Project" ("id", "title", "field", "scope", "objectives", "bomList", "scheduleStart", "scheduleEnd", "studentId", "supervisorId", "institutionId", "programId", "status", "similarityScore", "rejectionReason", "approvedAt", "completedAt", "createdById", "createdAt", "updatedAt") VALUES ('prj-011', 'Sistem Pengurusan Tenaga untuk Bangunan Pejabat', 'Elektrik Kuasa', 'Skop projek ini merangkumi reka bentuk, pembinaan, ujian dan pendokumentasian sistem pengurusan tenaga untuk bangunan pejabat bagi memenuhi keperluan Diploma Kemahiran Malaysia bidang Elektrik Kuasa.', '1. Merekabentuk sistem yang berfungsi mengikut spesifikasi teknikal.
2. Membina prototaip dengan komponen yang dipilih.
3. Menjalankan ujian prestasi dan keselamatan.
4. Mendokumentasikan laporan teknikal lengkap.', '[{"item":"Mikropengawal PLC Siemens S7-1200","qty":1,"estCost":3500},{"item":"Motor 3 Fasa 5.5kW","qty":1,"estCost":2800},{"item":"Kabel PVC 2.5mm² (50m)","qty":1,"estCost":250},{"item":"Suis MCB 32A","qty":2,"estCost":80}]', '2026-04-25T09:40:58.111Z', '2026-08-23T09:40:58.111Z', 'std-011', 'sup-002', 'inst-001', 'prog-001', 'APPROVED', 0, NULL, '2026-05-02T09:40:58.111Z', NULL, 'usr-019', '2026-04-25T09:40:58.111Z', '2026-07-14T09:40:58.111Z');
INSERT INTO "Project" ("id", "title", "field", "scope", "objectives", "bomList", "scheduleStart", "scheduleEnd", "studentId", "supervisorId", "institutionId", "programId", "status", "similarityScore", "rejectionReason", "approvedAt", "completedAt", "createdById", "createdAt", "updatedAt") VALUES ('prj-012', 'Pemulihan dan Naik Taraf Panel Kawalan Motor DC', 'Elektrik Kuasa', 'Skop projek ini merangkumi reka bentuk, pembinaan, ujian dan pendokumentasian pemulihan dan naik taraf panel kawalan motor dc bagi memenuhi keperluan Diploma Kemahiran Malaysia bidang Elektrik Kuasa.', '1. Merekabentuk sistem yang berfungsi mengikut spesifikasi teknikal.
2. Membina prototaip dengan komponen yang dipilih.
3. Menjalankan ujian prestasi dan keselamatan.
4. Mendokumentasikan laporan teknikal lengkap.', '[{"item":"Mikropengawal PLC Siemens S7-1200","qty":1,"estCost":3500},{"item":"Motor 3 Fasa 5.5kW","qty":1,"estCost":2800},{"item":"Kabel PVC 2.5mm² (50m)","qty":1,"estCost":250},{"item":"Suis MCB 32A","qty":2,"estCost":80}]', '2026-04-29T09:40:58.114Z', '2026-08-27T09:40:58.114Z', 'std-012', 'sup-003', 'inst-002', 'prog-002', 'APPROVED', 0, NULL, '2026-05-06T09:40:58.114Z', NULL, 'usr-020', '2026-04-29T09:40:58.114Z', '2026-07-14T09:40:58.114Z');
INSERT INTO "Project" ("id", "title", "field", "scope", "objectives", "bomList", "scheduleStart", "scheduleEnd", "studentId", "supervisorId", "institutionId", "programId", "status", "similarityScore", "rejectionReason", "approvedAt", "completedAt", "createdById", "createdAt", "updatedAt") VALUES ('prj-013', 'Sistem Pencegahan Kebocoran Arus Menggunakan RCCB Pintar', 'Elektrik Kuasa', 'Skop projek ini merangkumi reka bentuk, pembinaan, ujian dan pendokumentasian sistem pencegahan kebocoran arus menggunakan rccb pintar bagi memenuhi keperluan Diploma Kemahiran Malaysia bidang Elektrik Kuasa.', '1. Merekabentuk sistem yang berfungsi mengikut spesifikasi teknikal.
2. Membina prototaip dengan komponen yang dipilih.
3. Menjalankan ujian prestasi dan keselamatan.
4. Mendokumentasikan laporan teknikal lengkap.', '[{"item":"Mikropengawal PLC Siemens S7-1200","qty":1,"estCost":3500},{"item":"Motor 3 Fasa 5.5kW","qty":1,"estCost":2800},{"item":"Kabel PVC 2.5mm² (50m)","qty":1,"estCost":250},{"item":"Suis MCB 32A","qty":2,"estCost":80}]', '2026-05-03T09:40:58.115Z', '2026-08-31T09:40:58.115Z', 'std-013', 'sup-005', 'inst-003', 'prog-001', 'APPROVED', 0, NULL, '2026-05-10T09:40:58.115Z', NULL, 'usr-021', '2026-05-03T09:40:58.115Z', '2026-07-14T09:40:58.115Z');
INSERT INTO "Project" ("id", "title", "field", "scope", "objectives", "bomList", "scheduleStart", "scheduleEnd", "studentId", "supervisorId", "institutionId", "programId", "status", "similarityScore", "rejectionReason", "approvedAt", "completedAt", "createdById", "createdAt", "updatedAt") VALUES ('prj-014', 'Reka Bentuk Sistem Penyejukan Bilik Sejuk Kapasiti Kecil', 'RAC', 'Skop projek ini merangkumi reka bentuk, pembinaan, ujian dan pendokumentasian reka bentuk sistem penyejukan bilik sejuk kapasiti kecil bagi memenuhi keperluan Diploma Kemahiran Malaysia bidang RAC.', '1. Merekabentuk sistem yang berfungsi mengikut spesifikasi teknikal.
2. Membina prototaip dengan komponen yang dipilih.
3. Menjalankan ujian prestasi dan keselamatan.
4. Mendokumentasikan laporan teknikal lengkap.', '[{"item":"Mikropengawal PLC Siemens S7-1200","qty":1,"estCost":3500},{"item":"Motor 3 Fasa 5.5kW","qty":1,"estCost":2800},{"item":"Kabel PVC 2.5mm² (50m)","qty":1,"estCost":250},{"item":"Suis MCB 32A","qty":2,"estCost":80}]', '2026-05-07T09:40:58.117Z', '2026-09-04T09:40:58.117Z', 'std-014', 'sup-008', 'inst-004', 'prog-002', 'UNDER_REVIEW', 33.7, NULL, NULL, NULL, 'usr-022', '2026-05-07T09:40:58.117Z', '2026-07-14T09:40:58.117Z');
INSERT INTO "Project" ("id", "title", "field", "scope", "objectives", "bomList", "scheduleStart", "scheduleEnd", "studentId", "supervisorId", "institutionId", "programId", "status", "similarityScore", "rejectionReason", "approvedAt", "completedAt", "createdById", "createdAt", "updatedAt") VALUES ('prj-015', 'Pemasangan Sistem Penyamanan Udara Pusat untuk Pejabat', 'RAC', 'Skop projek ini merangkumi reka bentuk, pembinaan, ujian dan pendokumentasian pemasangan sistem penyamanan udara pusat untuk pejabat bagi memenuhi keperluan Diploma Kemahiran Malaysia bidang RAC.', '1. Merekabentuk sistem yang berfungsi mengikut spesifikasi teknikal.
2. Membina prototaip dengan komponen yang dipilih.
3. Menjalankan ujian prestasi dan keselamatan.
4. Mendokumentasikan laporan teknikal lengkap.', '[{"item":"Mikropengawal PLC Siemens S7-1200","qty":1,"estCost":3500},{"item":"Motor 3 Fasa 5.5kW","qty":1,"estCost":2800},{"item":"Kabel PVC 2.5mm² (50m)","qty":1,"estCost":250},{"item":"Suis MCB 32A","qty":2,"estCost":80}]', '2026-05-11T09:40:58.119Z', '2026-09-08T09:40:58.119Z', 'std-015', 'sup-002', 'inst-005', 'prog-001', 'UNDER_REVIEW', 33.2, NULL, NULL, NULL, 'usr-023', '2026-05-11T09:40:58.119Z', '2026-07-14T09:40:58.119Z');
INSERT INTO "Project" ("id", "title", "field", "scope", "objectives", "bomList", "scheduleStart", "scheduleEnd", "studentId", "supervisorId", "institutionId", "programId", "status", "similarityScore", "rejectionReason", "approvedAt", "completedAt", "createdById", "createdAt", "updatedAt") VALUES ('prj-016', 'Sistem Pemantauan Suhu dan Kelembapan Bilik Server', 'RAC', 'Skop projek ini merangkumi reka bentuk, pembinaan, ujian dan pendokumentasian sistem pemantauan suhu dan kelembapan bilik server bagi memenuhi keperluan Diploma Kemahiran Malaysia bidang RAC.', '1. Merekabentuk sistem yang berfungsi mengikut spesifikasi teknikal.
2. Membina prototaip dengan komponen yang dipilih.
3. Menjalankan ujian prestasi dan keselamatan.
4. Mendokumentasikan laporan teknikal lengkap.', '[{"item":"Mikropengawal PLC Siemens S7-1200","qty":1,"estCost":3500},{"item":"Motor 3 Fasa 5.5kW","qty":1,"estCost":2800},{"item":"Kabel PVC 2.5mm² (50m)","qty":1,"estCost":250},{"item":"Suis MCB 32A","qty":2,"estCost":80}]', '2026-05-15T09:40:58.120Z', '2026-09-12T09:40:58.120Z', 'std-016', 'sup-001', 'inst-001', 'prog-002', 'UNDER_REVIEW', 17.6, NULL, NULL, NULL, 'usr-024', '2026-05-15T09:40:58.120Z', '2026-07-14T09:40:58.120Z');
INSERT INTO "Project" ("id", "title", "field", "scope", "objectives", "bomList", "scheduleStart", "scheduleEnd", "studentId", "supervisorId", "institutionId", "programId", "status", "similarityScore", "rejectionReason", "approvedAt", "completedAt", "createdById", "createdAt", "updatedAt") VALUES ('prj-017', 'Pengoptimuman Sistem Penyejukbekuan Komersial menggunakan Pendingin Semula', 'RAC', 'Skop projek ini merangkumi reka bentuk, pembinaan, ujian dan pendokumentasian pengoptimuman sistem penyejukbekuan komersial menggunakan pendingin semula bagi memenuhi keperluan Diploma Kemahiran Malaysia bidang RAC.', '1. Merekabentuk sistem yang berfungsi mengikut spesifikasi teknikal.
2. Membina prototaip dengan komponen yang dipilih.
3. Menjalankan ujian prestasi dan keselamatan.
4. Mendokumentasikan laporan teknikal lengkap.', '[{"item":"Mikropengawal PLC Siemens S7-1200","qty":1,"estCost":3500},{"item":"Motor 3 Fasa 5.5kW","qty":1,"estCost":2800},{"item":"Kabel PVC 2.5mm² (50m)","qty":1,"estCost":250},{"item":"Suis MCB 32A","qty":2,"estCost":80}]', '2026-05-19T09:40:58.122Z', '2026-09-16T09:40:58.122Z', 'std-017', 'sup-004', 'inst-002', 'prog-001', 'UNDER_REVIEW', 30.86, NULL, NULL, NULL, 'usr-025', '2026-05-19T09:40:58.122Z', '2026-07-14T09:40:58.122Z');
INSERT INTO "Project" ("id", "title", "field", "scope", "objectives", "bomList", "scheduleStart", "scheduleEnd", "studentId", "supervisorId", "institutionId", "programId", "status", "similarityScore", "rejectionReason", "approvedAt", "completedAt", "createdById", "createdAt", "updatedAt") VALUES ('prj-018', 'Penjimatan Tenaga pada Sistem Chiller dengan Inverter', 'RAC', 'Skop projek ini merangkumi reka bentuk, pembinaan, ujian dan pendokumentasian penjimatan tenaga pada sistem chiller dengan inverter bagi memenuhi keperluan Diploma Kemahiran Malaysia bidang RAC.', '1. Merekabentuk sistem yang berfungsi mengikut spesifikasi teknikal.
2. Membina prototaip dengan komponen yang dipilih.
3. Menjalankan ujian prestasi dan keselamatan.
4. Mendokumentasikan laporan teknikal lengkap.', '[{"item":"Mikropengawal PLC Siemens S7-1200","qty":1,"estCost":3500},{"item":"Motor 3 Fasa 5.5kW","qty":1,"estCost":2800},{"item":"Kabel PVC 2.5mm² (50m)","qty":1,"estCost":250},{"item":"Suis MCB 32A","qty":2,"estCost":80}]', '2026-05-23T09:40:58.124Z', '2026-09-20T09:40:58.124Z', 'std-018', 'sup-006', 'inst-003', 'prog-002', 'SUBMITTED', 12.06, NULL, NULL, NULL, 'usr-026', '2026-05-23T09:40:58.124Z', '2026-07-14T09:40:58.124Z');
INSERT INTO "Project" ("id", "title", "field", "scope", "objectives", "bomList", "scheduleStart", "scheduleEnd", "studentId", "supervisorId", "institutionId", "programId", "status", "similarityScore", "rejectionReason", "approvedAt", "completedAt", "createdById", "createdAt", "updatedAt") VALUES ('prj-019', 'Sistem Pengesan Kebocoran Refrigeran R-410A', 'RAC', 'Skop projek ini merangkumi reka bentuk, pembinaan, ujian dan pendokumentasian sistem pengesan kebocoran refrigeran r-410a bagi memenuhi keperluan Diploma Kemahiran Malaysia bidang RAC.', '1. Merekabentuk sistem yang berfungsi mengikut spesifikasi teknikal.
2. Membina prototaip dengan komponen yang dipilih.
3. Menjalankan ujian prestasi dan keselamatan.
4. Mendokumentasikan laporan teknikal lengkap.', '[{"item":"Mikropengawal PLC Siemens S7-1200","qty":1,"estCost":3500},{"item":"Motor 3 Fasa 5.5kW","qty":1,"estCost":2800},{"item":"Kabel PVC 2.5mm² (50m)","qty":1,"estCost":250},{"item":"Suis MCB 32A","qty":2,"estCost":80}]', '2026-05-27T09:40:58.125Z', '2026-09-24T09:40:58.125Z', 'std-019', 'sup-007', 'inst-004', 'prog-001', 'SUBMITTED', 10.42, NULL, NULL, NULL, 'usr-027', '2026-05-27T09:40:58.125Z', '2026-07-14T09:40:58.125Z');
INSERT INTO "Project" ("id", "title", "field", "scope", "objectives", "bomList", "scheduleStart", "scheduleEnd", "studentId", "supervisorId", "institutionId", "programId", "status", "similarityScore", "rejectionReason", "approvedAt", "completedAt", "createdById", "createdAt", "updatedAt") VALUES ('prj-020', 'Reka Bentuk Unit Display Pendingin untuk Kedai Runcit', 'RAC', 'Skop projek ini merangkumi reka bentuk, pembinaan, ujian dan pendokumentasian reka bentuk unit display pendingin untuk kedai runcit bagi memenuhi keperluan Diploma Kemahiran Malaysia bidang RAC.', '1. Merekabentuk sistem yang berfungsi mengikut spesifikasi teknikal.
2. Membina prototaip dengan komponen yang dipilih.
3. Menjalankan ujian prestasi dan keselamatan.
4. Mendokumentasikan laporan teknikal lengkap.', '[{"item":"Mikropengawal PLC Siemens S7-1200","qty":1,"estCost":3500},{"item":"Motor 3 Fasa 5.5kW","qty":1,"estCost":2800},{"item":"Kabel PVC 2.5mm² (50m)","qty":1,"estCost":250},{"item":"Suis MCB 32A","qty":2,"estCost":80}]', '2026-05-31T09:40:58.127Z', '2026-09-28T09:40:58.127Z', 'std-020', 'sup-001', 'inst-005', 'prog-002', 'SUBMITTED', 33.31, NULL, NULL, NULL, 'usr-028', '2026-05-31T09:40:58.127Z', '2026-07-14T09:40:58.127Z');
INSERT INTO "Project" ("id", "title", "field", "scope", "objectives", "bomList", "scheduleStart", "scheduleEnd", "studentId", "supervisorId", "institutionId", "programId", "status", "similarityScore", "rejectionReason", "approvedAt", "completedAt", "createdById", "createdAt", "updatedAt") VALUES ('prj-021', 'Sistem Kawalan Suhu Automatik untuk Rumah Hijau', 'RAC', 'Skop projek ini merangkumi reka bentuk, pembinaan, ujian dan pendokumentasian sistem kawalan suhu automatik untuk rumah hijau bagi memenuhi keperluan Diploma Kemahiran Malaysia bidang RAC.', '1. Merekabentuk sistem yang berfungsi mengikut spesifikasi teknikal.
2. Membina prototaip dengan komponen yang dipilih.
3. Menjalankan ujian prestasi dan keselamatan.
4. Mendokumentasikan laporan teknikal lengkap.', '[{"item":"Mikropengawal PLC Siemens S7-1200","qty":1,"estCost":3500},{"item":"Motor 3 Fasa 5.5kW","qty":1,"estCost":2800},{"item":"Kabel PVC 2.5mm² (50m)","qty":1,"estCost":250},{"item":"Suis MCB 32A","qty":2,"estCost":80}]', '2026-06-04T09:40:58.129Z', '2026-10-02T09:40:58.129Z', 'std-021', 'sup-002', 'inst-001', 'prog-001', 'SUBMITTED', 12.42, NULL, NULL, NULL, 'usr-029', '2026-06-04T09:40:58.129Z', '2026-07-14T09:40:58.129Z');
INSERT INTO "Project" ("id", "title", "field", "scope", "objectives", "bomList", "scheduleStart", "scheduleEnd", "studentId", "supervisorId", "institutionId", "programId", "status", "similarityScore", "rejectionReason", "approvedAt", "completedAt", "createdById", "createdAt", "updatedAt") VALUES ('prj-022', 'Penyelesaian Penyejukan Hibrid Solar-Powered untuk Kawasan Luar Bandar', 'RAC', 'Skop projek ini merangkumi reka bentuk, pembinaan, ujian dan pendokumentasian penyelesaian penyejukan hibrid solar-powered untuk kawasan luar bandar bagi memenuhi keperluan Diploma Kemahiran Malaysia bidang RAC.', '1. Merekabentuk sistem yang berfungsi mengikut spesifikasi teknikal.
2. Membina prototaip dengan komponen yang dipilih.
3. Menjalankan ujian prestasi dan keselamatan.
4. Mendokumentasikan laporan teknikal lengkap.', '[{"item":"Mikropengawal PLC Siemens S7-1200","qty":1,"estCost":3500},{"item":"Motor 3 Fasa 5.5kW","qty":1,"estCost":2800},{"item":"Kabel PVC 2.5mm² (50m)","qty":1,"estCost":250},{"item":"Suis MCB 32A","qty":2,"estCost":80}]', '2026-06-08T09:40:58.131Z', '2026-10-06T09:40:58.131Z', 'std-022', 'sup-003', 'inst-002', 'prog-002', 'REJECTED', 0, 'Skop projek terlalu luas dan perlu ditumpukan kepada satu aspek teknikal yang lebih spesifik.', NULL, NULL, 'usr-030', '2026-06-08T09:40:58.131Z', '2026-07-14T09:40:58.131Z');
INSERT INTO "Project" ("id", "title", "field", "scope", "objectives", "bomList", "scheduleStart", "scheduleEnd", "studentId", "supervisorId", "institutionId", "programId", "status", "similarityScore", "rejectionReason", "approvedAt", "completedAt", "createdById", "createdAt", "updatedAt") VALUES ('prj-023', 'Naik Taraf Sistem Penyamanan Udara dengan Teknologi Pemulihan Habuk', 'RAC', 'Skop projek ini merangkumi reka bentuk, pembinaan, ujian dan pendokumentasian naik taraf sistem penyamanan udara dengan teknologi pemulihan habuk bagi memenuhi keperluan Diploma Kemahiran Malaysia bidang RAC.', '1. Merekabentuk sistem yang berfungsi mengikut spesifikasi teknikal.
2. Membina prototaip dengan komponen yang dipilih.
3. Menjalankan ujian prestasi dan keselamatan.
4. Mendokumentasikan laporan teknikal lengkap.', '[{"item":"Mikropengawal PLC Siemens S7-1200","qty":1,"estCost":3500},{"item":"Motor 3 Fasa 5.5kW","qty":1,"estCost":2800},{"item":"Kabel PVC 2.5mm² (50m)","qty":1,"estCost":250},{"item":"Suis MCB 32A","qty":2,"estCost":80}]', '2026-06-12T09:40:58.132Z', '2026-10-10T09:40:58.132Z', 'std-023', 'sup-005', 'inst-003', 'prog-001', 'REJECTED', 0, 'Skop projek terlalu luas dan perlu ditumpukan kepada satu aspek teknikal yang lebih spesifik.', NULL, NULL, 'usr-031', '2026-06-12T09:40:58.132Z', '2026-07-14T09:40:58.132Z');
INSERT INTO "Project" ("id", "title", "field", "scope", "objectives", "bomList", "scheduleStart", "scheduleEnd", "studentId", "supervisorId", "institutionId", "programId", "status", "similarityScore", "rejectionReason", "approvedAt", "completedAt", "createdById", "createdAt", "updatedAt") VALUES ('prj-024', 'Sistem Penyejukbekuan untuk Penyimpanan Vaksin Berkapasiti Sederhana', 'RAC', 'Skop projek ini merangkumi reka bentuk, pembinaan, ujian dan pendokumentasian sistem penyejukbekuan untuk penyimpanan vaksin berkapasiti sederhana bagi memenuhi keperluan Diploma Kemahiran Malaysia bidang RAC.', '1. Merekabentuk sistem yang berfungsi mengikut spesifikasi teknikal.
2. Membina prototaip dengan komponen yang dipilih.
3. Menjalankan ujian prestasi dan keselamatan.
4. Mendokumentasikan laporan teknikal lengkap.', '[{"item":"Mikropengawal PLC Siemens S7-1200","qty":1,"estCost":3500},{"item":"Motor 3 Fasa 5.5kW","qty":1,"estCost":2800},{"item":"Kabel PVC 2.5mm² (50m)","qty":1,"estCost":250},{"item":"Suis MCB 32A","qty":2,"estCost":80}]', '2026-06-16T09:40:58.134Z', '2026-10-14T09:40:58.134Z', 'std-024', 'sup-008', 'inst-004', 'prog-002', 'DRAFT', 0, NULL, NULL, NULL, 'usr-032', '2026-06-16T09:40:58.134Z', '2026-07-14T09:40:58.134Z');
INSERT INTO "Project" ("id", "title", "field", "scope", "objectives", "bomList", "scheduleStart", "scheduleEnd", "studentId", "supervisorId", "institutionId", "programId", "status", "similarityScore", "rejectionReason", "approvedAt", "completedAt", "createdById", "createdAt", "updatedAt") VALUES ('prj-025', 'Pengimejan Terma untuk Pengesanan Kecacatan Sistem RAC', 'RAC', 'Skop projek ini merangkumi reka bentuk, pembinaan, ujian dan pendokumentasian pengimejan terma untuk pengesanan kecacatan sistem rac bagi memenuhi keperluan Diploma Kemahiran Malaysia bidang RAC.', '1. Merekabentuk sistem yang berfungsi mengikut spesifikasi teknikal.
2. Membina prototaip dengan komponen yang dipilih.
3. Menjalankan ujian prestasi dan keselamatan.
4. Mendokumentasikan laporan teknikal lengkap.', '[{"item":"Mikropengawal PLC Siemens S7-1200","qty":1,"estCost":3500},{"item":"Motor 3 Fasa 5.5kW","qty":1,"estCost":2800},{"item":"Kabel PVC 2.5mm² (50m)","qty":1,"estCost":250},{"item":"Suis MCB 32A","qty":2,"estCost":80}]', '2026-06-20T09:40:58.137Z', '2026-10-18T09:40:58.137Z', 'std-025', 'sup-002', 'inst-005', 'prog-001', 'DRAFT', 0, NULL, NULL, NULL, 'usr-033', '2026-06-20T09:40:58.137Z', '2026-07-14T09:40:58.137Z');

-- ProjectMember: no data

-- LogbookEntry (126 rows)
DELETE FROM "LogbookEntry";
INSERT INTO "LogbookEntry" ("id", "projectId", "studentId", "weekNumber", "entryDate", "tasksDone", "hoursWorked", "issuesFaced", "attachments", "status", "signedOffAt", "signedOffById", "supervisorComment", "createdAt", "updatedAt") VALUES ('cmrkh8hku0011q4wlzddw1f1p', 'prj-001', 'usr-009', 7, '2026-07-14T09:56:46.207Z', 'Ujian smoke test API', 5, 'tiada', NULL, 'PENDING', NULL, NULL, NULL, '2026-07-14T09:56:46.207Z', '2026-07-14T09:56:46.207Z');
INSERT INTO "LogbookEntry" ("id", "projectId", "studentId", "weekNumber", "entryDate", "tasksDone", "hoursWorked", "issuesFaced", "attachments", "status", "signedOffAt", "signedOffById", "supervisorComment", "createdAt", "updatedAt") VALUES ('cmrkh9ccu002bq4wlq7ls76pw', 'prj-001', 'usr-009', 11, '2026-07-14T09:57:26.094Z', 'Smoke test minggu 11', 7, NULL, NULL, 'SIGNED_OFF', '2026-07-14T09:57:26.166Z', 'usr-002', 'Smoke signoff', '2026-07-14T09:57:26.094Z', '2026-07-14T09:57:26.167Z');
INSERT INTO "LogbookEntry" ("id", "projectId", "studentId", "weekNumber", "entryDate", "tasksDone", "hoursWorked", "issuesFaced", "attachments", "status", "signedOffAt", "signedOffById", "supervisorComment", "createdAt", "updatedAt") VALUES ('log-001', 'prj-001', 'usr-009', 1, '2026-06-09T09:40:58.140Z', 'Menyediakan kajian literatur dan tinjauan teknologi sedia ada', 7, 'Tiada isu utama, kerja berjalan lancar.', NULL, 'SIGNED_OFF', '2026-06-10T09:40:58.140Z', 'sup-002', 'Kemajuan baik, teruskan usaha yang cemerlang.', '2026-06-09T09:40:58.140Z', '2026-07-14T09:40:58.140Z');
INSERT INTO "LogbookEntry" ("id", "projectId", "studentId", "weekNumber", "entryDate", "tasksDone", "hoursWorked", "issuesFaced", "attachments", "status", "signedOffAt", "signedOffById", "supervisorComment", "createdAt", "updatedAt") VALUES ('log-002', 'prj-001', 'usr-009', 2, '2026-06-16T09:40:58.141Z', 'Merekabentuk litar skematik dan gambarajah blok sistem', 8, 'Bekalan komponen sedikit lewat, perlu menunggu 3 hari.', NULL, 'SIGNED_OFF', '2026-06-17T09:40:58.141Z', 'sup-002', 'Kemajuan baik, teruskan usaha yang cemerlang.', '2026-06-16T09:40:58.141Z', '2026-07-14T09:40:58.141Z');
INSERT INTO "LogbookEntry" ("id", "projectId", "studentId", "weekNumber", "entryDate", "tasksDone", "hoursWorked", "issuesFaced", "attachments", "status", "signedOffAt", "signedOffById", "supervisorComment", "createdAt", "updatedAt") VALUES ('log-003', 'prj-001', 'usr-009', 3, '2026-06-23T09:40:58.141Z', 'Membeli komponen dan peralatan projek dari pembekal', 9, 'Berlaku percanggahan spesifikasi motor dengan pengawal; ditukar model.', NULL, 'SIGNED_OFF', '2026-06-24T09:40:58.141Z', 'sup-002', 'Kemajuan baik, teruskan usaha yang cemerlang.', '2026-06-23T09:40:58.141Z', '2026-07-14T09:40:58.142Z');
INSERT INTO "LogbookEntry" ("id", "projectId", "studentId", "weekNumber", "entryDate", "tasksDone", "hoursWorked", "issuesFaced", "attachments", "status", "signedOffAt", "signedOffById", "supervisorComment", "createdAt", "updatedAt") VALUES ('log-004', 'prj-001', 'usr-009', 4, '2026-06-30T09:40:58.142Z', 'Membina prototaip dan membuat pendawaian pada papan projek', 6, 'Isu pemanasan berlebihan pada transistor kawalan; ditambah heatsink.', '["logbook-photo-1.jpg","logbook-photo-2.jpg"]', 'SIGNED_OFF', '2026-07-01T09:40:58.142Z', 'sup-002', 'Kemajuan baik, teruskan usaha yang cemerlang.', '2026-06-30T09:40:58.142Z', '2026-07-14T09:40:58.143Z');
INSERT INTO "LogbookEntry" ("id", "projectId", "studentId", "weekNumber", "entryDate", "tasksDone", "hoursWorked", "issuesFaced", "attachments", "status", "signedOffAt", "signedOffById", "supervisorComment", "createdAt", "updatedAt") VALUES ('log-005', 'prj-001', 'usr-009', 5, '2026-07-07T09:40:58.144Z', 'Menjalankan ujian fungsi asas dan penyelesaian masalah (troubleshooting)', 7, 'Kesukaran mendapatkan refrigeran R-410A; diasingkan sementara.', NULL, 'SIGNED_OFF', '2026-07-08T09:40:58.144Z', 'sup-002', 'Kemajuan baik, teruskan usaha yang cemerlang.', '2026-07-07T09:40:58.144Z', '2026-07-14T09:40:58.145Z');
INSERT INTO "LogbookEntry" ("id", "projectId", "studentId", "weekNumber", "entryDate", "tasksDone", "hoursWorked", "issuesFaced", "attachments", "status", "signedOffAt", "signedOffById", "supervisorComment", "createdAt", "updatedAt") VALUES ('log-006', 'prj-001', 'usr-009', 6, '2026-07-14T09:40:58.145Z', 'Merekod data ujian dan menyediakan laporan teknikal akhir', 8, 'Litar kawalan perlu dibaiki selepas ujian voltan tinggi.', NULL, 'SIGNED_OFF', '2026-07-15T09:40:58.145Z', 'sup-002', 'Kemajuan baik, teruskan usaha yang cemerlang.', '2026-07-14T09:40:58.145Z', '2026-07-14T09:40:58.148Z');
INSERT INTO "LogbookEntry" ("id", "projectId", "studentId", "weekNumber", "entryDate", "tasksDone", "hoursWorked", "issuesFaced", "attachments", "status", "signedOffAt", "signedOffById", "supervisorComment", "createdAt", "updatedAt") VALUES ('log-007', 'prj-002', 'usr-010', 1, '2026-06-09T09:40:58.149Z', 'Menyediakan kajian literatur dan tinjauan teknologi sedia ada', 7, 'Tiada isu utama, kerja berjalan lancar.', NULL, 'SIGNED_OFF', '2026-06-10T09:40:58.149Z', 'sup-003', 'Kemajuan baik, teruskan usaha yang cemerlang.', '2026-06-09T09:40:58.149Z', '2026-07-14T09:40:58.150Z');
INSERT INTO "LogbookEntry" ("id", "projectId", "studentId", "weekNumber", "entryDate", "tasksDone", "hoursWorked", "issuesFaced", "attachments", "status", "signedOffAt", "signedOffById", "supervisorComment", "createdAt", "updatedAt") VALUES ('log-008', 'prj-002', 'usr-010', 2, '2026-06-16T09:40:58.150Z', 'Merekabentuk litar skematik dan gambarajah blok sistem', 8, 'Bekalan komponen sedikit lewat, perlu menunggu 3 hari.', NULL, 'SIGNED_OFF', '2026-06-17T09:40:58.150Z', 'sup-003', 'Kemajuan baik, teruskan usaha yang cemerlang.', '2026-06-16T09:40:58.150Z', '2026-07-14T09:40:58.151Z');
INSERT INTO "LogbookEntry" ("id", "projectId", "studentId", "weekNumber", "entryDate", "tasksDone", "hoursWorked", "issuesFaced", "attachments", "status", "signedOffAt", "signedOffById", "supervisorComment", "createdAt", "updatedAt") VALUES ('log-009', 'prj-002', 'usr-010', 3, '2026-06-23T09:40:58.151Z', 'Membeli komponen dan peralatan projek dari pembekal', 9, 'Berlaku percanggahan spesifikasi motor dengan pengawal; ditukar model.', NULL, 'SIGNED_OFF', '2026-06-24T09:40:58.151Z', 'sup-003', 'Kemajuan baik, teruskan usaha yang cemerlang.', '2026-06-23T09:40:58.151Z', '2026-07-14T09:40:58.151Z');
INSERT INTO "LogbookEntry" ("id", "projectId", "studentId", "weekNumber", "entryDate", "tasksDone", "hoursWorked", "issuesFaced", "attachments", "status", "signedOffAt", "signedOffById", "supervisorComment", "createdAt", "updatedAt") VALUES ('log-010', 'prj-002', 'usr-010', 4, '2026-06-30T09:40:58.151Z', 'Membina prototaip dan membuat pendawaian pada papan projek', 6, 'Isu pemanasan berlebihan pada transistor kawalan; ditambah heatsink.', '["logbook-photo-1.jpg","logbook-photo-2.jpg"]', 'SIGNED_OFF', '2026-07-01T09:40:58.151Z', 'sup-003', 'Kemajuan baik, teruskan usaha yang cemerlang.', '2026-06-30T09:40:58.151Z', '2026-07-14T09:40:58.152Z');
INSERT INTO "LogbookEntry" ("id", "projectId", "studentId", "weekNumber", "entryDate", "tasksDone", "hoursWorked", "issuesFaced", "attachments", "status", "signedOffAt", "signedOffById", "supervisorComment", "createdAt", "updatedAt") VALUES ('log-011', 'prj-002', 'usr-010', 5, '2026-07-07T09:40:58.152Z', 'Menjalankan ujian fungsi asas dan penyelesaian masalah (troubleshooting)', 7, 'Kesukaran mendapatkan refrigeran R-410A; diasingkan sementara.', NULL, 'SIGNED_OFF', '2026-07-08T09:40:58.152Z', 'sup-003', 'Kemajuan baik, teruskan usaha yang cemerlang.', '2026-07-07T09:40:58.152Z', '2026-07-14T09:40:58.153Z');
INSERT INTO "LogbookEntry" ("id", "projectId", "studentId", "weekNumber", "entryDate", "tasksDone", "hoursWorked", "issuesFaced", "attachments", "status", "signedOffAt", "signedOffById", "supervisorComment", "createdAt", "updatedAt") VALUES ('log-012', 'prj-002', 'usr-010', 6, '2026-07-14T09:40:58.153Z', 'Merekod data ujian dan menyediakan laporan teknikal akhir', 8, 'Litar kawalan perlu dibaiki selepas ujian voltan tinggi.', NULL, 'SIGNED_OFF', '2026-07-15T09:40:58.153Z', 'sup-003', 'Kemajuan baik, teruskan usaha yang cemerlang.', '2026-07-14T09:40:58.153Z', '2026-07-14T09:40:58.154Z');
INSERT INTO "LogbookEntry" ("id", "projectId", "studentId", "weekNumber", "entryDate", "tasksDone", "hoursWorked", "issuesFaced", "attachments", "status", "signedOffAt", "signedOffById", "supervisorComment", "createdAt", "updatedAt") VALUES ('log-013', 'prj-003', 'usr-011', 1, '2026-06-09T09:40:58.154Z', 'Menyediakan kajian literatur dan tinjauan teknologi sedia ada', 7, 'Tiada isu utama, kerja berjalan lancar.', NULL, 'SIGNED_OFF', '2026-06-10T09:40:58.154Z', 'sup-005', 'Kemajuan baik, teruskan usaha yang cemerlang.', '2026-06-09T09:40:58.154Z', '2026-07-14T09:40:58.155Z');
INSERT INTO "LogbookEntry" ("id", "projectId", "studentId", "weekNumber", "entryDate", "tasksDone", "hoursWorked", "issuesFaced", "attachments", "status", "signedOffAt", "signedOffById", "supervisorComment", "createdAt", "updatedAt") VALUES ('log-014', 'prj-003', 'usr-011', 2, '2026-06-16T09:40:58.155Z', 'Merekabentuk litar skematik dan gambarajah blok sistem', 8, 'Bekalan komponen sedikit lewat, perlu menunggu 3 hari.', NULL, 'SIGNED_OFF', '2026-06-17T09:40:58.155Z', 'sup-005', 'Kemajuan baik, teruskan usaha yang cemerlang.', '2026-06-16T09:40:58.155Z', '2026-07-14T09:40:58.156Z');
INSERT INTO "LogbookEntry" ("id", "projectId", "studentId", "weekNumber", "entryDate", "tasksDone", "hoursWorked", "issuesFaced", "attachments", "status", "signedOffAt", "signedOffById", "supervisorComment", "createdAt", "updatedAt") VALUES ('log-015', 'prj-003', 'usr-011', 3, '2026-06-23T09:40:58.156Z', 'Membeli komponen dan peralatan projek dari pembekal', 9, 'Berlaku percanggahan spesifikasi motor dengan pengawal; ditukar model.', NULL, 'SIGNED_OFF', '2026-06-24T09:40:58.156Z', 'sup-005', 'Kemajuan baik, teruskan usaha yang cemerlang.', '2026-06-23T09:40:58.156Z', '2026-07-14T09:40:58.157Z');
INSERT INTO "LogbookEntry" ("id", "projectId", "studentId", "weekNumber", "entryDate", "tasksDone", "hoursWorked", "issuesFaced", "attachments", "status", "signedOffAt", "signedOffById", "supervisorComment", "createdAt", "updatedAt") VALUES ('log-016', 'prj-003', 'usr-011', 4, '2026-06-30T09:40:58.157Z', 'Membina prototaip dan membuat pendawaian pada papan projek', 6, 'Isu pemanasan berlebihan pada transistor kawalan; ditambah heatsink.', '["logbook-photo-1.jpg","logbook-photo-2.jpg"]', 'SIGNED_OFF', '2026-07-01T09:40:58.157Z', 'sup-005', 'Kemajuan baik, teruskan usaha yang cemerlang.', '2026-06-30T09:40:58.157Z', '2026-07-14T09:40:58.157Z');
INSERT INTO "LogbookEntry" ("id", "projectId", "studentId", "weekNumber", "entryDate", "tasksDone", "hoursWorked", "issuesFaced", "attachments", "status", "signedOffAt", "signedOffById", "supervisorComment", "createdAt", "updatedAt") VALUES ('log-017', 'prj-003', 'usr-011', 5, '2026-07-07T09:40:58.157Z', 'Menjalankan ujian fungsi asas dan penyelesaian masalah (troubleshooting)', 7, 'Kesukaran mendapatkan refrigeran R-410A; diasingkan sementara.', NULL, 'SIGNED_OFF', '2026-07-08T09:40:58.157Z', 'sup-005', 'Kemajuan baik, teruskan usaha yang cemerlang.', '2026-07-07T09:40:58.157Z', '2026-07-14T09:40:58.158Z');
INSERT INTO "LogbookEntry" ("id", "projectId", "studentId", "weekNumber", "entryDate", "tasksDone", "hoursWorked", "issuesFaced", "attachments", "status", "signedOffAt", "signedOffById", "supervisorComment", "createdAt", "updatedAt") VALUES ('log-018', 'prj-003', 'usr-011', 6, '2026-07-14T09:40:58.159Z', 'Merekod data ujian dan menyediakan laporan teknikal akhir', 8, 'Litar kawalan perlu dibaiki selepas ujian voltan tinggi.', NULL, 'SIGNED_OFF', '2026-07-15T09:40:58.159Z', 'sup-005', 'Kemajuan baik, teruskan usaha yang cemerlang.', '2026-07-14T09:40:58.159Z', '2026-07-14T09:40:58.161Z');
INSERT INTO "LogbookEntry" ("id", "projectId", "studentId", "weekNumber", "entryDate", "tasksDone", "hoursWorked", "issuesFaced", "attachments", "status", "signedOffAt", "signedOffById", "supervisorComment", "createdAt", "updatedAt") VALUES ('log-019', 'prj-004', 'usr-012', 1, '2026-06-09T09:40:58.162Z', 'Menyediakan kajian literatur dan tinjauan teknologi sedia ada', 7, 'Tiada isu utama, kerja berjalan lancar.', NULL, 'SIGNED_OFF', '2026-06-10T09:40:58.162Z', 'sup-008', 'Kemajuan baik, teruskan usaha yang cemerlang.', '2026-06-09T09:40:58.162Z', '2026-07-14T09:40:58.163Z');
INSERT INTO "LogbookEntry" ("id", "projectId", "studentId", "weekNumber", "entryDate", "tasksDone", "hoursWorked", "issuesFaced", "attachments", "status", "signedOffAt", "signedOffById", "supervisorComment", "createdAt", "updatedAt") VALUES ('log-020', 'prj-004', 'usr-012', 2, '2026-06-16T09:40:58.163Z', 'Merekabentuk litar skematik dan gambarajah blok sistem', 8, 'Bekalan komponen sedikit lewat, perlu menunggu 3 hari.', NULL, 'SIGNED_OFF', '2026-06-17T09:40:58.163Z', 'sup-008', 'Kemajuan baik, teruskan usaha yang cemerlang.', '2026-06-16T09:40:58.163Z', '2026-07-14T09:40:58.163Z');
INSERT INTO "LogbookEntry" ("id", "projectId", "studentId", "weekNumber", "entryDate", "tasksDone", "hoursWorked", "issuesFaced", "attachments", "status", "signedOffAt", "signedOffById", "supervisorComment", "createdAt", "updatedAt") VALUES ('log-021', 'prj-004', 'usr-012', 3, '2026-06-23T09:40:58.163Z', 'Membeli komponen dan peralatan projek dari pembekal', 9, 'Berlaku percanggahan spesifikasi motor dengan pengawal; ditukar model.', NULL, 'SIGNED_OFF', '2026-06-24T09:40:58.163Z', 'sup-008', 'Kemajuan baik, teruskan usaha yang cemerlang.', '2026-06-23T09:40:58.163Z', '2026-07-14T09:40:58.164Z');
INSERT INTO "LogbookEntry" ("id", "projectId", "studentId", "weekNumber", "entryDate", "tasksDone", "hoursWorked", "issuesFaced", "attachments", "status", "signedOffAt", "signedOffById", "supervisorComment", "createdAt", "updatedAt") VALUES ('log-022', 'prj-004', 'usr-012', 4, '2026-06-30T09:40:58.164Z', 'Membina prototaip dan membuat pendawaian pada papan projek', 6, 'Isu pemanasan berlebihan pada transistor kawalan; ditambah heatsink.', '["logbook-photo-1.jpg","logbook-photo-2.jpg"]', 'SIGNED_OFF', '2026-07-01T09:40:58.164Z', 'sup-008', 'Kemajuan baik, teruskan usaha yang cemerlang.', '2026-06-30T09:40:58.164Z', '2026-07-14T09:40:58.166Z');
INSERT INTO "LogbookEntry" ("id", "projectId", "studentId", "weekNumber", "entryDate", "tasksDone", "hoursWorked", "issuesFaced", "attachments", "status", "signedOffAt", "signedOffById", "supervisorComment", "createdAt", "updatedAt") VALUES ('log-023', 'prj-004', 'usr-012', 5, '2026-07-07T09:40:58.166Z', 'Menjalankan ujian fungsi asas dan penyelesaian masalah (troubleshooting)', 7, 'Kesukaran mendapatkan refrigeran R-410A; diasingkan sementara.', NULL, 'SIGNED_OFF', '2026-07-08T09:40:58.166Z', 'sup-008', 'Kemajuan baik, teruskan usaha yang cemerlang.', '2026-07-07T09:40:58.166Z', '2026-07-14T09:40:58.166Z');
INSERT INTO "LogbookEntry" ("id", "projectId", "studentId", "weekNumber", "entryDate", "tasksDone", "hoursWorked", "issuesFaced", "attachments", "status", "signedOffAt", "signedOffById", "supervisorComment", "createdAt", "updatedAt") VALUES ('log-024', 'prj-004', 'usr-012', 6, '2026-07-14T09:40:58.166Z', 'Merekod data ujian dan menyediakan laporan teknikal akhir', 8, 'Litar kawalan perlu dibaiki selepas ujian voltan tinggi.', NULL, 'SIGNED_OFF', '2026-07-15T09:40:58.166Z', 'sup-008', 'Kemajuan baik, teruskan usaha yang cemerlang.', '2026-07-14T09:40:58.166Z', '2026-07-14T09:40:58.167Z');
INSERT INTO "LogbookEntry" ("id", "projectId", "studentId", "weekNumber", "entryDate", "tasksDone", "hoursWorked", "issuesFaced", "attachments", "status", "signedOffAt", "signedOffById", "supervisorComment", "createdAt", "updatedAt") VALUES ('log-025', 'prj-005', 'usr-013', 1, '2026-06-09T09:40:58.168Z', 'Menyediakan kajian literatur dan tinjauan teknologi sedia ada', 7, 'Tiada isu utama, kerja berjalan lancar.', NULL, 'SIGNED_OFF', '2026-06-10T09:40:58.168Z', 'sup-002', 'Kemajuan baik, teruskan usaha yang cemerlang.', '2026-06-09T09:40:58.168Z', '2026-07-14T09:40:58.168Z');
INSERT INTO "LogbookEntry" ("id", "projectId", "studentId", "weekNumber", "entryDate", "tasksDone", "hoursWorked", "issuesFaced", "attachments", "status", "signedOffAt", "signedOffById", "supervisorComment", "createdAt", "updatedAt") VALUES ('log-026', 'prj-005', 'usr-013', 2, '2026-06-16T09:40:58.168Z', 'Merekabentuk litar skematik dan gambarajah blok sistem', 8, 'Bekalan komponen sedikit lewat, perlu menunggu 3 hari.', NULL, 'SIGNED_OFF', '2026-06-17T09:40:58.168Z', 'sup-002', 'Kemajuan baik, teruskan usaha yang cemerlang.', '2026-06-16T09:40:58.168Z', '2026-07-14T09:40:58.169Z');
INSERT INTO "LogbookEntry" ("id", "projectId", "studentId", "weekNumber", "entryDate", "tasksDone", "hoursWorked", "issuesFaced", "attachments", "status", "signedOffAt", "signedOffById", "supervisorComment", "createdAt", "updatedAt") VALUES ('log-027', 'prj-005', 'usr-013', 3, '2026-06-23T09:40:58.169Z', 'Membeli komponen dan peralatan projek dari pembekal', 9, 'Berlaku percanggahan spesifikasi motor dengan pengawal; ditukar model.', NULL, 'SIGNED_OFF', '2026-06-24T09:40:58.169Z', 'sup-002', 'Kemajuan baik, teruskan usaha yang cemerlang.', '2026-06-23T09:40:58.169Z', '2026-07-14T09:40:58.169Z');
INSERT INTO "LogbookEntry" ("id", "projectId", "studentId", "weekNumber", "entryDate", "tasksDone", "hoursWorked", "issuesFaced", "attachments", "status", "signedOffAt", "signedOffById", "supervisorComment", "createdAt", "updatedAt") VALUES ('log-028', 'prj-005', 'usr-013', 4, '2026-06-30T09:40:58.169Z', 'Membina prototaip dan membuat pendawaian pada papan projek', 6, 'Isu pemanasan berlebihan pada transistor kawalan; ditambah heatsink.', '["logbook-photo-1.jpg","logbook-photo-2.jpg"]', 'SIGNED_OFF', '2026-07-01T09:40:58.169Z', 'sup-002', 'Kemajuan baik, teruskan usaha yang cemerlang.', '2026-06-30T09:40:58.169Z', '2026-07-14T09:40:58.170Z');
INSERT INTO "LogbookEntry" ("id", "projectId", "studentId", "weekNumber", "entryDate", "tasksDone", "hoursWorked", "issuesFaced", "attachments", "status", "signedOffAt", "signedOffById", "supervisorComment", "createdAt", "updatedAt") VALUES ('log-029', 'prj-005', 'usr-013', 5, '2026-07-07T09:40:58.170Z', 'Menjalankan ujian fungsi asas dan penyelesaian masalah (troubleshooting)', 7, 'Kesukaran mendapatkan refrigeran R-410A; diasingkan sementara.', NULL, 'SIGNED_OFF', '2026-07-08T09:40:58.170Z', 'sup-002', 'Kemajuan baik, teruskan usaha yang cemerlang.', '2026-07-07T09:40:58.170Z', '2026-07-14T09:40:58.171Z');
INSERT INTO "LogbookEntry" ("id", "projectId", "studentId", "weekNumber", "entryDate", "tasksDone", "hoursWorked", "issuesFaced", "attachments", "status", "signedOffAt", "signedOffById", "supervisorComment", "createdAt", "updatedAt") VALUES ('log-030', 'prj-005', 'usr-013', 6, '2026-07-14T09:40:58.171Z', 'Merekod data ujian dan menyediakan laporan teknikal akhir', 8, 'Litar kawalan perlu dibaiki selepas ujian voltan tinggi.', NULL, 'SIGNED_OFF', '2026-07-15T09:40:58.171Z', 'sup-002', 'Kemajuan baik, teruskan usaha yang cemerlang.', '2026-07-14T09:40:58.171Z', '2026-07-14T09:40:58.171Z');
INSERT INTO "LogbookEntry" ("id", "projectId", "studentId", "weekNumber", "entryDate", "tasksDone", "hoursWorked", "issuesFaced", "attachments", "status", "signedOffAt", "signedOffById", "supervisorComment", "createdAt", "updatedAt") VALUES ('log-031', 'prj-006', 'usr-014', 1, '2026-06-09T09:40:58.172Z', 'Menyediakan kajian literatur dan tinjauan teknologi sedia ada', 7, 'Tiada isu utama, kerja berjalan lancar.', NULL, 'SIGNED_OFF', '2026-06-10T09:40:58.172Z', 'sup-001', 'Kemajuan baik, teruskan usaha yang cemerlang.', '2026-06-09T09:40:58.172Z', '2026-07-14T09:40:58.173Z');
INSERT INTO "LogbookEntry" ("id", "projectId", "studentId", "weekNumber", "entryDate", "tasksDone", "hoursWorked", "issuesFaced", "attachments", "status", "signedOffAt", "signedOffById", "supervisorComment", "createdAt", "updatedAt") VALUES ('log-032', 'prj-006', 'usr-014', 2, '2026-06-16T09:40:58.173Z', 'Merekabentuk litar skematik dan gambarajah blok sistem', 8, 'Bekalan komponen sedikit lewat, perlu menunggu 3 hari.', NULL, 'SIGNED_OFF', '2026-06-17T09:40:58.173Z', 'sup-001', 'Kemajuan baik, teruskan usaha yang cemerlang.', '2026-06-16T09:40:58.173Z', '2026-07-14T09:40:58.174Z');
INSERT INTO "LogbookEntry" ("id", "projectId", "studentId", "weekNumber", "entryDate", "tasksDone", "hoursWorked", "issuesFaced", "attachments", "status", "signedOffAt", "signedOffById", "supervisorComment", "createdAt", "updatedAt") VALUES ('log-033', 'prj-006', 'usr-014', 3, '2026-06-23T09:40:58.175Z', 'Membeli komponen dan peralatan projek dari pembekal', 9, 'Berlaku percanggahan spesifikasi motor dengan pengawal; ditukar model.', NULL, 'SIGNED_OFF', '2026-06-24T09:40:58.175Z', 'sup-001', 'Kemajuan baik, teruskan usaha yang cemerlang.', '2026-06-23T09:40:58.175Z', '2026-07-14T09:40:58.175Z');
INSERT INTO "LogbookEntry" ("id", "projectId", "studentId", "weekNumber", "entryDate", "tasksDone", "hoursWorked", "issuesFaced", "attachments", "status", "signedOffAt", "signedOffById", "supervisorComment", "createdAt", "updatedAt") VALUES ('log-034', 'prj-006', 'usr-014', 4, '2026-06-30T09:40:58.176Z', 'Membina prototaip dan membuat pendawaian pada papan projek', 6, 'Isu pemanasan berlebihan pada transistor kawalan; ditambah heatsink.', '["logbook-photo-1.jpg","logbook-photo-2.jpg"]', 'SIGNED_OFF', '2026-07-01T09:40:58.176Z', 'sup-001', 'Kemajuan baik, teruskan usaha yang cemerlang.', '2026-06-30T09:40:58.176Z', '2026-07-14T09:40:58.177Z');
INSERT INTO "LogbookEntry" ("id", "projectId", "studentId", "weekNumber", "entryDate", "tasksDone", "hoursWorked", "issuesFaced", "attachments", "status", "signedOffAt", "signedOffById", "supervisorComment", "createdAt", "updatedAt") VALUES ('log-035', 'prj-006', 'usr-014', 5, '2026-07-07T09:40:58.177Z', 'Menjalankan ujian fungsi asas dan penyelesaian masalah (troubleshooting)', 7, 'Kesukaran mendapatkan refrigeran R-410A; diasingkan sementara.', NULL, 'SIGNED_OFF', '2026-07-08T09:40:58.177Z', 'sup-001', 'Kemajuan baik, teruskan usaha yang cemerlang.', '2026-07-07T09:40:58.177Z', '2026-07-14T09:40:58.177Z');
INSERT INTO "LogbookEntry" ("id", "projectId", "studentId", "weekNumber", "entryDate", "tasksDone", "hoursWorked", "issuesFaced", "attachments", "status", "signedOffAt", "signedOffById", "supervisorComment", "createdAt", "updatedAt") VALUES ('log-036', 'prj-006', 'usr-014', 6, '2026-07-14T09:40:58.177Z', 'Merekod data ujian dan menyediakan laporan teknikal akhir', 8, 'Litar kawalan perlu dibaiki selepas ujian voltan tinggi.', NULL, 'SIGNED_OFF', '2026-07-15T09:40:58.177Z', 'sup-001', 'Kemajuan baik, teruskan usaha yang cemerlang.', '2026-07-14T09:40:58.177Z', '2026-07-14T09:40:58.178Z');
INSERT INTO "LogbookEntry" ("id", "projectId", "studentId", "weekNumber", "entryDate", "tasksDone", "hoursWorked", "issuesFaced", "attachments", "status", "signedOffAt", "signedOffById", "supervisorComment", "createdAt", "updatedAt") VALUES ('log-037', 'prj-007', 'usr-015', 1, '2026-06-09T09:40:58.194Z', 'Menyediakan kajian literatur dan tinjauan teknologi sedia ada', 7, 'Tiada isu utama, kerja berjalan lancar.', NULL, 'SIGNED_OFF', '2026-06-10T09:40:58.194Z', 'sup-004', 'Kemajuan baik, teruskan usaha yang cemerlang.', '2026-06-09T09:40:58.194Z', '2026-07-14T09:40:58.195Z');
INSERT INTO "LogbookEntry" ("id", "projectId", "studentId", "weekNumber", "entryDate", "tasksDone", "hoursWorked", "issuesFaced", "attachments", "status", "signedOffAt", "signedOffById", "supervisorComment", "createdAt", "updatedAt") VALUES ('log-038', 'prj-007', 'usr-015', 2, '2026-06-16T09:40:58.195Z', 'Merekabentuk litar skematik dan gambarajah blok sistem', 8, 'Bekalan komponen sedikit lewat, perlu menunggu 3 hari.', NULL, 'SIGNED_OFF', '2026-06-17T09:40:58.195Z', 'sup-004', 'Kemajuan baik, teruskan usaha yang cemerlang.', '2026-06-16T09:40:58.195Z', '2026-07-14T09:40:58.196Z');
INSERT INTO "LogbookEntry" ("id", "projectId", "studentId", "weekNumber", "entryDate", "tasksDone", "hoursWorked", "issuesFaced", "attachments", "status", "signedOffAt", "signedOffById", "supervisorComment", "createdAt", "updatedAt") VALUES ('log-039', 'prj-007', 'usr-015', 3, '2026-06-23T09:40:58.196Z', 'Membeli komponen dan peralatan projek dari pembekal', 9, 'Berlaku percanggahan spesifikasi motor dengan pengawal; ditukar model.', NULL, 'SIGNED_OFF', '2026-06-24T09:40:58.196Z', 'sup-004', 'Kemajuan baik, teruskan usaha yang cemerlang.', '2026-06-23T09:40:58.196Z', '2026-07-14T09:40:58.197Z');
INSERT INTO "LogbookEntry" ("id", "projectId", "studentId", "weekNumber", "entryDate", "tasksDone", "hoursWorked", "issuesFaced", "attachments", "status", "signedOffAt", "signedOffById", "supervisorComment", "createdAt", "updatedAt") VALUES ('log-040', 'prj-007', 'usr-015', 4, '2026-06-30T09:40:58.196Z', 'Membina prototaip dan membuat pendawaian pada papan projek', 6, 'Isu pemanasan berlebihan pada transistor kawalan; ditambah heatsink.', '["logbook-photo-1.jpg","logbook-photo-2.jpg"]', 'SIGNED_OFF', '2026-07-01T09:40:58.196Z', 'sup-004', 'Kemajuan baik, teruskan usaha yang cemerlang.', '2026-06-30T09:40:58.196Z', '2026-07-14T09:40:58.197Z');
INSERT INTO "LogbookEntry" ("id", "projectId", "studentId", "weekNumber", "entryDate", "tasksDone", "hoursWorked", "issuesFaced", "attachments", "status", "signedOffAt", "signedOffById", "supervisorComment", "createdAt", "updatedAt") VALUES ('log-041', 'prj-007', 'usr-015', 5, '2026-07-07T09:40:58.197Z', 'Menjalankan ujian fungsi asas dan penyelesaian masalah (troubleshooting)', 7, 'Kesukaran mendapatkan refrigeran R-410A; diasingkan sementara.', NULL, 'SIGNED_OFF', '2026-07-08T09:40:58.197Z', 'sup-004', 'Kemajuan baik, teruskan usaha yang cemerlang.', '2026-07-07T09:40:58.197Z', '2026-07-14T09:40:58.198Z');
INSERT INTO "LogbookEntry" ("id", "projectId", "studentId", "weekNumber", "entryDate", "tasksDone", "hoursWorked", "issuesFaced", "attachments", "status", "signedOffAt", "signedOffById", "supervisorComment", "createdAt", "updatedAt") VALUES ('log-042', 'prj-007', 'usr-015', 6, '2026-07-14T09:40:58.198Z', 'Merekod data ujian dan menyediakan laporan teknikal akhir', 8, 'Litar kawalan perlu dibaiki selepas ujian voltan tinggi.', NULL, 'SIGNED_OFF', '2026-07-15T09:40:58.198Z', 'sup-004', 'Kemajuan baik, teruskan usaha yang cemerlang.', '2026-07-14T09:40:58.198Z', '2026-07-14T09:40:58.199Z');
INSERT INTO "LogbookEntry" ("id", "projectId", "studentId", "weekNumber", "entryDate", "tasksDone", "hoursWorked", "issuesFaced", "attachments", "status", "signedOffAt", "signedOffById", "supervisorComment", "createdAt", "updatedAt") VALUES ('log-043', 'prj-008', 'usr-016', 1, '2026-06-09T09:40:58.199Z', 'Menyediakan kajian literatur dan tinjauan teknologi sedia ada', 7, 'Tiada isu utama, kerja berjalan lancar.', NULL, 'SIGNED_OFF', '2026-06-10T09:40:58.199Z', 'sup-006', 'Kemajuan baik, teruskan usaha yang cemerlang.', '2026-06-09T09:40:58.199Z', '2026-07-14T09:40:58.200Z');
INSERT INTO "LogbookEntry" ("id", "projectId", "studentId", "weekNumber", "entryDate", "tasksDone", "hoursWorked", "issuesFaced", "attachments", "status", "signedOffAt", "signedOffById", "supervisorComment", "createdAt", "updatedAt") VALUES ('log-044', 'prj-008', 'usr-016', 2, '2026-06-16T09:40:58.200Z', 'Merekabentuk litar skematik dan gambarajah blok sistem', 8, 'Bekalan komponen sedikit lewat, perlu menunggu 3 hari.', NULL, 'SIGNED_OFF', '2026-06-17T09:40:58.200Z', 'sup-006', 'Kemajuan baik, teruskan usaha yang cemerlang.', '2026-06-16T09:40:58.200Z', '2026-07-14T09:40:58.200Z');
INSERT INTO "LogbookEntry" ("id", "projectId", "studentId", "weekNumber", "entryDate", "tasksDone", "hoursWorked", "issuesFaced", "attachments", "status", "signedOffAt", "signedOffById", "supervisorComment", "createdAt", "updatedAt") VALUES ('log-045', 'prj-008', 'usr-016', 3, '2026-06-23T09:40:58.200Z', 'Membeli komponen dan peralatan projek dari pembekal', 9, 'Berlaku percanggahan spesifikasi motor dengan pengawal; ditukar model.', NULL, 'SIGNED_OFF', '2026-06-24T09:40:58.200Z', 'sup-006', 'Kemajuan baik, teruskan usaha yang cemerlang.', '2026-06-23T09:40:58.200Z', '2026-07-14T09:40:58.201Z');
INSERT INTO "LogbookEntry" ("id", "projectId", "studentId", "weekNumber", "entryDate", "tasksDone", "hoursWorked", "issuesFaced", "attachments", "status", "signedOffAt", "signedOffById", "supervisorComment", "createdAt", "updatedAt") VALUES ('log-046', 'prj-008', 'usr-016', 4, '2026-06-30T09:40:58.201Z', 'Membina prototaip dan membuat pendawaian pada papan projek', 6, 'Isu pemanasan berlebihan pada transistor kawalan; ditambah heatsink.', '["logbook-photo-1.jpg","logbook-photo-2.jpg"]', 'SIGNED_OFF', '2026-07-01T09:40:58.201Z', 'sup-006', 'Kemajuan baik, teruskan usaha yang cemerlang.', '2026-06-30T09:40:58.201Z', '2026-07-14T09:40:58.201Z');
INSERT INTO "LogbookEntry" ("id", "projectId", "studentId", "weekNumber", "entryDate", "tasksDone", "hoursWorked", "issuesFaced", "attachments", "status", "signedOffAt", "signedOffById", "supervisorComment", "createdAt", "updatedAt") VALUES ('log-047', 'prj-008', 'usr-016', 5, '2026-07-07T09:40:58.201Z', 'Menjalankan ujian fungsi asas dan penyelesaian masalah (troubleshooting)', 7, 'Kesukaran mendapatkan refrigeran R-410A; diasingkan sementara.', NULL, 'SIGNED_OFF', '2026-07-08T09:40:58.201Z', 'sup-006', 'Kemajuan baik, teruskan usaha yang cemerlang.', '2026-07-07T09:40:58.201Z', '2026-07-14T09:40:58.202Z');
INSERT INTO "LogbookEntry" ("id", "projectId", "studentId", "weekNumber", "entryDate", "tasksDone", "hoursWorked", "issuesFaced", "attachments", "status", "signedOffAt", "signedOffById", "supervisorComment", "createdAt", "updatedAt") VALUES ('log-048', 'prj-008', 'usr-016', 6, '2026-07-14T09:40:58.202Z', 'Merekod data ujian dan menyediakan laporan teknikal akhir', 8, 'Litar kawalan perlu dibaiki selepas ujian voltan tinggi.', NULL, 'SIGNED_OFF', '2026-07-15T09:40:58.202Z', 'sup-006', 'Kemajuan baik, teruskan usaha yang cemerlang.', '2026-07-14T09:40:58.202Z', '2026-07-14T09:40:58.202Z');
INSERT INTO "LogbookEntry" ("id", "projectId", "studentId", "weekNumber", "entryDate", "tasksDone", "hoursWorked", "issuesFaced", "attachments", "status", "signedOffAt", "signedOffById", "supervisorComment", "createdAt", "updatedAt") VALUES ('log-049', 'prj-009', 'usr-017', 1, '2026-06-09T09:40:58.203Z', 'Menyediakan kajian literatur dan tinjauan teknologi sedia ada', 7, 'Tiada isu utama, kerja berjalan lancar.', NULL, 'SIGNED_OFF', '2026-06-10T09:40:58.203Z', 'sup-007', 'Kemajuan baik, teruskan usaha yang cemerlang.', '2026-06-09T09:40:58.203Z', '2026-07-14T09:40:58.204Z');
INSERT INTO "LogbookEntry" ("id", "projectId", "studentId", "weekNumber", "entryDate", "tasksDone", "hoursWorked", "issuesFaced", "attachments", "status", "signedOffAt", "signedOffById", "supervisorComment", "createdAt", "updatedAt") VALUES ('log-050', 'prj-009', 'usr-017', 2, '2026-06-16T09:40:58.204Z', 'Merekabentuk litar skematik dan gambarajah blok sistem', 8, 'Bekalan komponen sedikit lewat, perlu menunggu 3 hari.', NULL, 'SIGNED_OFF', '2026-06-17T09:40:58.204Z', 'sup-007', 'Kemajuan baik, teruskan usaha yang cemerlang.', '2026-06-16T09:40:58.204Z', '2026-07-14T09:40:58.205Z');
INSERT INTO "LogbookEntry" ("id", "projectId", "studentId", "weekNumber", "entryDate", "tasksDone", "hoursWorked", "issuesFaced", "attachments", "status", "signedOffAt", "signedOffById", "supervisorComment", "createdAt", "updatedAt") VALUES ('log-051', 'prj-009', 'usr-017', 3, '2026-06-23T09:40:58.204Z', 'Membeli komponen dan peralatan projek dari pembekal', 9, 'Berlaku percanggahan spesifikasi motor dengan pengawal; ditukar model.', NULL, 'SIGNED_OFF', '2026-06-24T09:40:58.204Z', 'sup-007', 'Kemajuan baik, teruskan usaha yang cemerlang.', '2026-06-23T09:40:58.204Z', '2026-07-14T09:40:58.205Z');
INSERT INTO "LogbookEntry" ("id", "projectId", "studentId", "weekNumber", "entryDate", "tasksDone", "hoursWorked", "issuesFaced", "attachments", "status", "signedOffAt", "signedOffById", "supervisorComment", "createdAt", "updatedAt") VALUES ('log-052', 'prj-009', 'usr-017', 4, '2026-06-30T09:40:58.205Z', 'Membina prototaip dan membuat pendawaian pada papan projek', 6, 'Isu pemanasan berlebihan pada transistor kawalan; ditambah heatsink.', '["logbook-photo-1.jpg","logbook-photo-2.jpg"]', 'SIGNED_OFF', '2026-07-01T09:40:58.205Z', 'sup-007', 'Kemajuan baik, teruskan usaha yang cemerlang.', '2026-06-30T09:40:58.205Z', '2026-07-14T09:40:58.206Z');
INSERT INTO "LogbookEntry" ("id", "projectId", "studentId", "weekNumber", "entryDate", "tasksDone", "hoursWorked", "issuesFaced", "attachments", "status", "signedOffAt", "signedOffById", "supervisorComment", "createdAt", "updatedAt") VALUES ('log-053', 'prj-009', 'usr-017', 5, '2026-07-07T09:40:58.206Z', 'Menjalankan ujian fungsi asas dan penyelesaian masalah (troubleshooting)', 7, 'Kesukaran mendapatkan refrigeran R-410A; diasingkan sementara.', NULL, 'SIGNED_OFF', '2026-07-08T09:40:58.206Z', 'sup-007', 'Kemajuan baik, teruskan usaha yang cemerlang.', '2026-07-07T09:40:58.206Z', '2026-07-14T09:40:58.207Z');
INSERT INTO "LogbookEntry" ("id", "projectId", "studentId", "weekNumber", "entryDate", "tasksDone", "hoursWorked", "issuesFaced", "attachments", "status", "signedOffAt", "signedOffById", "supervisorComment", "createdAt", "updatedAt") VALUES ('log-054', 'prj-009', 'usr-017', 6, '2026-07-14T09:40:58.207Z', 'Merekod data ujian dan menyediakan laporan teknikal akhir', 8, 'Litar kawalan perlu dibaiki selepas ujian voltan tinggi.', NULL, 'SIGNED_OFF', '2026-07-15T09:40:58.207Z', 'sup-007', 'Kemajuan baik, teruskan usaha yang cemerlang.', '2026-07-14T09:40:58.207Z', '2026-07-14T09:40:58.207Z');
INSERT INTO "LogbookEntry" ("id", "projectId", "studentId", "weekNumber", "entryDate", "tasksDone", "hoursWorked", "issuesFaced", "attachments", "status", "signedOffAt", "signedOffById", "supervisorComment", "createdAt", "updatedAt") VALUES ('log-055', 'prj-010', 'usr-018', 1, '2026-06-09T09:40:58.208Z', 'Menyediakan kajian literatur dan tinjauan teknologi sedia ada', 7, 'Tiada isu utama, kerja berjalan lancar.', NULL, 'SIGNED_OFF', '2026-06-10T09:40:58.208Z', 'sup-001', 'Kemajuan baik, teruskan usaha yang cemerlang.', '2026-06-09T09:40:58.208Z', '2026-07-14T09:40:58.209Z');
INSERT INTO "LogbookEntry" ("id", "projectId", "studentId", "weekNumber", "entryDate", "tasksDone", "hoursWorked", "issuesFaced", "attachments", "status", "signedOffAt", "signedOffById", "supervisorComment", "createdAt", "updatedAt") VALUES ('log-056', 'prj-010', 'usr-018', 2, '2026-06-16T09:40:58.209Z', 'Merekabentuk litar skematik dan gambarajah blok sistem', 8, 'Bekalan komponen sedikit lewat, perlu menunggu 3 hari.', NULL, 'SIGNED_OFF', '2026-06-17T09:40:58.209Z', 'sup-001', 'Kemajuan baik, teruskan usaha yang cemerlang.', '2026-06-16T09:40:58.209Z', '2026-07-14T09:40:58.210Z');
INSERT INTO "LogbookEntry" ("id", "projectId", "studentId", "weekNumber", "entryDate", "tasksDone", "hoursWorked", "issuesFaced", "attachments", "status", "signedOffAt", "signedOffById", "supervisorComment", "createdAt", "updatedAt") VALUES ('log-057', 'prj-010', 'usr-018', 3, '2026-06-23T09:40:58.210Z', 'Membeli komponen dan peralatan projek dari pembekal', 9, 'Berlaku percanggahan spesifikasi motor dengan pengawal; ditukar model.', NULL, 'SIGNED_OFF', '2026-06-24T09:40:58.210Z', 'sup-001', 'Kemajuan baik, teruskan usaha yang cemerlang.', '2026-06-23T09:40:58.210Z', '2026-07-14T09:40:58.211Z');
INSERT INTO "LogbookEntry" ("id", "projectId", "studentId", "weekNumber", "entryDate", "tasksDone", "hoursWorked", "issuesFaced", "attachments", "status", "signedOffAt", "signedOffById", "supervisorComment", "createdAt", "updatedAt") VALUES ('log-058', 'prj-010', 'usr-018', 4, '2026-06-30T09:40:58.211Z', 'Membina prototaip dan membuat pendawaian pada papan projek', 6, 'Isu pemanasan berlebihan pada transistor kawalan; ditambah heatsink.', '["logbook-photo-1.jpg","logbook-photo-2.jpg"]', 'SIGNED_OFF', '2026-07-01T09:40:58.211Z', 'sup-001', 'Kemajuan baik, teruskan usaha yang cemerlang.', '2026-06-30T09:40:58.211Z', '2026-07-14T09:40:58.212Z');
INSERT INTO "LogbookEntry" ("id", "projectId", "studentId", "weekNumber", "entryDate", "tasksDone", "hoursWorked", "issuesFaced", "attachments", "status", "signedOffAt", "signedOffById", "supervisorComment", "createdAt", "updatedAt") VALUES ('log-059', 'prj-010', 'usr-018', 5, '2026-07-07T09:40:58.212Z', 'Menjalankan ujian fungsi asas dan penyelesaian masalah (troubleshooting)', 7, 'Kesukaran mendapatkan refrigeran R-410A; diasingkan sementara.', NULL, 'SIGNED_OFF', '2026-07-08T09:40:58.212Z', 'sup-001', 'Kemajuan baik, teruskan usaha yang cemerlang.', '2026-07-07T09:40:58.212Z', '2026-07-14T09:40:58.212Z');
INSERT INTO "LogbookEntry" ("id", "projectId", "studentId", "weekNumber", "entryDate", "tasksDone", "hoursWorked", "issuesFaced", "attachments", "status", "signedOffAt", "signedOffById", "supervisorComment", "createdAt", "updatedAt") VALUES ('log-060', 'prj-010', 'usr-018', 6, '2026-07-14T09:40:58.212Z', 'Merekod data ujian dan menyediakan laporan teknikal akhir', 8, 'Litar kawalan perlu dibaiki selepas ujian voltan tinggi.', NULL, 'SIGNED_OFF', '2026-07-15T09:40:58.212Z', 'sup-001', 'Kemajuan baik, teruskan usaha yang cemerlang.', '2026-07-14T09:40:58.212Z', '2026-07-14T09:40:58.213Z');
INSERT INTO "LogbookEntry" ("id", "projectId", "studentId", "weekNumber", "entryDate", "tasksDone", "hoursWorked", "issuesFaced", "attachments", "status", "signedOffAt", "signedOffById", "supervisorComment", "createdAt", "updatedAt") VALUES ('log-061', 'prj-011', 'usr-019', 1, '2026-06-09T09:40:58.214Z', 'Menyediakan kajian literatur dan tinjauan teknologi sedia ada', 7, 'Tiada isu utama, kerja berjalan lancar.', NULL, 'SIGNED_OFF', '2026-06-10T09:40:58.214Z', 'sup-002', 'Kemajuan baik, teruskan usaha yang cemerlang.', '2026-06-09T09:40:58.214Z', '2026-07-14T09:40:58.214Z');
INSERT INTO "LogbookEntry" ("id", "projectId", "studentId", "weekNumber", "entryDate", "tasksDone", "hoursWorked", "issuesFaced", "attachments", "status", "signedOffAt", "signedOffById", "supervisorComment", "createdAt", "updatedAt") VALUES ('log-062', 'prj-011', 'usr-019', 2, '2026-06-16T09:40:58.214Z', 'Merekabentuk litar skematik dan gambarajah blok sistem', 8, 'Bekalan komponen sedikit lewat, perlu menunggu 3 hari.', NULL, 'SIGNED_OFF', '2026-06-17T09:40:58.214Z', 'sup-002', 'Kemajuan baik, teruskan usaha yang cemerlang.', '2026-06-16T09:40:58.214Z', '2026-07-14T09:40:58.215Z');
INSERT INTO "LogbookEntry" ("id", "projectId", "studentId", "weekNumber", "entryDate", "tasksDone", "hoursWorked", "issuesFaced", "attachments", "status", "signedOffAt", "signedOffById", "supervisorComment", "createdAt", "updatedAt") VALUES ('log-063', 'prj-011', 'usr-019', 3, '2026-06-23T09:40:58.215Z', 'Membeli komponen dan peralatan projek dari pembekal', 9, 'Berlaku percanggahan spesifikasi motor dengan pengawal; ditukar model.', NULL, 'SIGNED_OFF', '2026-06-24T09:40:58.215Z', 'sup-002', 'Kemajuan baik, teruskan usaha yang cemerlang.', '2026-06-23T09:40:58.215Z', '2026-07-14T09:40:58.215Z');
INSERT INTO "LogbookEntry" ("id", "projectId", "studentId", "weekNumber", "entryDate", "tasksDone", "hoursWorked", "issuesFaced", "attachments", "status", "signedOffAt", "signedOffById", "supervisorComment", "createdAt", "updatedAt") VALUES ('log-064', 'prj-011', 'usr-019', 4, '2026-06-30T09:40:58.215Z', 'Membina prototaip dan membuat pendawaian pada papan projek', 6, 'Isu pemanasan berlebihan pada transistor kawalan; ditambah heatsink.', '["logbook-photo-1.jpg","logbook-photo-2.jpg"]', 'SIGNED_OFF', '2026-07-01T09:40:58.215Z', 'sup-002', 'Kemajuan baik, teruskan usaha yang cemerlang.', '2026-06-30T09:40:58.215Z', '2026-07-14T09:40:58.216Z');
INSERT INTO "LogbookEntry" ("id", "projectId", "studentId", "weekNumber", "entryDate", "tasksDone", "hoursWorked", "issuesFaced", "attachments", "status", "signedOffAt", "signedOffById", "supervisorComment", "createdAt", "updatedAt") VALUES ('log-065', 'prj-011', 'usr-019', 5, '2026-07-07T09:40:58.215Z', 'Menjalankan ujian fungsi asas dan penyelesaian masalah (troubleshooting)', 7, 'Kesukaran mendapatkan refrigeran R-410A; diasingkan sementara.', NULL, 'SIGNED_OFF', '2026-07-08T09:40:58.215Z', 'sup-002', 'Kemajuan baik, teruskan usaha yang cemerlang.', '2026-07-07T09:40:58.215Z', '2026-07-14T09:40:58.216Z');
INSERT INTO "LogbookEntry" ("id", "projectId", "studentId", "weekNumber", "entryDate", "tasksDone", "hoursWorked", "issuesFaced", "attachments", "status", "signedOffAt", "signedOffById", "supervisorComment", "createdAt", "updatedAt") VALUES ('log-066', 'prj-011', 'usr-019', 6, '2026-07-14T09:40:58.216Z', 'Merekod data ujian dan menyediakan laporan teknikal akhir', 8, 'Litar kawalan perlu dibaiki selepas ujian voltan tinggi.', NULL, 'SIGNED_OFF', '2026-07-15T09:40:58.216Z', 'sup-002', 'Kemajuan baik, teruskan usaha yang cemerlang.', '2026-07-14T09:40:58.216Z', '2026-07-14T09:40:58.217Z');
INSERT INTO "LogbookEntry" ("id", "projectId", "studentId", "weekNumber", "entryDate", "tasksDone", "hoursWorked", "issuesFaced", "attachments", "status", "signedOffAt", "signedOffById", "supervisorComment", "createdAt", "updatedAt") VALUES ('log-067', 'prj-012', 'usr-020', 1, '2026-06-09T09:40:58.218Z', 'Menyediakan kajian literatur dan tinjauan teknologi sedia ada', 7, 'Tiada isu utama, kerja berjalan lancar.', NULL, 'SIGNED_OFF', '2026-06-10T09:40:58.218Z', 'sup-003', 'Kemajuan baik, teruskan usaha yang cemerlang.', '2026-06-09T09:40:58.218Z', '2026-07-14T09:40:58.218Z');
INSERT INTO "LogbookEntry" ("id", "projectId", "studentId", "weekNumber", "entryDate", "tasksDone", "hoursWorked", "issuesFaced", "attachments", "status", "signedOffAt", "signedOffById", "supervisorComment", "createdAt", "updatedAt") VALUES ('log-068', 'prj-012', 'usr-020', 2, '2026-06-16T09:40:58.218Z', 'Merekabentuk litar skematik dan gambarajah blok sistem', 8, 'Bekalan komponen sedikit lewat, perlu menunggu 3 hari.', NULL, 'SIGNED_OFF', '2026-06-17T09:40:58.218Z', 'sup-003', 'Kemajuan baik, teruskan usaha yang cemerlang.', '2026-06-16T09:40:58.218Z', '2026-07-14T09:40:58.219Z');
INSERT INTO "LogbookEntry" ("id", "projectId", "studentId", "weekNumber", "entryDate", "tasksDone", "hoursWorked", "issuesFaced", "attachments", "status", "signedOffAt", "signedOffById", "supervisorComment", "createdAt", "updatedAt") VALUES ('log-069', 'prj-012', 'usr-020', 3, '2026-06-23T09:40:58.220Z', 'Membeli komponen dan peralatan projek dari pembekal', 9, 'Berlaku percanggahan spesifikasi motor dengan pengawal; ditukar model.', NULL, 'SIGNED_OFF', '2026-06-24T09:40:58.220Z', 'sup-003', 'Kemajuan baik, teruskan usaha yang cemerlang.', '2026-06-23T09:40:58.220Z', '2026-07-14T09:40:58.220Z');
INSERT INTO "LogbookEntry" ("id", "projectId", "studentId", "weekNumber", "entryDate", "tasksDone", "hoursWorked", "issuesFaced", "attachments", "status", "signedOffAt", "signedOffById", "supervisorComment", "createdAt", "updatedAt") VALUES ('log-070', 'prj-012', 'usr-020', 4, '2026-06-30T09:40:58.220Z', 'Membina prototaip dan membuat pendawaian pada papan projek', 6, 'Isu pemanasan berlebihan pada transistor kawalan; ditambah heatsink.', '["logbook-photo-1.jpg","logbook-photo-2.jpg"]', 'SIGNED_OFF', '2026-07-01T09:40:58.220Z', 'sup-003', 'Kemajuan baik, teruskan usaha yang cemerlang.', '2026-06-30T09:40:58.220Z', '2026-07-14T09:40:58.221Z');
INSERT INTO "LogbookEntry" ("id", "projectId", "studentId", "weekNumber", "entryDate", "tasksDone", "hoursWorked", "issuesFaced", "attachments", "status", "signedOffAt", "signedOffById", "supervisorComment", "createdAt", "updatedAt") VALUES ('log-071', 'prj-012', 'usr-020', 5, '2026-07-07T09:40:58.221Z', 'Menjalankan ujian fungsi asas dan penyelesaian masalah (troubleshooting)', 7, 'Kesukaran mendapatkan refrigeran R-410A; diasingkan sementara.', NULL, 'SIGNED_OFF', '2026-07-08T09:40:58.221Z', 'sup-003', 'Kemajuan baik, teruskan usaha yang cemerlang.', '2026-07-07T09:40:58.221Z', '2026-07-14T09:40:58.222Z');
INSERT INTO "LogbookEntry" ("id", "projectId", "studentId", "weekNumber", "entryDate", "tasksDone", "hoursWorked", "issuesFaced", "attachments", "status", "signedOffAt", "signedOffById", "supervisorComment", "createdAt", "updatedAt") VALUES ('log-072', 'prj-012', 'usr-020', 6, '2026-07-14T09:40:58.222Z', 'Merekod data ujian dan menyediakan laporan teknikal akhir', 8, 'Litar kawalan perlu dibaiki selepas ujian voltan tinggi.', NULL, 'SIGNED_OFF', '2026-07-15T09:40:58.222Z', 'sup-003', 'Kemajuan baik, teruskan usaha yang cemerlang.', '2026-07-14T09:40:58.222Z', '2026-07-14T09:40:58.222Z');
INSERT INTO "LogbookEntry" ("id", "projectId", "studentId", "weekNumber", "entryDate", "tasksDone", "hoursWorked", "issuesFaced", "attachments", "status", "signedOffAt", "signedOffById", "supervisorComment", "createdAt", "updatedAt") VALUES ('log-073', 'prj-013', 'usr-021', 1, '2026-06-09T09:40:58.223Z', 'Menyediakan kajian literatur dan tinjauan teknologi sedia ada', 7, 'Tiada isu utama, kerja berjalan lancar.', NULL, 'SIGNED_OFF', '2026-06-10T09:40:58.223Z', 'sup-005', 'Kemajuan baik, teruskan usaha yang cemerlang.', '2026-06-09T09:40:58.223Z', '2026-07-14T09:40:58.224Z');
INSERT INTO "LogbookEntry" ("id", "projectId", "studentId", "weekNumber", "entryDate", "tasksDone", "hoursWorked", "issuesFaced", "attachments", "status", "signedOffAt", "signedOffById", "supervisorComment", "createdAt", "updatedAt") VALUES ('log-074', 'prj-013', 'usr-021', 2, '2026-06-16T09:40:58.224Z', 'Merekabentuk litar skematik dan gambarajah blok sistem', 8, 'Bekalan komponen sedikit lewat, perlu menunggu 3 hari.', NULL, 'SIGNED_OFF', '2026-06-17T09:40:58.224Z', 'sup-005', 'Kemajuan baik, teruskan usaha yang cemerlang.', '2026-06-16T09:40:58.224Z', '2026-07-14T09:40:58.224Z');
INSERT INTO "LogbookEntry" ("id", "projectId", "studentId", "weekNumber", "entryDate", "tasksDone", "hoursWorked", "issuesFaced", "attachments", "status", "signedOffAt", "signedOffById", "supervisorComment", "createdAt", "updatedAt") VALUES ('log-075', 'prj-013', 'usr-021', 3, '2026-06-23T09:40:58.224Z', 'Membeli komponen dan peralatan projek dari pembekal', 9, 'Berlaku percanggahan spesifikasi motor dengan pengawal; ditukar model.', NULL, 'SIGNED_OFF', '2026-06-24T09:40:58.224Z', 'sup-005', 'Kemajuan baik, teruskan usaha yang cemerlang.', '2026-06-23T09:40:58.224Z', '2026-07-14T09:40:58.225Z');
INSERT INTO "LogbookEntry" ("id", "projectId", "studentId", "weekNumber", "entryDate", "tasksDone", "hoursWorked", "issuesFaced", "attachments", "status", "signedOffAt", "signedOffById", "supervisorComment", "createdAt", "updatedAt") VALUES ('log-076', 'prj-013', 'usr-021', 4, '2026-06-30T09:40:58.225Z', 'Membina prototaip dan membuat pendawaian pada papan projek', 6, 'Isu pemanasan berlebihan pada transistor kawalan; ditambah heatsink.', '["logbook-photo-1.jpg","logbook-photo-2.jpg"]', 'SIGNED_OFF', '2026-07-01T09:40:58.225Z', 'sup-005', 'Kemajuan baik, teruskan usaha yang cemerlang.', '2026-06-30T09:40:58.225Z', '2026-07-14T09:40:58.226Z');
INSERT INTO "LogbookEntry" ("id", "projectId", "studentId", "weekNumber", "entryDate", "tasksDone", "hoursWorked", "issuesFaced", "attachments", "status", "signedOffAt", "signedOffById", "supervisorComment", "createdAt", "updatedAt") VALUES ('log-077', 'prj-013', 'usr-021', 5, '2026-07-07T09:40:58.226Z', 'Menjalankan ujian fungsi asas dan penyelesaian masalah (troubleshooting)', 7, 'Kesukaran mendapatkan refrigeran R-410A; diasingkan sementara.', NULL, 'SIGNED_OFF', '2026-07-08T09:40:58.226Z', 'sup-005', 'Kemajuan baik, teruskan usaha yang cemerlang.', '2026-07-07T09:40:58.226Z', '2026-07-14T09:40:58.227Z');
INSERT INTO "LogbookEntry" ("id", "projectId", "studentId", "weekNumber", "entryDate", "tasksDone", "hoursWorked", "issuesFaced", "attachments", "status", "signedOffAt", "signedOffById", "supervisorComment", "createdAt", "updatedAt") VALUES ('log-078', 'prj-013', 'usr-021', 6, '2026-07-14T09:40:58.227Z', 'Merekod data ujian dan menyediakan laporan teknikal akhir', 8, 'Litar kawalan perlu dibaiki selepas ujian voltan tinggi.', NULL, 'SIGNED_OFF', '2026-07-15T09:40:58.227Z', 'sup-005', 'Kemajuan baik, teruskan usaha yang cemerlang.', '2026-07-14T09:40:58.227Z', '2026-07-14T09:40:58.227Z');
INSERT INTO "LogbookEntry" ("id", "projectId", "studentId", "weekNumber", "entryDate", "tasksDone", "hoursWorked", "issuesFaced", "attachments", "status", "signedOffAt", "signedOffById", "supervisorComment", "createdAt", "updatedAt") VALUES ('log-079', 'prj-014', 'usr-022', 1, '2026-06-09T09:40:58.228Z', 'Menyediakan kajian literatur dan tinjauan teknologi sedia ada', 7, 'Tiada isu utama, kerja berjalan lancar.', NULL, 'SIGNED_OFF', '2026-06-10T09:40:58.228Z', 'sup-008', 'Kemajuan baik, teruskan usaha yang cemerlang.', '2026-06-09T09:40:58.228Z', '2026-07-14T09:40:58.229Z');
INSERT INTO "LogbookEntry" ("id", "projectId", "studentId", "weekNumber", "entryDate", "tasksDone", "hoursWorked", "issuesFaced", "attachments", "status", "signedOffAt", "signedOffById", "supervisorComment", "createdAt", "updatedAt") VALUES ('log-080', 'prj-014', 'usr-022', 2, '2026-06-16T09:40:58.229Z', 'Merekabentuk litar skematik dan gambarajah blok sistem', 8, 'Bekalan komponen sedikit lewat, perlu menunggu 3 hari.', NULL, 'SIGNED_OFF', '2026-06-17T09:40:58.229Z', 'sup-008', 'Kemajuan baik, teruskan usaha yang cemerlang.', '2026-06-16T09:40:58.229Z', '2026-07-14T09:40:58.229Z');
INSERT INTO "LogbookEntry" ("id", "projectId", "studentId", "weekNumber", "entryDate", "tasksDone", "hoursWorked", "issuesFaced", "attachments", "status", "signedOffAt", "signedOffById", "supervisorComment", "createdAt", "updatedAt") VALUES ('log-081', 'prj-014', 'usr-022', 3, '2026-06-23T09:40:58.229Z', 'Membeli komponen dan peralatan projek dari pembekal', 9, 'Berlaku percanggahan spesifikasi motor dengan pengawal; ditukar model.', NULL, 'SIGNED_OFF', '2026-06-24T09:40:58.229Z', 'sup-008', 'Kemajuan baik, teruskan usaha yang cemerlang.', '2026-06-23T09:40:58.229Z', '2026-07-14T09:40:58.230Z');
INSERT INTO "LogbookEntry" ("id", "projectId", "studentId", "weekNumber", "entryDate", "tasksDone", "hoursWorked", "issuesFaced", "attachments", "status", "signedOffAt", "signedOffById", "supervisorComment", "createdAt", "updatedAt") VALUES ('log-082', 'prj-014', 'usr-022', 4, '2026-06-30T09:40:58.230Z', 'Membina prototaip dan membuat pendawaian pada papan projek', 6, 'Isu pemanasan berlebihan pada transistor kawalan; ditambah heatsink.', '["logbook-photo-1.jpg","logbook-photo-2.jpg"]', 'SIGNED_OFF', '2026-07-01T09:40:58.230Z', 'sup-008', 'Kemajuan baik, teruskan usaha yang cemerlang.', '2026-06-30T09:40:58.230Z', '2026-07-14T09:40:58.231Z');
INSERT INTO "LogbookEntry" ("id", "projectId", "studentId", "weekNumber", "entryDate", "tasksDone", "hoursWorked", "issuesFaced", "attachments", "status", "signedOffAt", "signedOffById", "supervisorComment", "createdAt", "updatedAt") VALUES ('log-083', 'prj-014', 'usr-022', 5, '2026-07-07T09:40:58.231Z', 'Menjalankan ujian fungsi asas dan penyelesaian masalah (troubleshooting)', 7, 'Kesukaran mendapatkan refrigeran R-410A; diasingkan sementara.', NULL, 'SIGNED_OFF', '2026-07-08T09:40:58.231Z', 'sup-008', 'Kemajuan baik, teruskan usaha yang cemerlang.', '2026-07-07T09:40:58.231Z', '2026-07-14T09:40:58.232Z');
INSERT INTO "LogbookEntry" ("id", "projectId", "studentId", "weekNumber", "entryDate", "tasksDone", "hoursWorked", "issuesFaced", "attachments", "status", "signedOffAt", "signedOffById", "supervisorComment", "createdAt", "updatedAt") VALUES ('log-084', 'prj-014', 'usr-022', 6, '2026-07-14T09:40:58.232Z', 'Merekod data ujian dan menyediakan laporan teknikal akhir', 8, 'Litar kawalan perlu dibaiki selepas ujian voltan tinggi.', NULL, 'PENDING', NULL, NULL, NULL, '2026-07-14T09:40:58.232Z', '2026-07-14T09:40:58.232Z');
INSERT INTO "LogbookEntry" ("id", "projectId", "studentId", "weekNumber", "entryDate", "tasksDone", "hoursWorked", "issuesFaced", "attachments", "status", "signedOffAt", "signedOffById", "supervisorComment", "createdAt", "updatedAt") VALUES ('log-085', 'prj-015', 'usr-023', 1, '2026-06-09T09:40:58.233Z', 'Menyediakan kajian literatur dan tinjauan teknologi sedia ada', 7, 'Tiada isu utama, kerja berjalan lancar.', NULL, 'SIGNED_OFF', '2026-06-10T09:40:58.233Z', 'sup-002', 'Kemajuan baik, teruskan usaha yang cemerlang.', '2026-06-09T09:40:58.233Z', '2026-07-14T09:40:58.234Z');
INSERT INTO "LogbookEntry" ("id", "projectId", "studentId", "weekNumber", "entryDate", "tasksDone", "hoursWorked", "issuesFaced", "attachments", "status", "signedOffAt", "signedOffById", "supervisorComment", "createdAt", "updatedAt") VALUES ('log-086', 'prj-015', 'usr-023', 2, '2026-06-16T09:40:58.234Z', 'Merekabentuk litar skematik dan gambarajah blok sistem', 8, 'Bekalan komponen sedikit lewat, perlu menunggu 3 hari.', NULL, 'SIGNED_OFF', '2026-06-17T09:40:58.234Z', 'sup-002', 'Kemajuan baik, teruskan usaha yang cemerlang.', '2026-06-16T09:40:58.234Z', '2026-07-14T09:40:58.235Z');
INSERT INTO "LogbookEntry" ("id", "projectId", "studentId", "weekNumber", "entryDate", "tasksDone", "hoursWorked", "issuesFaced", "attachments", "status", "signedOffAt", "signedOffById", "supervisorComment", "createdAt", "updatedAt") VALUES ('log-087', 'prj-015', 'usr-023', 3, '2026-06-23T09:40:58.235Z', 'Membeli komponen dan peralatan projek dari pembekal', 9, 'Berlaku percanggahan spesifikasi motor dengan pengawal; ditukar model.', NULL, 'SIGNED_OFF', '2026-06-24T09:40:58.235Z', 'sup-002', 'Kemajuan baik, teruskan usaha yang cemerlang.', '2026-06-23T09:40:58.235Z', '2026-07-14T09:40:58.235Z');
INSERT INTO "LogbookEntry" ("id", "projectId", "studentId", "weekNumber", "entryDate", "tasksDone", "hoursWorked", "issuesFaced", "attachments", "status", "signedOffAt", "signedOffById", "supervisorComment", "createdAt", "updatedAt") VALUES ('log-088', 'prj-015', 'usr-023', 4, '2026-06-30T09:40:58.235Z', 'Membina prototaip dan membuat pendawaian pada papan projek', 6, 'Isu pemanasan berlebihan pada transistor kawalan; ditambah heatsink.', '["logbook-photo-1.jpg","logbook-photo-2.jpg"]', 'SIGNED_OFF', '2026-07-01T09:40:58.235Z', 'sup-002', 'Kemajuan baik, teruskan usaha yang cemerlang.', '2026-06-30T09:40:58.235Z', '2026-07-14T09:40:58.236Z');
INSERT INTO "LogbookEntry" ("id", "projectId", "studentId", "weekNumber", "entryDate", "tasksDone", "hoursWorked", "issuesFaced", "attachments", "status", "signedOffAt", "signedOffById", "supervisorComment", "createdAt", "updatedAt") VALUES ('log-089', 'prj-015', 'usr-023', 5, '2026-07-07T09:40:58.236Z', 'Menjalankan ujian fungsi asas dan penyelesaian masalah (troubleshooting)', 7, 'Kesukaran mendapatkan refrigeran R-410A; diasingkan sementara.', NULL, 'SIGNED_OFF', '2026-07-08T09:40:58.236Z', 'sup-002', 'Kemajuan baik, teruskan usaha yang cemerlang.', '2026-07-07T09:40:58.236Z', '2026-07-14T09:40:58.237Z');
INSERT INTO "LogbookEntry" ("id", "projectId", "studentId", "weekNumber", "entryDate", "tasksDone", "hoursWorked", "issuesFaced", "attachments", "status", "signedOffAt", "signedOffById", "supervisorComment", "createdAt", "updatedAt") VALUES ('log-090', 'prj-015', 'usr-023', 6, '2026-07-14T09:40:58.237Z', 'Merekod data ujian dan menyediakan laporan teknikal akhir', 8, 'Litar kawalan perlu dibaiki selepas ujian voltan tinggi.', NULL, 'PENDING', NULL, NULL, NULL, '2026-07-14T09:40:58.237Z', '2026-07-14T09:40:58.237Z');
INSERT INTO "LogbookEntry" ("id", "projectId", "studentId", "weekNumber", "entryDate", "tasksDone", "hoursWorked", "issuesFaced", "attachments", "status", "signedOffAt", "signedOffById", "supervisorComment", "createdAt", "updatedAt") VALUES ('log-091', 'prj-016', 'usr-024', 1, '2026-06-09T09:40:58.238Z', 'Menyediakan kajian literatur dan tinjauan teknologi sedia ada', 7, 'Tiada isu utama, kerja berjalan lancar.', NULL, 'SIGNED_OFF', '2026-06-10T09:40:58.238Z', 'sup-001', 'Kemajuan baik, teruskan usaha yang cemerlang.', '2026-06-09T09:40:58.238Z', '2026-07-14T09:40:58.239Z');
INSERT INTO "LogbookEntry" ("id", "projectId", "studentId", "weekNumber", "entryDate", "tasksDone", "hoursWorked", "issuesFaced", "attachments", "status", "signedOffAt", "signedOffById", "supervisorComment", "createdAt", "updatedAt") VALUES ('log-092', 'prj-016', 'usr-024', 2, '2026-06-16T09:40:58.239Z', 'Merekabentuk litar skematik dan gambarajah blok sistem', 8, 'Bekalan komponen sedikit lewat, perlu menunggu 3 hari.', NULL, 'SIGNED_OFF', '2026-06-17T09:40:58.239Z', 'sup-001', 'Kemajuan baik, teruskan usaha yang cemerlang.', '2026-06-16T09:40:58.239Z', '2026-07-14T09:40:58.240Z');
INSERT INTO "LogbookEntry" ("id", "projectId", "studentId", "weekNumber", "entryDate", "tasksDone", "hoursWorked", "issuesFaced", "attachments", "status", "signedOffAt", "signedOffById", "supervisorComment", "createdAt", "updatedAt") VALUES ('log-093', 'prj-016', 'usr-024', 3, '2026-06-23T09:40:58.240Z', 'Membeli komponen dan peralatan projek dari pembekal', 9, 'Berlaku percanggahan spesifikasi motor dengan pengawal; ditukar model.', NULL, 'SIGNED_OFF', '2026-06-24T09:40:58.240Z', 'sup-001', 'Kemajuan baik, teruskan usaha yang cemerlang.', '2026-06-23T09:40:58.240Z', '2026-07-14T09:40:58.240Z');
INSERT INTO "LogbookEntry" ("id", "projectId", "studentId", "weekNumber", "entryDate", "tasksDone", "hoursWorked", "issuesFaced", "attachments", "status", "signedOffAt", "signedOffById", "supervisorComment", "createdAt", "updatedAt") VALUES ('log-094', 'prj-016', 'usr-024', 4, '2026-06-30T09:40:58.240Z', 'Membina prototaip dan membuat pendawaian pada papan projek', 6, 'Isu pemanasan berlebihan pada transistor kawalan; ditambah heatsink.', '["logbook-photo-1.jpg","logbook-photo-2.jpg"]', 'SIGNED_OFF', '2026-07-01T09:40:58.240Z', 'sup-001', 'Kemajuan baik, teruskan usaha yang cemerlang.', '2026-06-30T09:40:58.240Z', '2026-07-14T09:40:58.241Z');
INSERT INTO "LogbookEntry" ("id", "projectId", "studentId", "weekNumber", "entryDate", "tasksDone", "hoursWorked", "issuesFaced", "attachments", "status", "signedOffAt", "signedOffById", "supervisorComment", "createdAt", "updatedAt") VALUES ('log-095', 'prj-016', 'usr-024', 5, '2026-07-07T09:40:58.242Z', 'Menjalankan ujian fungsi asas dan penyelesaian masalah (troubleshooting)', 7, 'Kesukaran mendapatkan refrigeran R-410A; diasingkan sementara.', NULL, 'SIGNED_OFF', '2026-07-08T09:40:58.242Z', 'sup-001', 'Kemajuan baik, teruskan usaha yang cemerlang.', '2026-07-07T09:40:58.242Z', '2026-07-14T09:40:58.242Z');
INSERT INTO "LogbookEntry" ("id", "projectId", "studentId", "weekNumber", "entryDate", "tasksDone", "hoursWorked", "issuesFaced", "attachments", "status", "signedOffAt", "signedOffById", "supervisorComment", "createdAt", "updatedAt") VALUES ('log-096', 'prj-016', 'usr-024', 6, '2026-07-14T09:40:58.242Z', 'Merekod data ujian dan menyediakan laporan teknikal akhir', 8, 'Litar kawalan perlu dibaiki selepas ujian voltan tinggi.', NULL, 'PENDING', NULL, NULL, NULL, '2026-07-14T09:40:58.242Z', '2026-07-14T09:40:58.243Z');
INSERT INTO "LogbookEntry" ("id", "projectId", "studentId", "weekNumber", "entryDate", "tasksDone", "hoursWorked", "issuesFaced", "attachments", "status", "signedOffAt", "signedOffById", "supervisorComment", "createdAt", "updatedAt") VALUES ('log-097', 'prj-017', 'usr-025', 1, '2026-06-09T09:40:58.244Z', 'Menyediakan kajian literatur dan tinjauan teknologi sedia ada', 7, 'Tiada isu utama, kerja berjalan lancar.', NULL, 'SIGNED_OFF', '2026-06-10T09:40:58.244Z', 'sup-004', 'Kemajuan baik, teruskan usaha yang cemerlang.', '2026-06-09T09:40:58.244Z', '2026-07-14T09:40:58.245Z');
INSERT INTO "LogbookEntry" ("id", "projectId", "studentId", "weekNumber", "entryDate", "tasksDone", "hoursWorked", "issuesFaced", "attachments", "status", "signedOffAt", "signedOffById", "supervisorComment", "createdAt", "updatedAt") VALUES ('log-098', 'prj-017', 'usr-025', 2, '2026-06-16T09:40:58.245Z', 'Merekabentuk litar skematik dan gambarajah blok sistem', 8, 'Bekalan komponen sedikit lewat, perlu menunggu 3 hari.', NULL, 'SIGNED_OFF', '2026-06-17T09:40:58.245Z', 'sup-004', 'Kemajuan baik, teruskan usaha yang cemerlang.', '2026-06-16T09:40:58.245Z', '2026-07-14T09:40:58.246Z');
INSERT INTO "LogbookEntry" ("id", "projectId", "studentId", "weekNumber", "entryDate", "tasksDone", "hoursWorked", "issuesFaced", "attachments", "status", "signedOffAt", "signedOffById", "supervisorComment", "createdAt", "updatedAt") VALUES ('log-099', 'prj-017', 'usr-025', 3, '2026-06-23T09:40:58.246Z', 'Membeli komponen dan peralatan projek dari pembekal', 9, 'Berlaku percanggahan spesifikasi motor dengan pengawal; ditukar model.', NULL, 'SIGNED_OFF', '2026-06-24T09:40:58.246Z', 'sup-004', 'Kemajuan baik, teruskan usaha yang cemerlang.', '2026-06-23T09:40:58.246Z', '2026-07-14T09:40:58.246Z');
INSERT INTO "LogbookEntry" ("id", "projectId", "studentId", "weekNumber", "entryDate", "tasksDone", "hoursWorked", "issuesFaced", "attachments", "status", "signedOffAt", "signedOffById", "supervisorComment", "createdAt", "updatedAt") VALUES ('log-100', 'prj-017', 'usr-025', 4, '2026-06-30T09:40:58.246Z', 'Membina prototaip dan membuat pendawaian pada papan projek', 6, 'Isu pemanasan berlebihan pada transistor kawalan; ditambah heatsink.', '["logbook-photo-1.jpg","logbook-photo-2.jpg"]', 'SIGNED_OFF', '2026-07-01T09:40:58.246Z', 'sup-004', 'Kemajuan baik, teruskan usaha yang cemerlang.', '2026-06-30T09:40:58.246Z', '2026-07-14T09:40:58.247Z');
INSERT INTO "LogbookEntry" ("id", "projectId", "studentId", "weekNumber", "entryDate", "tasksDone", "hoursWorked", "issuesFaced", "attachments", "status", "signedOffAt", "signedOffById", "supervisorComment", "createdAt", "updatedAt") VALUES ('log-101', 'prj-017', 'usr-025', 5, '2026-07-07T09:40:58.247Z', 'Menjalankan ujian fungsi asas dan penyelesaian masalah (troubleshooting)', 7, 'Kesukaran mendapatkan refrigeran R-410A; diasingkan sementara.', NULL, 'SIGNED_OFF', '2026-07-08T09:40:58.247Z', 'sup-004', 'Kemajuan baik, teruskan usaha yang cemerlang.', '2026-07-07T09:40:58.247Z', '2026-07-14T09:40:58.248Z');
INSERT INTO "LogbookEntry" ("id", "projectId", "studentId", "weekNumber", "entryDate", "tasksDone", "hoursWorked", "issuesFaced", "attachments", "status", "signedOffAt", "signedOffById", "supervisorComment", "createdAt", "updatedAt") VALUES ('log-102', 'prj-017', 'usr-025', 6, '2026-07-14T09:40:58.248Z', 'Merekod data ujian dan menyediakan laporan teknikal akhir', 8, 'Litar kawalan perlu dibaiki selepas ujian voltan tinggi.', NULL, 'PENDING', NULL, NULL, NULL, '2026-07-14T09:40:58.248Z', '2026-07-14T09:40:58.249Z');
INSERT INTO "LogbookEntry" ("id", "projectId", "studentId", "weekNumber", "entryDate", "tasksDone", "hoursWorked", "issuesFaced", "attachments", "status", "signedOffAt", "signedOffById", "supervisorComment", "createdAt", "updatedAt") VALUES ('log-103', 'prj-018', 'usr-026', 1, '2026-06-30T09:40:58.249Z', 'Menyediakan kajian literatur dan tinjauan teknologi sedia ada', 7, 'Tiada isu utama, kerja berjalan lancar.', NULL, 'SIGNED_OFF', '2026-07-01T09:40:58.249Z', 'sup-006', 'Kemajuan baik, teruskan usaha yang cemerlang.', '2026-06-30T09:40:58.249Z', '2026-07-14T09:40:58.250Z');
INSERT INTO "LogbookEntry" ("id", "projectId", "studentId", "weekNumber", "entryDate", "tasksDone", "hoursWorked", "issuesFaced", "attachments", "status", "signedOffAt", "signedOffById", "supervisorComment", "createdAt", "updatedAt") VALUES ('log-104', 'prj-018', 'usr-026', 2, '2026-07-07T09:40:58.250Z', 'Merekabentuk litar skematik dan gambarajah blok sistem', 8, 'Bekalan komponen sedikit lewat, perlu menunggu 3 hari.', NULL, 'SIGNED_OFF', '2026-07-08T09:40:58.250Z', 'sup-006', 'Kemajuan baik, teruskan usaha yang cemerlang.', '2026-07-07T09:40:58.250Z', '2026-07-14T09:40:58.252Z');
INSERT INTO "LogbookEntry" ("id", "projectId", "studentId", "weekNumber", "entryDate", "tasksDone", "hoursWorked", "issuesFaced", "attachments", "status", "signedOffAt", "signedOffById", "supervisorComment", "createdAt", "updatedAt") VALUES ('log-105', 'prj-018', 'usr-026', 3, '2026-07-14T09:40:58.252Z', 'Membeli komponen dan peralatan projek dari pembekal', 9, 'Berlaku percanggahan spesifikasi motor dengan pengawal; ditukar model.', NULL, 'PENDING', NULL, NULL, NULL, '2026-07-14T09:40:58.252Z', '2026-07-14T09:40:58.252Z');
INSERT INTO "LogbookEntry" ("id", "projectId", "studentId", "weekNumber", "entryDate", "tasksDone", "hoursWorked", "issuesFaced", "attachments", "status", "signedOffAt", "signedOffById", "supervisorComment", "createdAt", "updatedAt") VALUES ('log-109', 'prj-019', 'usr-027', 1, '2026-06-30T09:40:58.253Z', 'Menyediakan kajian literatur dan tinjauan teknologi sedia ada', 7, 'Tiada isu utama, kerja berjalan lancar.', NULL, 'SIGNED_OFF', '2026-07-01T09:40:58.253Z', 'sup-007', 'Kemajuan baik, teruskan usaha yang cemerlang.', '2026-06-30T09:40:58.253Z', '2026-07-14T09:40:58.254Z');
INSERT INTO "LogbookEntry" ("id", "projectId", "studentId", "weekNumber", "entryDate", "tasksDone", "hoursWorked", "issuesFaced", "attachments", "status", "signedOffAt", "signedOffById", "supervisorComment", "createdAt", "updatedAt") VALUES ('log-110', 'prj-019', 'usr-027', 2, '2026-07-07T09:40:58.254Z', 'Merekabentuk litar skematik dan gambarajah blok sistem', 8, 'Bekalan komponen sedikit lewat, perlu menunggu 3 hari.', NULL, 'SIGNED_OFF', '2026-07-08T09:40:58.254Z', 'sup-007', 'Kemajuan baik, teruskan usaha yang cemerlang.', '2026-07-07T09:40:58.254Z', '2026-07-14T09:40:58.255Z');
INSERT INTO "LogbookEntry" ("id", "projectId", "studentId", "weekNumber", "entryDate", "tasksDone", "hoursWorked", "issuesFaced", "attachments", "status", "signedOffAt", "signedOffById", "supervisorComment", "createdAt", "updatedAt") VALUES ('log-111', 'prj-019', 'usr-027', 3, '2026-07-14T09:40:58.255Z', 'Membeli komponen dan peralatan projek dari pembekal', 9, 'Berlaku percanggahan spesifikasi motor dengan pengawal; ditukar model.', NULL, 'PENDING', NULL, NULL, NULL, '2026-07-14T09:40:58.255Z', '2026-07-14T09:40:58.255Z');
INSERT INTO "LogbookEntry" ("id", "projectId", "studentId", "weekNumber", "entryDate", "tasksDone", "hoursWorked", "issuesFaced", "attachments", "status", "signedOffAt", "signedOffById", "supervisorComment", "createdAt", "updatedAt") VALUES ('log-115', 'prj-020', 'usr-028', 1, '2026-06-30T09:40:58.256Z', 'Menyediakan kajian literatur dan tinjauan teknologi sedia ada', 7, 'Tiada isu utama, kerja berjalan lancar.', NULL, 'SIGNED_OFF', '2026-07-01T09:40:58.256Z', 'sup-001', 'Kemajuan baik, teruskan usaha yang cemerlang.', '2026-06-30T09:40:58.256Z', '2026-07-14T09:40:58.257Z');
INSERT INTO "LogbookEntry" ("id", "projectId", "studentId", "weekNumber", "entryDate", "tasksDone", "hoursWorked", "issuesFaced", "attachments", "status", "signedOffAt", "signedOffById", "supervisorComment", "createdAt", "updatedAt") VALUES ('log-116', 'prj-020', 'usr-028', 2, '2026-07-07T09:40:58.257Z', 'Merekabentuk litar skematik dan gambarajah blok sistem', 8, 'Bekalan komponen sedikit lewat, perlu menunggu 3 hari.', NULL, 'SIGNED_OFF', '2026-07-08T09:40:58.257Z', 'sup-001', 'Kemajuan baik, teruskan usaha yang cemerlang.', '2026-07-07T09:40:58.257Z', '2026-07-14T09:40:58.258Z');
INSERT INTO "LogbookEntry" ("id", "projectId", "studentId", "weekNumber", "entryDate", "tasksDone", "hoursWorked", "issuesFaced", "attachments", "status", "signedOffAt", "signedOffById", "supervisorComment", "createdAt", "updatedAt") VALUES ('log-117', 'prj-020', 'usr-028', 3, '2026-07-14T09:40:58.258Z', 'Membeli komponen dan peralatan projek dari pembekal', 9, 'Berlaku percanggahan spesifikasi motor dengan pengawal; ditukar model.', NULL, 'PENDING', NULL, NULL, NULL, '2026-07-14T09:40:58.258Z', '2026-07-14T09:40:58.259Z');
INSERT INTO "LogbookEntry" ("id", "projectId", "studentId", "weekNumber", "entryDate", "tasksDone", "hoursWorked", "issuesFaced", "attachments", "status", "signedOffAt", "signedOffById", "supervisorComment", "createdAt", "updatedAt") VALUES ('log-121', 'prj-021', 'usr-029', 1, '2026-06-30T09:40:58.259Z', 'Menyediakan kajian literatur dan tinjauan teknologi sedia ada', 7, 'Tiada isu utama, kerja berjalan lancar.', NULL, 'SIGNED_OFF', '2026-07-01T09:40:58.259Z', 'sup-002', 'Kemajuan baik, teruskan usaha yang cemerlang.', '2026-06-30T09:40:58.259Z', '2026-07-14T09:40:58.260Z');
INSERT INTO "LogbookEntry" ("id", "projectId", "studentId", "weekNumber", "entryDate", "tasksDone", "hoursWorked", "issuesFaced", "attachments", "status", "signedOffAt", "signedOffById", "supervisorComment", "createdAt", "updatedAt") VALUES ('log-122', 'prj-021', 'usr-029', 2, '2026-07-07T09:40:58.260Z', 'Merekabentuk litar skematik dan gambarajah blok sistem', 8, 'Bekalan komponen sedikit lewat, perlu menunggu 3 hari.', NULL, 'SIGNED_OFF', '2026-07-08T09:40:58.260Z', 'sup-002', 'Kemajuan baik, teruskan usaha yang cemerlang.', '2026-07-07T09:40:58.260Z', '2026-07-14T09:40:58.260Z');
INSERT INTO "LogbookEntry" ("id", "projectId", "studentId", "weekNumber", "entryDate", "tasksDone", "hoursWorked", "issuesFaced", "attachments", "status", "signedOffAt", "signedOffById", "supervisorComment", "createdAt", "updatedAt") VALUES ('log-123', 'prj-021', 'usr-029', 3, '2026-07-14T09:40:58.260Z', 'Membeli komponen dan peralatan projek dari pembekal', 9, 'Berlaku percanggahan spesifikasi motor dengan pengawal; ditukar model.', NULL, 'PENDING', NULL, NULL, NULL, '2026-07-14T09:40:58.260Z', '2026-07-14T09:40:58.261Z');
INSERT INTO "LogbookEntry" ("id", "projectId", "studentId", "weekNumber", "entryDate", "tasksDone", "hoursWorked", "issuesFaced", "attachments", "status", "signedOffAt", "signedOffById", "supervisorComment", "createdAt", "updatedAt") VALUES ('log-127', 'prj-022', 'usr-030', 1, '2026-06-30T09:40:58.261Z', 'Menyediakan kajian literatur dan tinjauan teknologi sedia ada', 7, 'Tiada isu utama, kerja berjalan lancar.', NULL, 'SIGNED_OFF', '2026-07-01T09:40:58.261Z', 'sup-003', 'Kemajuan baik, teruskan usaha yang cemerlang.', '2026-06-30T09:40:58.261Z', '2026-07-14T09:40:58.262Z');
INSERT INTO "LogbookEntry" ("id", "projectId", "studentId", "weekNumber", "entryDate", "tasksDone", "hoursWorked", "issuesFaced", "attachments", "status", "signedOffAt", "signedOffById", "supervisorComment", "createdAt", "updatedAt") VALUES ('log-128', 'prj-022', 'usr-030', 2, '2026-07-07T09:40:58.262Z', 'Merekabentuk litar skematik dan gambarajah blok sistem', 8, 'Bekalan komponen sedikit lewat, perlu menunggu 3 hari.', NULL, 'SIGNED_OFF', '2026-07-08T09:40:58.262Z', 'sup-003', 'Kemajuan baik, teruskan usaha yang cemerlang.', '2026-07-07T09:40:58.262Z', '2026-07-14T09:40:58.263Z');
INSERT INTO "LogbookEntry" ("id", "projectId", "studentId", "weekNumber", "entryDate", "tasksDone", "hoursWorked", "issuesFaced", "attachments", "status", "signedOffAt", "signedOffById", "supervisorComment", "createdAt", "updatedAt") VALUES ('log-129', 'prj-022', 'usr-030', 3, '2026-07-14T09:40:58.263Z', 'Membeli komponen dan peralatan projek dari pembekal', 9, 'Berlaku percanggahan spesifikasi motor dengan pengawal; ditukar model.', NULL, 'PENDING', NULL, NULL, NULL, '2026-07-14T09:40:58.263Z', '2026-07-14T09:40:58.263Z');
INSERT INTO "LogbookEntry" ("id", "projectId", "studentId", "weekNumber", "entryDate", "tasksDone", "hoursWorked", "issuesFaced", "attachments", "status", "signedOffAt", "signedOffById", "supervisorComment", "createdAt", "updatedAt") VALUES ('log-133', 'prj-023', 'usr-031', 1, '2026-06-30T09:40:58.264Z', 'Menyediakan kajian literatur dan tinjauan teknologi sedia ada', 7, 'Tiada isu utama, kerja berjalan lancar.', NULL, 'SIGNED_OFF', '2026-07-01T09:40:58.264Z', 'sup-005', 'Kemajuan baik, teruskan usaha yang cemerlang.', '2026-06-30T09:40:58.264Z', '2026-07-14T09:40:58.265Z');
INSERT INTO "LogbookEntry" ("id", "projectId", "studentId", "weekNumber", "entryDate", "tasksDone", "hoursWorked", "issuesFaced", "attachments", "status", "signedOffAt", "signedOffById", "supervisorComment", "createdAt", "updatedAt") VALUES ('log-134', 'prj-023', 'usr-031', 2, '2026-07-07T09:40:58.265Z', 'Merekabentuk litar skematik dan gambarajah blok sistem', 8, 'Bekalan komponen sedikit lewat, perlu menunggu 3 hari.', NULL, 'SIGNED_OFF', '2026-07-08T09:40:58.265Z', 'sup-005', 'Kemajuan baik, teruskan usaha yang cemerlang.', '2026-07-07T09:40:58.265Z', '2026-07-14T09:40:58.265Z');
INSERT INTO "LogbookEntry" ("id", "projectId", "studentId", "weekNumber", "entryDate", "tasksDone", "hoursWorked", "issuesFaced", "attachments", "status", "signedOffAt", "signedOffById", "supervisorComment", "createdAt", "updatedAt") VALUES ('log-135', 'prj-023', 'usr-031', 3, '2026-07-14T09:40:58.265Z', 'Membeli komponen dan peralatan projek dari pembekal', 9, 'Berlaku percanggahan spesifikasi motor dengan pengawal; ditukar model.', NULL, 'PENDING', NULL, NULL, NULL, '2026-07-14T09:40:58.265Z', '2026-07-14T09:40:58.266Z');
INSERT INTO "LogbookEntry" ("id", "projectId", "studentId", "weekNumber", "entryDate", "tasksDone", "hoursWorked", "issuesFaced", "attachments", "status", "signedOffAt", "signedOffById", "supervisorComment", "createdAt", "updatedAt") VALUES ('log-139', 'prj-024', 'usr-032', 1, '2026-07-07T09:40:58.266Z', 'Menyediakan kajian literatur dan tinjauan teknologi sedia ada', 7, 'Tiada isu utama, kerja berjalan lancar.', NULL, 'SIGNED_OFF', '2026-07-08T09:40:58.266Z', 'sup-008', 'Kemajuan baik, teruskan usaha yang cemerlang.', '2026-07-07T09:40:58.266Z', '2026-07-14T09:40:58.267Z');
INSERT INTO "LogbookEntry" ("id", "projectId", "studentId", "weekNumber", "entryDate", "tasksDone", "hoursWorked", "issuesFaced", "attachments", "status", "signedOffAt", "signedOffById", "supervisorComment", "createdAt", "updatedAt") VALUES ('log-140', 'prj-024', 'usr-032', 2, '2026-07-14T09:40:58.267Z', 'Merekabentuk litar skematik dan gambarajah blok sistem', 8, 'Bekalan komponen sedikit lewat, perlu menunggu 3 hari.', NULL, 'PENDING', NULL, NULL, NULL, '2026-07-14T09:40:58.267Z', '2026-07-14T09:40:58.268Z');
INSERT INTO "LogbookEntry" ("id", "projectId", "studentId", "weekNumber", "entryDate", "tasksDone", "hoursWorked", "issuesFaced", "attachments", "status", "signedOffAt", "signedOffById", "supervisorComment", "createdAt", "updatedAt") VALUES ('log-145', 'prj-025', 'usr-033', 1, '2026-07-07T09:40:58.269Z', 'Menyediakan kajian literatur dan tinjauan teknologi sedia ada', 7, 'Tiada isu utama, kerja berjalan lancar.', NULL, 'SIGNED_OFF', '2026-07-08T09:40:58.269Z', 'sup-002', 'Kemajuan baik, teruskan usaha yang cemerlang.', '2026-07-07T09:40:58.269Z', '2026-07-14T09:40:58.269Z');
INSERT INTO "LogbookEntry" ("id", "projectId", "studentId", "weekNumber", "entryDate", "tasksDone", "hoursWorked", "issuesFaced", "attachments", "status", "signedOffAt", "signedOffById", "supervisorComment", "createdAt", "updatedAt") VALUES ('log-146', 'prj-025', 'usr-033', 2, '2026-07-14T09:40:58.269Z', 'Merekabentuk litar skematik dan gambarajah blok sistem', 8, 'Bekalan komponen sedikit lewat, perlu menunggu 3 hari.', NULL, 'PENDING', NULL, NULL, NULL, '2026-07-14T09:40:58.269Z', '2026-07-14T09:40:58.270Z');

-- Document (49 rows)
DELETE FROM "Document";
INSERT INTO "Document" ("id", "projectId", "uploadedById", "type", "title", "fileName", "filePath", "fileSize", "mimeType", "version", "status", "comments", "reviewedAt", "reviewedById", "createdAt", "updatedAt") VALUES ('cmrkh81id000hq4wlax8y0xkl', 'prj-001', 'usr-009', 'PROPOSAL', 'Cadangan Ujian', 'cadangan.pdf', '&#x2F;uploads&#x2F;cadangan.pdf', 102400, 'application&#x2F;pdf', 1, 'UPLOADED', NULL, NULL, NULL, '2026-07-14T09:56:25.381Z', '2026-07-14T09:56:25.381Z');
INSERT INTO "Document" ("id", "projectId", "uploadedById", "type", "title", "fileName", "filePath", "fileSize", "mimeType", "version", "status", "comments", "reviewedAt", "reviewedById", "createdAt", "updatedAt") VALUES ('cmrkh8hqe0017q4wlgs9nnjth', 'prj-001', 'usr-009', 'DRAFT_CHAPTER', 'Bab 1 Ujian', 'bab1.pdf', '&#x2F;uploads&#x2F;bab1.pdf', 204800, 'application&#x2F;pdf', 1, 'UPLOADED', NULL, NULL, NULL, '2026-07-14T09:56:46.407Z', '2026-07-14T09:56:46.407Z');
INSERT INTO "Document" ("id", "projectId", "uploadedById", "type", "title", "fileName", "filePath", "fileSize", "mimeType", "version", "status", "comments", "reviewedAt", "reviewedById", "createdAt", "updatedAt") VALUES ('cmrkh8hxi001dq4wl554o123h', 'prj-001', 'usr-009', 'DRAFT_CHAPTER', 'Bab 1 Ujian', 'bab1.pdf', '&#x2F;uploads&#x2F;bab1_v2.pdf', 220000, 'application&#x2F;pdf', 2, 'UPLOADED', NULL, NULL, NULL, '2026-07-14T09:56:46.663Z', '2026-07-14T09:56:46.663Z');
INSERT INTO "Document" ("id", "projectId", "uploadedById", "type", "title", "fileName", "filePath", "fileSize", "mimeType", "version", "status", "comments", "reviewedAt", "reviewedById", "createdAt", "updatedAt") VALUES ('doc-001', 'prj-001', 'usr-009', 'PROPOSAL', 'PROPOSAL - Sistem Kawalan Motor 3 Fasa Be', 'proposal_1_v1.pdf', '/uploads/projects/prj-001/proposal_1_v1.pdf', 2097152, 'application/pdf', 1, 'APPROVED', '[{"page":2,"comment":"Baik, perlu tambah rujukan IEC 60364."}]', '2026-07-14T09:40:58.085Z', 'sup-002', '2026-03-16T09:40:58.085Z', '2026-07-14T09:40:58.532Z');
INSERT INTO "Document" ("id", "projectId", "uploadedById", "type", "title", "fileName", "filePath", "fileSize", "mimeType", "version", "status", "comments", "reviewedAt", "reviewedById", "createdAt", "updatedAt") VALUES ('doc-002', 'prj-001', 'usr-009', 'DRAFT_CHAPTER', 'DRAFT CHAPTER - Sistem Kawalan Motor 3 Fasa Be', 'draft_chapter_1_v2.pdf', '/uploads/projects/prj-001/draft_chapter_1_v2.pdf', 3145728, 'application/pdf', 2, 'APPROVED', '[{"page":2,"comment":"Baik, perlu tambah rujukan IEC 60364."}]', '2026-07-14T09:40:58.085Z', 'sup-002', '2026-03-30T09:40:58.085Z', '2026-07-14T09:40:58.534Z');
INSERT INTO "Document" ("id", "projectId", "uploadedById", "type", "title", "fileName", "filePath", "fileSize", "mimeType", "version", "status", "comments", "reviewedAt", "reviewedById", "createdAt", "updatedAt") VALUES ('doc-003', 'prj-001', 'usr-009', 'FINAL_REPORT', 'FINAL REPORT - Sistem Kawalan Motor 3 Fasa Be', 'final_report_1_v3.pdf', '/uploads/projects/prj-001/final_report_1_v3.pdf', 4194304, 'application/pdf', 3, 'APPROVED', '[{"page":2,"comment":"Baik, perlu tambah rujukan IEC 60364."}]', '2026-07-14T09:40:58.085Z', 'sup-002', '2026-04-13T09:40:58.085Z', '2026-07-14T09:40:58.535Z');
INSERT INTO "Document" ("id", "projectId", "uploadedById", "type", "title", "fileName", "filePath", "fileSize", "mimeType", "version", "status", "comments", "reviewedAt", "reviewedById", "createdAt", "updatedAt") VALUES ('doc-004', 'prj-002', 'usr-010', 'PROPOSAL', 'PROPOSAL - Reka Bentuk Sistem Pendawaian ', 'proposal_2_v1.pdf', '/uploads/projects/prj-002/proposal_2_v1.pdf', 2097152, 'application/pdf', 1, 'APPROVED', '[{"page":2,"comment":"Baik, perlu tambah rujukan IEC 60364."}]', '2026-07-14T09:40:58.089Z', 'sup-003', '2026-03-20T09:40:58.089Z', '2026-07-14T09:40:58.537Z');
INSERT INTO "Document" ("id", "projectId", "uploadedById", "type", "title", "fileName", "filePath", "fileSize", "mimeType", "version", "status", "comments", "reviewedAt", "reviewedById", "createdAt", "updatedAt") VALUES ('doc-005', 'prj-002', 'usr-010', 'DRAFT_CHAPTER', 'DRAFT CHAPTER - Reka Bentuk Sistem Pendawaian ', 'draft_chapter_2_v2.pdf', '/uploads/projects/prj-002/draft_chapter_2_v2.pdf', 3145728, 'application/pdf', 2, 'APPROVED', '[{"page":2,"comment":"Baik, perlu tambah rujukan IEC 60364."}]', '2026-07-14T09:40:58.089Z', 'sup-003', '2026-04-03T09:40:58.089Z', '2026-07-14T09:40:58.538Z');
INSERT INTO "Document" ("id", "projectId", "uploadedById", "type", "title", "fileName", "filePath", "fileSize", "mimeType", "version", "status", "comments", "reviewedAt", "reviewedById", "createdAt", "updatedAt") VALUES ('doc-006', 'prj-002', 'usr-010', 'FINAL_REPORT', 'FINAL REPORT - Reka Bentuk Sistem Pendawaian ', 'final_report_2_v3.pdf', '/uploads/projects/prj-002/final_report_2_v3.pdf', 4194304, 'application/pdf', 3, 'APPROVED', '[{"page":2,"comment":"Baik, perlu tambah rujukan IEC 60364."}]', '2026-07-14T09:40:58.089Z', 'sup-003', '2026-04-17T09:40:58.089Z', '2026-07-14T09:40:58.538Z');
INSERT INTO "Document" ("id", "projectId", "uploadedById", "type", "title", "fileName", "filePath", "fileSize", "mimeType", "version", "status", "comments", "reviewedAt", "reviewedById", "createdAt", "updatedAt") VALUES ('doc-007', 'prj-003', 'usr-011', 'PROPOSAL', 'PROPOSAL - Pemasangan Sistem Perlindungan', 'proposal_3_v1.pdf', '/uploads/projects/prj-003/proposal_3_v1.pdf', 2097152, 'application/pdf', 1, 'APPROVED', '[{"page":2,"comment":"Baik, perlu tambah rujukan IEC 60364."}]', '2026-07-14T09:40:58.093Z', 'sup-005', '2026-03-24T09:40:58.093Z', '2026-07-14T09:40:58.540Z');
INSERT INTO "Document" ("id", "projectId", "uploadedById", "type", "title", "fileName", "filePath", "fileSize", "mimeType", "version", "status", "comments", "reviewedAt", "reviewedById", "createdAt", "updatedAt") VALUES ('doc-008', 'prj-003', 'usr-011', 'DRAFT_CHAPTER', 'DRAFT CHAPTER - Pemasangan Sistem Perlindungan', 'draft_chapter_3_v2.pdf', '/uploads/projects/prj-003/draft_chapter_3_v2.pdf', 3145728, 'application/pdf', 2, 'APPROVED', '[{"page":2,"comment":"Baik, perlu tambah rujukan IEC 60364."}]', '2026-07-14T09:40:58.093Z', 'sup-005', '2026-04-07T09:40:58.093Z', '2026-07-14T09:40:58.544Z');
INSERT INTO "Document" ("id", "projectId", "uploadedById", "type", "title", "fileName", "filePath", "fileSize", "mimeType", "version", "status", "comments", "reviewedAt", "reviewedById", "createdAt", "updatedAt") VALUES ('doc-009', 'prj-003', 'usr-011', 'FINAL_REPORT', 'FINAL REPORT - Pemasangan Sistem Perlindungan', 'final_report_3_v3.pdf', '/uploads/projects/prj-003/final_report_3_v3.pdf', 4194304, 'application/pdf', 3, 'APPROVED', '[{"page":2,"comment":"Baik, perlu tambah rujukan IEC 60364."}]', '2026-07-14T09:40:58.093Z', 'sup-005', '2026-04-21T09:40:58.093Z', '2026-07-14T09:40:58.545Z');
INSERT INTO "Document" ("id", "projectId", "uploadedById", "type", "title", "fileName", "filePath", "fileSize", "mimeType", "version", "status", "comments", "reviewedAt", "reviewedById", "createdAt", "updatedAt") VALUES ('doc-010', 'prj-004', 'usr-012', 'PROPOSAL', 'PROPOSAL - Sistem Kawalan Lampu Jalan Ber', 'proposal_4_v1.pdf', '/uploads/projects/prj-004/proposal_4_v1.pdf', 2097152, 'application/pdf', 1, 'APPROVED', '[{"page":2,"comment":"Baik, perlu tambah rujukan IEC 60364."}]', '2026-07-14T09:40:58.097Z', 'sup-008', '2026-03-28T09:40:58.097Z', '2026-07-14T09:40:58.546Z');
INSERT INTO "Document" ("id", "projectId", "uploadedById", "type", "title", "fileName", "filePath", "fileSize", "mimeType", "version", "status", "comments", "reviewedAt", "reviewedById", "createdAt", "updatedAt") VALUES ('doc-011', 'prj-004', 'usr-012', 'DRAFT_CHAPTER', 'DRAFT CHAPTER - Sistem Kawalan Lampu Jalan Ber', 'draft_chapter_4_v2.pdf', '/uploads/projects/prj-004/draft_chapter_4_v2.pdf', 3145728, 'application/pdf', 2, 'APPROVED', '[{"page":2,"comment":"Baik, perlu tambah rujukan IEC 60364."}]', '2026-07-14T09:40:58.097Z', 'sup-008', '2026-04-11T09:40:58.097Z', '2026-07-14T09:40:58.547Z');
INSERT INTO "Document" ("id", "projectId", "uploadedById", "type", "title", "fileName", "filePath", "fileSize", "mimeType", "version", "status", "comments", "reviewedAt", "reviewedById", "createdAt", "updatedAt") VALUES ('doc-012', 'prj-004', 'usr-012', 'FINAL_REPORT', 'FINAL REPORT - Sistem Kawalan Lampu Jalan Ber', 'final_report_4_v3.pdf', '/uploads/projects/prj-004/final_report_4_v3.pdf', 4194304, 'application/pdf', 3, 'APPROVED', '[{"page":2,"comment":"Baik, perlu tambah rujukan IEC 60364."}]', '2026-07-14T09:40:58.097Z', 'sup-008', '2026-04-25T09:40:58.097Z', '2026-07-14T09:40:58.548Z');
INSERT INTO "Document" ("id", "projectId", "uploadedById", "type", "title", "fileName", "filePath", "fileSize", "mimeType", "version", "status", "comments", "reviewedAt", "reviewedById", "createdAt", "updatedAt") VALUES ('doc-013', 'prj-005', 'usr-013', 'PROPOSAL', 'PROPOSAL - Reka Bentuk Panel Kawalan Moto', 'proposal_5_v1.pdf', '/uploads/projects/prj-005/proposal_5_v1.pdf', 2097152, 'application/pdf', 1, 'APPROVED', '[{"page":2,"comment":"Baik, perlu tambah rujukan IEC 60364."}]', '2026-07-14T09:40:58.099Z', 'sup-002', '2026-04-01T09:40:58.099Z', '2026-07-14T09:40:58.550Z');
INSERT INTO "Document" ("id", "projectId", "uploadedById", "type", "title", "fileName", "filePath", "fileSize", "mimeType", "version", "status", "comments", "reviewedAt", "reviewedById", "createdAt", "updatedAt") VALUES ('doc-014', 'prj-005', 'usr-013', 'DRAFT_CHAPTER', 'DRAFT CHAPTER - Reka Bentuk Panel Kawalan Moto', 'draft_chapter_5_v2.pdf', '/uploads/projects/prj-005/draft_chapter_5_v2.pdf', 3145728, 'application/pdf', 2, 'APPROVED', '[{"page":2,"comment":"Baik, perlu tambah rujukan IEC 60364."}]', '2026-07-14T09:40:58.099Z', 'sup-002', '2026-04-15T09:40:58.099Z', '2026-07-14T09:40:58.550Z');
INSERT INTO "Document" ("id", "projectId", "uploadedById", "type", "title", "fileName", "filePath", "fileSize", "mimeType", "version", "status", "comments", "reviewedAt", "reviewedById", "createdAt", "updatedAt") VALUES ('doc-015', 'prj-005', 'usr-013', 'FINAL_REPORT', 'FINAL REPORT - Reka Bentuk Panel Kawalan Moto', 'final_report_5_v3.pdf', '/uploads/projects/prj-005/final_report_5_v3.pdf', 4194304, 'application/pdf', 3, 'APPROVED', '[{"page":2,"comment":"Baik, perlu tambah rujukan IEC 60364."}]', '2026-07-14T09:40:58.099Z', 'sup-002', '2026-04-29T09:40:58.099Z', '2026-07-14T09:40:58.551Z');
INSERT INTO "Document" ("id", "projectId", "uploadedById", "type", "title", "fileName", "filePath", "fileSize", "mimeType", "version", "status", "comments", "reviewedAt", "reviewedById", "createdAt", "updatedAt") VALUES ('doc-016', 'prj-006', 'usr-014', 'PROPOSAL', 'PROPOSAL - Integrasi Sistem Solar Fotovol', 'proposal_6_v1.pdf', '/uploads/projects/prj-006/proposal_6_v1.pdf', 2097152, 'application/pdf', 1, 'APPROVED', '[{"page":2,"comment":"Baik, perlu tambah rujukan IEC 60364."}]', '2026-07-14T09:40:58.101Z', 'sup-001', '2026-04-05T09:40:58.101Z', '2026-07-14T09:40:58.554Z');
INSERT INTO "Document" ("id", "projectId", "uploadedById", "type", "title", "fileName", "filePath", "fileSize", "mimeType", "version", "status", "comments", "reviewedAt", "reviewedById", "createdAt", "updatedAt") VALUES ('doc-017', 'prj-006', 'usr-014', 'DRAFT_CHAPTER', 'DRAFT CHAPTER - Integrasi Sistem Solar Fotovol', 'draft_chapter_6_v2.pdf', '/uploads/projects/prj-006/draft_chapter_6_v2.pdf', 3145728, 'application/pdf', 2, 'APPROVED', '[{"page":2,"comment":"Baik, perlu tambah rujukan IEC 60364."}]', '2026-07-14T09:40:58.101Z', 'sup-001', '2026-04-19T09:40:58.101Z', '2026-07-14T09:40:58.558Z');
INSERT INTO "Document" ("id", "projectId", "uploadedById", "type", "title", "fileName", "filePath", "fileSize", "mimeType", "version", "status", "comments", "reviewedAt", "reviewedById", "createdAt", "updatedAt") VALUES ('doc-018', 'prj-006', 'usr-014', 'FINAL_REPORT', 'FINAL REPORT - Integrasi Sistem Solar Fotovol', 'final_report_6_v3.pdf', '/uploads/projects/prj-006/final_report_6_v3.pdf', 4194304, 'application/pdf', 3, 'APPROVED', '[{"page":2,"comment":"Baik, perlu tambah rujukan IEC 60364."}]', '2026-07-14T09:40:58.101Z', 'sup-001', '2026-05-03T09:40:58.101Z', '2026-07-14T09:40:58.559Z');
INSERT INTO "Document" ("id", "projectId", "uploadedById", "type", "title", "fileName", "filePath", "fileSize", "mimeType", "version", "status", "comments", "reviewedAt", "reviewedById", "createdAt", "updatedAt") VALUES ('doc-019', 'prj-007', 'usr-015', 'PROPOSAL', 'PROPOSAL - Sistem Pemantauan Beban Elektr', 'proposal_7_v1.pdf', '/uploads/projects/prj-007/proposal_7_v1.pdf', 2097152, 'application/pdf', 1, 'APPROVED', '[{"page":2,"comment":"Baik, perlu tambah rujukan IEC 60364."}]', '2026-07-14T09:40:58.102Z', 'sup-004', '2026-04-09T09:40:58.102Z', '2026-07-14T09:40:58.561Z');
INSERT INTO "Document" ("id", "projectId", "uploadedById", "type", "title", "fileName", "filePath", "fileSize", "mimeType", "version", "status", "comments", "reviewedAt", "reviewedById", "createdAt", "updatedAt") VALUES ('doc-020', 'prj-007', 'usr-015', 'DRAFT_CHAPTER', 'DRAFT CHAPTER - Sistem Pemantauan Beban Elektr', 'draft_chapter_7_v2.pdf', '/uploads/projects/prj-007/draft_chapter_7_v2.pdf', 3145728, 'application/pdf', 2, 'APPROVED', '[{"page":2,"comment":"Baik, perlu tambah rujukan IEC 60364."}]', '2026-07-14T09:40:58.102Z', 'sup-004', '2026-04-23T09:40:58.102Z', '2026-07-14T09:40:58.562Z');
INSERT INTO "Document" ("id", "projectId", "uploadedById", "type", "title", "fileName", "filePath", "fileSize", "mimeType", "version", "status", "comments", "reviewedAt", "reviewedById", "createdAt", "updatedAt") VALUES ('doc-021', 'prj-007', 'usr-015', 'FINAL_REPORT', 'FINAL REPORT - Sistem Pemantauan Beban Elektr', 'final_report_7_v3.pdf', '/uploads/projects/prj-007/final_report_7_v3.pdf', 4194304, 'application/pdf', 3, 'APPROVED', '[{"page":2,"comment":"Baik, perlu tambah rujukan IEC 60364."}]', '2026-07-14T09:40:58.102Z', 'sup-004', '2026-05-07T09:40:58.102Z', '2026-07-14T09:40:58.562Z');
INSERT INTO "Document" ("id", "projectId", "uploadedById", "type", "title", "fileName", "filePath", "fileSize", "mimeType", "version", "status", "comments", "reviewedAt", "reviewedById", "createdAt", "updatedAt") VALUES ('doc-022', 'prj-008', 'usr-016', 'PROPOSAL', 'PROPOSAL - Pemasangan Sistem UPS untuk Ma', 'proposal_8_v1.pdf', '/uploads/projects/prj-008/proposal_8_v1.pdf', 2097152, 'application/pdf', 1, 'APPROVED', '[{"page":2,"comment":"Baik, perlu tambah rujukan IEC 60364."}]', '2026-07-14T09:40:58.105Z', 'sup-006', '2026-04-13T09:40:58.105Z', '2026-07-14T09:40:58.564Z');
INSERT INTO "Document" ("id", "projectId", "uploadedById", "type", "title", "fileName", "filePath", "fileSize", "mimeType", "version", "status", "comments", "reviewedAt", "reviewedById", "createdAt", "updatedAt") VALUES ('doc-023', 'prj-008', 'usr-016', 'DRAFT_CHAPTER', 'DRAFT CHAPTER - Pemasangan Sistem UPS untuk Ma', 'draft_chapter_8_v2.pdf', '/uploads/projects/prj-008/draft_chapter_8_v2.pdf', 3145728, 'application/pdf', 2, 'APPROVED', '[{"page":2,"comment":"Baik, perlu tambah rujukan IEC 60364."}]', '2026-07-14T09:40:58.105Z', 'sup-006', '2026-04-27T09:40:58.105Z', '2026-07-14T09:40:58.566Z');
INSERT INTO "Document" ("id", "projectId", "uploadedById", "type", "title", "fileName", "filePath", "fileSize", "mimeType", "version", "status", "comments", "reviewedAt", "reviewedById", "createdAt", "updatedAt") VALUES ('doc-024', 'prj-008', 'usr-016', 'FINAL_REPORT', 'FINAL REPORT - Pemasangan Sistem UPS untuk Ma', 'final_report_8_v3.pdf', '/uploads/projects/prj-008/final_report_8_v3.pdf', 4194304, 'application/pdf', 3, 'APPROVED', '[{"page":2,"comment":"Baik, perlu tambah rujukan IEC 60364."}]', '2026-07-14T09:40:58.105Z', 'sup-006', '2026-05-11T09:40:58.105Z', '2026-07-14T09:40:58.568Z');
INSERT INTO "Document" ("id", "projectId", "uploadedById", "type", "title", "fileName", "filePath", "fileSize", "mimeType", "version", "status", "comments", "reviewedAt", "reviewedById", "createdAt", "updatedAt") VALUES ('doc-025', 'prj-009', 'usr-017', 'PROPOSAL', 'PROPOSAL - Sistem Automasi Rumah mengguna', 'proposal_9_v1.pdf', '/uploads/projects/prj-009/proposal_9_v1.pdf', 2097152, 'application/pdf', 1, 'UPLOADED', NULL, NULL, NULL, '2026-04-17T09:40:58.107Z', '2026-07-14T09:40:58.569Z');
INSERT INTO "Document" ("id", "projectId", "uploadedById", "type", "title", "fileName", "filePath", "fileSize", "mimeType", "version", "status", "comments", "reviewedAt", "reviewedById", "createdAt", "updatedAt") VALUES ('doc-026', 'prj-009', 'usr-017', 'DRAFT_CHAPTER', 'DRAFT CHAPTER - Sistem Automasi Rumah mengguna', 'draft_chapter_9_v2.pdf', '/uploads/projects/prj-009/draft_chapter_9_v2.pdf', 3145728, 'application/pdf', 2, 'UPLOADED', NULL, NULL, NULL, '2026-05-01T09:40:58.107Z', '2026-07-14T09:40:58.570Z');
INSERT INTO "Document" ("id", "projectId", "uploadedById", "type", "title", "fileName", "filePath", "fileSize", "mimeType", "version", "status", "comments", "reviewedAt", "reviewedById", "createdAt", "updatedAt") VALUES ('doc-028', 'prj-010', 'usr-018', 'PROPOSAL', 'PROPOSAL - Reka Bentuk Sistem Pembumian u', 'proposal_10_v1.pdf', '/uploads/projects/prj-010/proposal_10_v1.pdf', 2097152, 'application/pdf', 1, 'UPLOADED', NULL, NULL, NULL, '2026-04-21T09:40:58.109Z', '2026-07-14T09:40:58.571Z');
INSERT INTO "Document" ("id", "projectId", "uploadedById", "type", "title", "fileName", "filePath", "fileSize", "mimeType", "version", "status", "comments", "reviewedAt", "reviewedById", "createdAt", "updatedAt") VALUES ('doc-029', 'prj-010', 'usr-018', 'DRAFT_CHAPTER', 'DRAFT CHAPTER - Reka Bentuk Sistem Pembumian u', 'draft_chapter_10_v2.pdf', '/uploads/projects/prj-010/draft_chapter_10_v2.pdf', 3145728, 'application/pdf', 2, 'UPLOADED', NULL, NULL, NULL, '2026-05-05T09:40:58.109Z', '2026-07-14T09:40:58.572Z');
INSERT INTO "Document" ("id", "projectId", "uploadedById", "type", "title", "fileName", "filePath", "fileSize", "mimeType", "version", "status", "comments", "reviewedAt", "reviewedById", "createdAt", "updatedAt") VALUES ('doc-031', 'prj-011', 'usr-019', 'PROPOSAL', 'PROPOSAL - Sistem Pengurusan Tenaga untuk', 'proposal_11_v1.pdf', '/uploads/projects/prj-011/proposal_11_v1.pdf', 2097152, 'application/pdf', 1, 'UPLOADED', NULL, NULL, NULL, '2026-04-25T09:40:58.111Z', '2026-07-14T09:40:58.573Z');
INSERT INTO "Document" ("id", "projectId", "uploadedById", "type", "title", "fileName", "filePath", "fileSize", "mimeType", "version", "status", "comments", "reviewedAt", "reviewedById", "createdAt", "updatedAt") VALUES ('doc-032', 'prj-011', 'usr-019', 'DRAFT_CHAPTER', 'DRAFT CHAPTER - Sistem Pengurusan Tenaga untuk', 'draft_chapter_11_v2.pdf', '/uploads/projects/prj-011/draft_chapter_11_v2.pdf', 3145728, 'application/pdf', 2, 'UPLOADED', NULL, NULL, NULL, '2026-05-09T09:40:58.111Z', '2026-07-14T09:40:58.574Z');
INSERT INTO "Document" ("id", "projectId", "uploadedById", "type", "title", "fileName", "filePath", "fileSize", "mimeType", "version", "status", "comments", "reviewedAt", "reviewedById", "createdAt", "updatedAt") VALUES ('doc-034', 'prj-012', 'usr-020', 'PROPOSAL', 'PROPOSAL - Pemulihan dan Naik Taraf Panel', 'proposal_12_v1.pdf', '/uploads/projects/prj-012/proposal_12_v1.pdf', 2097152, 'application/pdf', 1, 'UPLOADED', NULL, NULL, NULL, '2026-04-29T09:40:58.114Z', '2026-07-14T09:40:58.575Z');
INSERT INTO "Document" ("id", "projectId", "uploadedById", "type", "title", "fileName", "filePath", "fileSize", "mimeType", "version", "status", "comments", "reviewedAt", "reviewedById", "createdAt", "updatedAt") VALUES ('doc-035', 'prj-012', 'usr-020', 'DRAFT_CHAPTER', 'DRAFT CHAPTER - Pemulihan dan Naik Taraf Panel', 'draft_chapter_12_v2.pdf', '/uploads/projects/prj-012/draft_chapter_12_v2.pdf', 3145728, 'application/pdf', 2, 'UPLOADED', NULL, NULL, NULL, '2026-05-13T09:40:58.114Z', '2026-07-14T09:40:58.576Z');
INSERT INTO "Document" ("id", "projectId", "uploadedById", "type", "title", "fileName", "filePath", "fileSize", "mimeType", "version", "status", "comments", "reviewedAt", "reviewedById", "createdAt", "updatedAt") VALUES ('doc-037', 'prj-013', 'usr-021', 'PROPOSAL', 'PROPOSAL - Sistem Pencegahan Kebocoran Ar', 'proposal_13_v1.pdf', '/uploads/projects/prj-013/proposal_13_v1.pdf', 2097152, 'application/pdf', 1, 'UPLOADED', NULL, NULL, NULL, '2026-05-03T09:40:58.115Z', '2026-07-14T09:40:58.577Z');
INSERT INTO "Document" ("id", "projectId", "uploadedById", "type", "title", "fileName", "filePath", "fileSize", "mimeType", "version", "status", "comments", "reviewedAt", "reviewedById", "createdAt", "updatedAt") VALUES ('doc-038', 'prj-013', 'usr-021', 'DRAFT_CHAPTER', 'DRAFT CHAPTER - Sistem Pencegahan Kebocoran Ar', 'draft_chapter_13_v2.pdf', '/uploads/projects/prj-013/draft_chapter_13_v2.pdf', 3145728, 'application/pdf', 2, 'UPLOADED', NULL, NULL, NULL, '2026-05-17T09:40:58.115Z', '2026-07-14T09:40:58.578Z');
INSERT INTO "Document" ("id", "projectId", "uploadedById", "type", "title", "fileName", "filePath", "fileSize", "mimeType", "version", "status", "comments", "reviewedAt", "reviewedById", "createdAt", "updatedAt") VALUES ('doc-040', 'prj-014', 'usr-022', 'PROPOSAL', 'PROPOSAL - Reka Bentuk Sistem Penyejukan ', 'proposal_14_v1.pdf', '/uploads/projects/prj-014/proposal_14_v1.pdf', 2097152, 'application/pdf', 1, 'UPLOADED', NULL, NULL, NULL, '2026-05-07T09:40:58.117Z', '2026-07-14T09:40:58.579Z');
INSERT INTO "Document" ("id", "projectId", "uploadedById", "type", "title", "fileName", "filePath", "fileSize", "mimeType", "version", "status", "comments", "reviewedAt", "reviewedById", "createdAt", "updatedAt") VALUES ('doc-043', 'prj-015', 'usr-023', 'PROPOSAL', 'PROPOSAL - Pemasangan Sistem Penyamanan U', 'proposal_15_v1.pdf', '/uploads/projects/prj-015/proposal_15_v1.pdf', 2097152, 'application/pdf', 1, 'UPLOADED', NULL, NULL, NULL, '2026-05-11T09:40:58.119Z', '2026-07-14T09:40:58.581Z');
INSERT INTO "Document" ("id", "projectId", "uploadedById", "type", "title", "fileName", "filePath", "fileSize", "mimeType", "version", "status", "comments", "reviewedAt", "reviewedById", "createdAt", "updatedAt") VALUES ('doc-046', 'prj-016', 'usr-024', 'PROPOSAL', 'PROPOSAL - Sistem Pemantauan Suhu dan Kel', 'proposal_16_v1.pdf', '/uploads/projects/prj-016/proposal_16_v1.pdf', 2097152, 'application/pdf', 1, 'UPLOADED', NULL, NULL, NULL, '2026-05-15T09:40:58.120Z', '2026-07-14T09:40:58.598Z');
INSERT INTO "Document" ("id", "projectId", "uploadedById", "type", "title", "fileName", "filePath", "fileSize", "mimeType", "version", "status", "comments", "reviewedAt", "reviewedById", "createdAt", "updatedAt") VALUES ('doc-049', 'prj-017', 'usr-025', 'PROPOSAL', 'PROPOSAL - Pengoptimuman Sistem Penyejukb', 'proposal_17_v1.pdf', '/uploads/projects/prj-017/proposal_17_v1.pdf', 2097152, 'application/pdf', 1, 'UPLOADED', NULL, NULL, NULL, '2026-05-19T09:40:58.122Z', '2026-07-14T09:40:58.604Z');
INSERT INTO "Document" ("id", "projectId", "uploadedById", "type", "title", "fileName", "filePath", "fileSize", "mimeType", "version", "status", "comments", "reviewedAt", "reviewedById", "createdAt", "updatedAt") VALUES ('doc-052', 'prj-018', 'usr-026', 'PROPOSAL', 'PROPOSAL - Penjimatan Tenaga pada Sistem ', 'proposal_18_v1.pdf', '/uploads/projects/prj-018/proposal_18_v1.pdf', 2097152, 'application/pdf', 1, 'UPLOADED', NULL, NULL, NULL, '2026-05-23T09:40:58.124Z', '2026-07-14T09:40:58.606Z');
INSERT INTO "Document" ("id", "projectId", "uploadedById", "type", "title", "fileName", "filePath", "fileSize", "mimeType", "version", "status", "comments", "reviewedAt", "reviewedById", "createdAt", "updatedAt") VALUES ('doc-055', 'prj-019', 'usr-027', 'PROPOSAL', 'PROPOSAL - Sistem Pengesan Kebocoran Refr', 'proposal_19_v1.pdf', '/uploads/projects/prj-019/proposal_19_v1.pdf', 2097152, 'application/pdf', 1, 'UPLOADED', NULL, NULL, NULL, '2026-05-27T09:40:58.125Z', '2026-07-14T09:40:58.607Z');
INSERT INTO "Document" ("id", "projectId", "uploadedById", "type", "title", "fileName", "filePath", "fileSize", "mimeType", "version", "status", "comments", "reviewedAt", "reviewedById", "createdAt", "updatedAt") VALUES ('doc-058', 'prj-020', 'usr-028', 'PROPOSAL', 'PROPOSAL - Reka Bentuk Unit Display Pendi', 'proposal_20_v1.pdf', '/uploads/projects/prj-020/proposal_20_v1.pdf', 2097152, 'application/pdf', 1, 'UPLOADED', NULL, NULL, NULL, '2026-05-31T09:40:58.127Z', '2026-07-14T09:40:58.609Z');
INSERT INTO "Document" ("id", "projectId", "uploadedById", "type", "title", "fileName", "filePath", "fileSize", "mimeType", "version", "status", "comments", "reviewedAt", "reviewedById", "createdAt", "updatedAt") VALUES ('doc-061', 'prj-021', 'usr-029', 'PROPOSAL', 'PROPOSAL - Sistem Kawalan Suhu Automatik ', 'proposal_21_v1.pdf', '/uploads/projects/prj-021/proposal_21_v1.pdf', 2097152, 'application/pdf', 1, 'UPLOADED', NULL, NULL, NULL, '2026-06-04T09:40:58.129Z', '2026-07-14T09:40:58.614Z');
INSERT INTO "Document" ("id", "projectId", "uploadedById", "type", "title", "fileName", "filePath", "fileSize", "mimeType", "version", "status", "comments", "reviewedAt", "reviewedById", "createdAt", "updatedAt") VALUES ('doc-064', 'prj-022', 'usr-030', 'PROPOSAL', 'PROPOSAL - Penyelesaian Penyejukan Hibrid', 'proposal_22_v1.pdf', '/uploads/projects/prj-022/proposal_22_v1.pdf', 2097152, 'application/pdf', 1, 'UPLOADED', NULL, NULL, NULL, '2026-06-08T09:40:58.131Z', '2026-07-14T09:40:58.616Z');
INSERT INTO "Document" ("id", "projectId", "uploadedById", "type", "title", "fileName", "filePath", "fileSize", "mimeType", "version", "status", "comments", "reviewedAt", "reviewedById", "createdAt", "updatedAt") VALUES ('doc-067', 'prj-023', 'usr-031', 'PROPOSAL', 'PROPOSAL - Naik Taraf Sistem Penyamanan U', 'proposal_23_v1.pdf', '/uploads/projects/prj-023/proposal_23_v1.pdf', 2097152, 'application/pdf', 1, 'UPLOADED', NULL, NULL, NULL, '2026-06-12T09:40:58.132Z', '2026-07-14T09:40:58.620Z');
INSERT INTO "Document" ("id", "projectId", "uploadedById", "type", "title", "fileName", "filePath", "fileSize", "mimeType", "version", "status", "comments", "reviewedAt", "reviewedById", "createdAt", "updatedAt") VALUES ('doc-070', 'prj-024', 'usr-032', 'PROPOSAL', 'PROPOSAL - Sistem Penyejukbekuan untuk Pe', 'proposal_24_v1.pdf', '/uploads/projects/prj-024/proposal_24_v1.pdf', 2097152, 'application/pdf', 1, 'UPLOADED', NULL, NULL, NULL, '2026-06-16T09:40:58.134Z', '2026-07-14T09:40:58.622Z');
INSERT INTO "Document" ("id", "projectId", "uploadedById", "type", "title", "fileName", "filePath", "fileSize", "mimeType", "version", "status", "comments", "reviewedAt", "reviewedById", "createdAt", "updatedAt") VALUES ('doc-073', 'prj-025', 'usr-033', 'PROPOSAL', 'PROPOSAL - Pengimejan Terma untuk Pengesa', 'proposal_25_v1.pdf', '/uploads/projects/prj-025/proposal_25_v1.pdf', 2097152, 'application/pdf', 1, 'UPLOADED', NULL, NULL, NULL, '2026-06-20T09:40:58.137Z', '2026-07-14T09:40:58.628Z');

-- Milestone (125 rows)
DELETE FROM "Milestone";
INSERT INTO "Milestone" ("id", "projectId", "name", "stage", "dueDate", "completedAt", "status", "notes", "vivaSlot", "createdAt", "updatedAt") VALUES ('ms-001', 'prj-001', 'Cadangan Projek', 'PROPOSAL', '2026-03-16T09:40:58.085Z', '2026-03-15T09:40:58.085Z', 'COMPLETED', NULL, NULL, '2026-07-14T09:40:58.373Z', '2026-07-14T09:40:58.373Z');
INSERT INTO "Milestone" ("id", "projectId", "name", "stage", "dueDate", "completedAt", "status", "notes", "vivaSlot", "createdAt", "updatedAt") VALUES ('ms-002', 'prj-001', 'Progress 1', 'PROGRESS_1', '2026-04-15T09:40:58.085Z', '2026-04-14T09:40:58.085Z', 'COMPLETED', NULL, NULL, '2026-07-14T09:40:58.374Z', '2026-07-14T09:40:58.374Z');
INSERT INTO "Milestone" ("id", "projectId", "name", "stage", "dueDate", "completedAt", "status", "notes", "vivaSlot", "createdAt", "updatedAt") VALUES ('ms-003', 'prj-001', 'Progress 2', 'PROGRESS_2', '2026-05-15T09:40:58.085Z', '2026-05-14T09:40:58.085Z', 'COMPLETED', NULL, NULL, '2026-07-14T09:40:58.374Z', '2026-07-14T09:40:58.374Z');
INSERT INTO "Milestone" ("id", "projectId", "name", "stage", "dueDate", "completedAt", "status", "notes", "vivaSlot", "createdAt", "updatedAt") VALUES ('ms-004', 'prj-001', 'Pembentangan Viva', 'VIVA', '2026-06-24T09:40:58.085Z', '2026-06-23T09:40:58.085Z', 'COMPLETED', NULL, '2026-08-13T10:58:36.218Z', '2026-07-14T09:40:58.375Z', '2026-07-14T09:58:36.249Z');
INSERT INTO "Milestone" ("id", "projectId", "name", "stage", "dueDate", "completedAt", "status", "notes", "vivaSlot", "createdAt", "updatedAt") VALUES ('ms-005', 'prj-001', 'Penyerahan Akhir', 'FINAL_SUBMISSION', '2026-07-14T09:40:58.085Z', '2026-07-13T09:40:58.085Z', 'COMPLETED', NULL, NULL, '2026-07-14T09:40:58.376Z', '2026-07-14T09:40:58.376Z');
INSERT INTO "Milestone" ("id", "projectId", "name", "stage", "dueDate", "completedAt", "status", "notes", "vivaSlot", "createdAt", "updatedAt") VALUES ('ms-006', 'prj-002', 'Cadangan Projek', 'PROPOSAL', '2026-03-20T09:40:58.089Z', '2026-03-19T09:40:58.089Z', 'COMPLETED', NULL, NULL, '2026-07-14T09:40:58.377Z', '2026-07-14T09:40:58.377Z');
INSERT INTO "Milestone" ("id", "projectId", "name", "stage", "dueDate", "completedAt", "status", "notes", "vivaSlot", "createdAt", "updatedAt") VALUES ('ms-007', 'prj-002', 'Progress 1', 'PROGRESS_1', '2026-04-19T09:40:58.089Z', '2026-04-18T09:40:58.089Z', 'COMPLETED', NULL, NULL, '2026-07-14T09:40:58.378Z', '2026-07-14T09:40:58.378Z');
INSERT INTO "Milestone" ("id", "projectId", "name", "stage", "dueDate", "completedAt", "status", "notes", "vivaSlot", "createdAt", "updatedAt") VALUES ('ms-008', 'prj-002', 'Progress 2', 'PROGRESS_2', '2026-05-19T09:40:58.089Z', '2026-05-18T09:40:58.089Z', 'COMPLETED', NULL, NULL, '2026-07-14T09:40:58.378Z', '2026-07-14T09:40:58.378Z');
INSERT INTO "Milestone" ("id", "projectId", "name", "stage", "dueDate", "completedAt", "status", "notes", "vivaSlot", "createdAt", "updatedAt") VALUES ('ms-009', 'prj-002', 'Pembentangan Viva', 'VIVA', '2026-06-28T09:40:58.089Z', '2026-06-27T09:40:58.089Z', 'COMPLETED', NULL, '2026-06-28T09:40:58.089Z', '2026-07-14T09:40:58.380Z', '2026-07-14T09:40:58.380Z');
INSERT INTO "Milestone" ("id", "projectId", "name", "stage", "dueDate", "completedAt", "status", "notes", "vivaSlot", "createdAt", "updatedAt") VALUES ('ms-010', 'prj-002', 'Penyerahan Akhir', 'FINAL_SUBMISSION', '2026-07-18T09:40:58.089Z', '2026-07-17T09:40:58.089Z', 'COMPLETED', NULL, NULL, '2026-07-14T09:40:58.380Z', '2026-07-14T09:40:58.380Z');
INSERT INTO "Milestone" ("id", "projectId", "name", "stage", "dueDate", "completedAt", "status", "notes", "vivaSlot", "createdAt", "updatedAt") VALUES ('ms-011', 'prj-003', 'Cadangan Projek', 'PROPOSAL', '2026-03-24T09:40:58.093Z', '2026-03-23T09:40:58.093Z', 'COMPLETED', NULL, NULL, '2026-07-14T09:40:58.382Z', '2026-07-14T09:40:58.382Z');
INSERT INTO "Milestone" ("id", "projectId", "name", "stage", "dueDate", "completedAt", "status", "notes", "vivaSlot", "createdAt", "updatedAt") VALUES ('ms-012', 'prj-003', 'Progress 1', 'PROGRESS_1', '2026-04-23T09:40:58.093Z', '2026-04-22T09:40:58.093Z', 'COMPLETED', NULL, NULL, '2026-07-14T09:40:58.383Z', '2026-07-14T09:40:58.383Z');
INSERT INTO "Milestone" ("id", "projectId", "name", "stage", "dueDate", "completedAt", "status", "notes", "vivaSlot", "createdAt", "updatedAt") VALUES ('ms-013', 'prj-003', 'Progress 2', 'PROGRESS_2', '2026-05-23T09:40:58.093Z', '2026-05-22T09:40:58.093Z', 'COMPLETED', NULL, NULL, '2026-07-14T09:40:58.384Z', '2026-07-14T09:40:58.384Z');
INSERT INTO "Milestone" ("id", "projectId", "name", "stage", "dueDate", "completedAt", "status", "notes", "vivaSlot", "createdAt", "updatedAt") VALUES ('ms-014', 'prj-003', 'Pembentangan Viva', 'VIVA', '2026-07-02T09:40:58.093Z', '2026-07-01T09:40:58.093Z', 'COMPLETED', NULL, '2026-07-02T09:40:58.093Z', '2026-07-14T09:40:58.393Z', '2026-07-14T09:40:58.393Z');
INSERT INTO "Milestone" ("id", "projectId", "name", "stage", "dueDate", "completedAt", "status", "notes", "vivaSlot", "createdAt", "updatedAt") VALUES ('ms-015', 'prj-003', 'Penyerahan Akhir', 'FINAL_SUBMISSION', '2026-07-22T09:40:58.093Z', '2026-07-21T09:40:58.093Z', 'COMPLETED', NULL, NULL, '2026-07-14T09:40:58.394Z', '2026-07-14T09:40:58.394Z');
INSERT INTO "Milestone" ("id", "projectId", "name", "stage", "dueDate", "completedAt", "status", "notes", "vivaSlot", "createdAt", "updatedAt") VALUES ('ms-016', 'prj-004', 'Cadangan Projek', 'PROPOSAL', '2026-03-28T09:40:58.097Z', '2026-03-27T09:40:58.097Z', 'COMPLETED', NULL, NULL, '2026-07-14T09:40:58.396Z', '2026-07-14T09:40:58.396Z');
INSERT INTO "Milestone" ("id", "projectId", "name", "stage", "dueDate", "completedAt", "status", "notes", "vivaSlot", "createdAt", "updatedAt") VALUES ('ms-017', 'prj-004', 'Progress 1', 'PROGRESS_1', '2026-04-27T09:40:58.097Z', '2026-04-26T09:40:58.097Z', 'COMPLETED', NULL, NULL, '2026-07-14T09:40:58.397Z', '2026-07-14T09:40:58.397Z');
INSERT INTO "Milestone" ("id", "projectId", "name", "stage", "dueDate", "completedAt", "status", "notes", "vivaSlot", "createdAt", "updatedAt") VALUES ('ms-018', 'prj-004', 'Progress 2', 'PROGRESS_2', '2026-05-27T09:40:58.097Z', '2026-05-26T09:40:58.097Z', 'COMPLETED', NULL, NULL, '2026-07-14T09:40:58.397Z', '2026-07-14T09:40:58.397Z');
INSERT INTO "Milestone" ("id", "projectId", "name", "stage", "dueDate", "completedAt", "status", "notes", "vivaSlot", "createdAt", "updatedAt") VALUES ('ms-019', 'prj-004', 'Pembentangan Viva', 'VIVA', '2026-07-06T09:40:58.097Z', '2026-07-05T09:40:58.097Z', 'COMPLETED', NULL, '2026-07-06T09:40:58.097Z', '2026-07-14T09:40:58.398Z', '2026-07-14T09:40:58.398Z');
INSERT INTO "Milestone" ("id", "projectId", "name", "stage", "dueDate", "completedAt", "status", "notes", "vivaSlot", "createdAt", "updatedAt") VALUES ('ms-020', 'prj-004', 'Penyerahan Akhir', 'FINAL_SUBMISSION', '2026-07-26T09:40:58.097Z', '2026-07-25T09:40:58.097Z', 'COMPLETED', NULL, NULL, '2026-07-14T09:40:58.399Z', '2026-07-14T09:40:58.399Z');
INSERT INTO "Milestone" ("id", "projectId", "name", "stage", "dueDate", "completedAt", "status", "notes", "vivaSlot", "createdAt", "updatedAt") VALUES ('ms-021', 'prj-005', 'Cadangan Projek', 'PROPOSAL', '2026-04-01T09:40:58.099Z', '2026-03-31T09:40:58.099Z', 'COMPLETED', NULL, NULL, '2026-07-14T09:40:58.400Z', '2026-07-14T09:40:58.400Z');
INSERT INTO "Milestone" ("id", "projectId", "name", "stage", "dueDate", "completedAt", "status", "notes", "vivaSlot", "createdAt", "updatedAt") VALUES ('ms-022', 'prj-005', 'Progress 1', 'PROGRESS_1', '2026-05-01T09:40:58.099Z', '2026-04-30T09:40:58.099Z', 'COMPLETED', NULL, NULL, '2026-07-14T09:40:58.402Z', '2026-07-14T09:40:58.402Z');
INSERT INTO "Milestone" ("id", "projectId", "name", "stage", "dueDate", "completedAt", "status", "notes", "vivaSlot", "createdAt", "updatedAt") VALUES ('ms-023', 'prj-005', 'Progress 2', 'PROGRESS_2', '2026-05-31T09:40:58.099Z', '2026-05-30T09:40:58.099Z', 'COMPLETED', NULL, NULL, '2026-07-14T09:40:58.403Z', '2026-07-14T09:40:58.403Z');
INSERT INTO "Milestone" ("id", "projectId", "name", "stage", "dueDate", "completedAt", "status", "notes", "vivaSlot", "createdAt", "updatedAt") VALUES ('ms-024', 'prj-005', 'Pembentangan Viva', 'VIVA', '2026-07-10T09:40:58.099Z', '2026-07-09T09:40:58.099Z', 'COMPLETED', NULL, '2026-07-10T09:40:58.099Z', '2026-07-14T09:40:58.404Z', '2026-07-14T09:40:58.404Z');
INSERT INTO "Milestone" ("id", "projectId", "name", "stage", "dueDate", "completedAt", "status", "notes", "vivaSlot", "createdAt", "updatedAt") VALUES ('ms-025', 'prj-005', 'Penyerahan Akhir', 'FINAL_SUBMISSION', '2026-07-30T09:40:58.099Z', '2026-07-29T09:40:58.099Z', 'COMPLETED', NULL, NULL, '2026-07-14T09:40:58.404Z', '2026-07-14T09:40:58.404Z');
INSERT INTO "Milestone" ("id", "projectId", "name", "stage", "dueDate", "completedAt", "status", "notes", "vivaSlot", "createdAt", "updatedAt") VALUES ('ms-026', 'prj-006', 'Cadangan Projek', 'PROPOSAL', '2026-04-05T09:40:58.101Z', '2026-04-04T09:40:58.101Z', 'COMPLETED', NULL, NULL, '2026-07-14T09:40:58.405Z', '2026-07-14T09:40:58.405Z');
INSERT INTO "Milestone" ("id", "projectId", "name", "stage", "dueDate", "completedAt", "status", "notes", "vivaSlot", "createdAt", "updatedAt") VALUES ('ms-027', 'prj-006', 'Progress 1', 'PROGRESS_1', '2026-05-05T09:40:58.101Z', '2026-05-04T09:40:58.101Z', 'COMPLETED', NULL, NULL, '2026-07-14T09:40:58.406Z', '2026-07-14T09:40:58.406Z');
INSERT INTO "Milestone" ("id", "projectId", "name", "stage", "dueDate", "completedAt", "status", "notes", "vivaSlot", "createdAt", "updatedAt") VALUES ('ms-028', 'prj-006', 'Progress 2', 'PROGRESS_2', '2026-06-04T09:40:58.101Z', '2026-06-03T09:40:58.101Z', 'COMPLETED', NULL, NULL, '2026-07-14T09:40:58.406Z', '2026-07-14T09:40:58.406Z');
INSERT INTO "Milestone" ("id", "projectId", "name", "stage", "dueDate", "completedAt", "status", "notes", "vivaSlot", "createdAt", "updatedAt") VALUES ('ms-029', 'prj-006', 'Pembentangan Viva', 'VIVA', '2026-07-14T09:40:58.101Z', '2026-07-13T09:40:58.101Z', 'COMPLETED', NULL, '2026-08-13T09:58:36.017Z', '2026-07-14T09:40:58.407Z', '2026-07-14T09:58:36.141Z');
INSERT INTO "Milestone" ("id", "projectId", "name", "stage", "dueDate", "completedAt", "status", "notes", "vivaSlot", "createdAt", "updatedAt") VALUES ('ms-030', 'prj-006', 'Penyerahan Akhir', 'FINAL_SUBMISSION', '2026-08-03T09:40:58.101Z', '2026-08-02T09:40:58.101Z', 'COMPLETED', NULL, NULL, '2026-07-14T09:40:58.408Z', '2026-07-14T09:40:58.408Z');
INSERT INTO "Milestone" ("id", "projectId", "name", "stage", "dueDate", "completedAt", "status", "notes", "vivaSlot", "createdAt", "updatedAt") VALUES ('ms-031', 'prj-007', 'Cadangan Projek', 'PROPOSAL', '2026-04-09T09:40:58.102Z', '2026-04-08T09:40:58.102Z', 'COMPLETED', NULL, NULL, '2026-07-14T09:40:58.408Z', '2026-07-14T09:40:58.408Z');
INSERT INTO "Milestone" ("id", "projectId", "name", "stage", "dueDate", "completedAt", "status", "notes", "vivaSlot", "createdAt", "updatedAt") VALUES ('ms-032', 'prj-007', 'Progress 1', 'PROGRESS_1', '2026-05-09T09:40:58.102Z', '2026-05-08T09:40:58.102Z', 'COMPLETED', NULL, NULL, '2026-07-14T09:40:58.409Z', '2026-07-14T09:40:58.409Z');
INSERT INTO "Milestone" ("id", "projectId", "name", "stage", "dueDate", "completedAt", "status", "notes", "vivaSlot", "createdAt", "updatedAt") VALUES ('ms-033', 'prj-007', 'Progress 2', 'PROGRESS_2', '2026-06-08T09:40:58.102Z', '2026-06-07T09:40:58.102Z', 'COMPLETED', NULL, NULL, '2026-07-14T09:40:58.409Z', '2026-07-14T09:40:58.409Z');
INSERT INTO "Milestone" ("id", "projectId", "name", "stage", "dueDate", "completedAt", "status", "notes", "vivaSlot", "createdAt", "updatedAt") VALUES ('ms-034', 'prj-007', 'Pembentangan Viva', 'VIVA', '2026-07-18T09:40:58.102Z', '2026-07-17T09:40:58.102Z', 'COMPLETED', NULL, '2026-07-18T09:40:58.102Z', '2026-07-14T09:40:58.410Z', '2026-07-14T09:40:58.410Z');
INSERT INTO "Milestone" ("id", "projectId", "name", "stage", "dueDate", "completedAt", "status", "notes", "vivaSlot", "createdAt", "updatedAt") VALUES ('ms-035', 'prj-007', 'Penyerahan Akhir', 'FINAL_SUBMISSION', '2026-08-07T09:40:58.102Z', '2026-08-06T09:40:58.102Z', 'COMPLETED', NULL, NULL, '2026-07-14T09:40:58.410Z', '2026-07-14T09:40:58.410Z');
INSERT INTO "Milestone" ("id", "projectId", "name", "stage", "dueDate", "completedAt", "status", "notes", "vivaSlot", "createdAt", "updatedAt") VALUES ('ms-036', 'prj-008', 'Cadangan Projek', 'PROPOSAL', '2026-04-13T09:40:58.105Z', '2026-04-12T09:40:58.105Z', 'COMPLETED', NULL, NULL, '2026-07-14T09:40:58.422Z', '2026-07-14T09:40:58.422Z');
INSERT INTO "Milestone" ("id", "projectId", "name", "stage", "dueDate", "completedAt", "status", "notes", "vivaSlot", "createdAt", "updatedAt") VALUES ('ms-037', 'prj-008', 'Progress 1', 'PROGRESS_1', '2026-05-13T09:40:58.105Z', '2026-05-12T09:40:58.105Z', 'COMPLETED', NULL, NULL, '2026-07-14T09:40:58.423Z', '2026-07-14T09:40:58.423Z');
INSERT INTO "Milestone" ("id", "projectId", "name", "stage", "dueDate", "completedAt", "status", "notes", "vivaSlot", "createdAt", "updatedAt") VALUES ('ms-038', 'prj-008', 'Progress 2', 'PROGRESS_2', '2026-06-12T09:40:58.105Z', '2026-06-11T09:40:58.105Z', 'COMPLETED', NULL, NULL, '2026-07-14T09:40:58.424Z', '2026-07-14T09:40:58.424Z');
INSERT INTO "Milestone" ("id", "projectId", "name", "stage", "dueDate", "completedAt", "status", "notes", "vivaSlot", "createdAt", "updatedAt") VALUES ('ms-039', 'prj-008', 'Pembentangan Viva', 'VIVA', '2026-07-22T09:40:58.105Z', '2026-07-21T09:40:58.105Z', 'COMPLETED', NULL, '2026-07-22T09:40:58.105Z', '2026-07-14T09:40:58.424Z', '2026-07-14T09:40:58.424Z');
INSERT INTO "Milestone" ("id", "projectId", "name", "stage", "dueDate", "completedAt", "status", "notes", "vivaSlot", "createdAt", "updatedAt") VALUES ('ms-040', 'prj-008', 'Penyerahan Akhir', 'FINAL_SUBMISSION', '2026-08-11T09:40:58.105Z', '2026-08-10T09:40:58.105Z', 'COMPLETED', NULL, NULL, '2026-07-14T09:40:58.425Z', '2026-07-14T09:40:58.425Z');
INSERT INTO "Milestone" ("id", "projectId", "name", "stage", "dueDate", "completedAt", "status", "notes", "vivaSlot", "createdAt", "updatedAt") VALUES ('ms-041', 'prj-009', 'Cadangan Projek', 'PROPOSAL', '2026-04-17T09:40:58.107Z', '2026-04-16T09:40:58.107Z', 'COMPLETED', NULL, NULL, '2026-07-14T09:40:58.426Z', '2026-07-14T09:40:58.426Z');
INSERT INTO "Milestone" ("id", "projectId", "name", "stage", "dueDate", "completedAt", "status", "notes", "vivaSlot", "createdAt", "updatedAt") VALUES ('ms-042', 'prj-009', 'Progress 1', 'PROGRESS_1', '2026-05-17T09:40:58.107Z', '2026-05-16T09:40:58.107Z', 'COMPLETED', NULL, NULL, '2026-07-14T09:40:58.426Z', '2026-07-14T09:40:58.426Z');
INSERT INTO "Milestone" ("id", "projectId", "name", "stage", "dueDate", "completedAt", "status", "notes", "vivaSlot", "createdAt", "updatedAt") VALUES ('ms-043', 'prj-009', 'Progress 2', 'PROGRESS_2', '2026-06-16T09:40:58.107Z', NULL, 'OVERDUE', NULL, NULL, '2026-07-14T09:40:58.427Z', '2026-07-14T09:40:58.427Z');
INSERT INTO "Milestone" ("id", "projectId", "name", "stage", "dueDate", "completedAt", "status", "notes", "vivaSlot", "createdAt", "updatedAt") VALUES ('ms-044', 'prj-009', 'Pembentangan Viva', 'VIVA', '2026-07-26T09:40:58.107Z', NULL, 'PENDING', NULL, NULL, '2026-07-14T09:40:58.427Z', '2026-07-14T09:40:58.427Z');
INSERT INTO "Milestone" ("id", "projectId", "name", "stage", "dueDate", "completedAt", "status", "notes", "vivaSlot", "createdAt", "updatedAt") VALUES ('ms-045', 'prj-009', 'Penyerahan Akhir', 'FINAL_SUBMISSION', '2026-08-15T09:40:58.107Z', NULL, 'PENDING', NULL, NULL, '2026-07-14T09:40:58.428Z', '2026-07-14T09:40:58.428Z');
INSERT INTO "Milestone" ("id", "projectId", "name", "stage", "dueDate", "completedAt", "status", "notes", "vivaSlot", "createdAt", "updatedAt") VALUES ('ms-046', 'prj-010', 'Cadangan Projek', 'PROPOSAL', '2026-04-21T09:40:58.109Z', '2026-04-20T09:40:58.109Z', 'COMPLETED', NULL, NULL, '2026-07-14T09:40:58.429Z', '2026-07-14T09:40:58.429Z');
INSERT INTO "Milestone" ("id", "projectId", "name", "stage", "dueDate", "completedAt", "status", "notes", "vivaSlot", "createdAt", "updatedAt") VALUES ('ms-047', 'prj-010', 'Progress 1', 'PROGRESS_1', '2026-05-21T09:40:58.109Z', '2026-05-20T09:40:58.109Z', 'COMPLETED', NULL, NULL, '2026-07-14T09:40:58.429Z', '2026-07-14T09:40:58.429Z');
INSERT INTO "Milestone" ("id", "projectId", "name", "stage", "dueDate", "completedAt", "status", "notes", "vivaSlot", "createdAt", "updatedAt") VALUES ('ms-048', 'prj-010', 'Progress 2', 'PROGRESS_2', '2026-06-20T09:40:58.109Z', NULL, 'OVERDUE', NULL, NULL, '2026-07-14T09:40:58.430Z', '2026-07-14T09:40:58.430Z');
INSERT INTO "Milestone" ("id", "projectId", "name", "stage", "dueDate", "completedAt", "status", "notes", "vivaSlot", "createdAt", "updatedAt") VALUES ('ms-049', 'prj-010', 'Pembentangan Viva', 'VIVA', '2026-07-30T09:40:58.109Z', NULL, 'PENDING', NULL, NULL, '2026-07-14T09:40:58.431Z', '2026-07-14T09:40:58.431Z');
INSERT INTO "Milestone" ("id", "projectId", "name", "stage", "dueDate", "completedAt", "status", "notes", "vivaSlot", "createdAt", "updatedAt") VALUES ('ms-050', 'prj-010', 'Penyerahan Akhir', 'FINAL_SUBMISSION', '2026-08-19T09:40:58.109Z', NULL, 'PENDING', NULL, NULL, '2026-07-14T09:40:58.431Z', '2026-07-14T09:40:58.431Z');
INSERT INTO "Milestone" ("id", "projectId", "name", "stage", "dueDate", "completedAt", "status", "notes", "vivaSlot", "createdAt", "updatedAt") VALUES ('ms-051', 'prj-011', 'Cadangan Projek', 'PROPOSAL', '2026-04-25T09:40:58.111Z', '2026-04-24T09:40:58.111Z', 'COMPLETED', NULL, NULL, '2026-07-14T09:40:58.434Z', '2026-07-14T09:40:58.434Z');
INSERT INTO "Milestone" ("id", "projectId", "name", "stage", "dueDate", "completedAt", "status", "notes", "vivaSlot", "createdAt", "updatedAt") VALUES ('ms-052', 'prj-011', 'Progress 1', 'PROGRESS_1', '2026-05-25T09:40:58.111Z', '2026-05-24T09:40:58.111Z', 'COMPLETED', NULL, NULL, '2026-07-14T09:40:58.435Z', '2026-07-14T09:40:58.435Z');
INSERT INTO "Milestone" ("id", "projectId", "name", "stage", "dueDate", "completedAt", "status", "notes", "vivaSlot", "createdAt", "updatedAt") VALUES ('ms-053', 'prj-011', 'Progress 2', 'PROGRESS_2', '2026-06-24T09:40:58.111Z', NULL, 'OVERDUE', NULL, NULL, '2026-07-14T09:40:58.436Z', '2026-07-14T09:40:58.436Z');
INSERT INTO "Milestone" ("id", "projectId", "name", "stage", "dueDate", "completedAt", "status", "notes", "vivaSlot", "createdAt", "updatedAt") VALUES ('ms-054', 'prj-011', 'Pembentangan Viva', 'VIVA', '2026-08-03T09:40:58.111Z', NULL, 'PENDING', NULL, NULL, '2026-07-14T09:40:58.437Z', '2026-07-14T09:40:58.437Z');
INSERT INTO "Milestone" ("id", "projectId", "name", "stage", "dueDate", "completedAt", "status", "notes", "vivaSlot", "createdAt", "updatedAt") VALUES ('ms-055', 'prj-011', 'Penyerahan Akhir', 'FINAL_SUBMISSION', '2026-08-23T09:40:58.111Z', NULL, 'PENDING', NULL, NULL, '2026-07-14T09:40:58.438Z', '2026-07-14T09:40:58.438Z');
INSERT INTO "Milestone" ("id", "projectId", "name", "stage", "dueDate", "completedAt", "status", "notes", "vivaSlot", "createdAt", "updatedAt") VALUES ('ms-056', 'prj-012', 'Cadangan Projek', 'PROPOSAL', '2026-04-29T09:40:58.114Z', '2026-04-28T09:40:58.114Z', 'COMPLETED', NULL, NULL, '2026-07-14T09:40:58.439Z', '2026-07-14T09:40:58.439Z');
INSERT INTO "Milestone" ("id", "projectId", "name", "stage", "dueDate", "completedAt", "status", "notes", "vivaSlot", "createdAt", "updatedAt") VALUES ('ms-057', 'prj-012', 'Progress 1', 'PROGRESS_1', '2026-05-29T09:40:58.114Z', '2026-05-28T09:40:58.114Z', 'COMPLETED', NULL, NULL, '2026-07-14T09:40:58.441Z', '2026-07-14T09:40:58.441Z');
INSERT INTO "Milestone" ("id", "projectId", "name", "stage", "dueDate", "completedAt", "status", "notes", "vivaSlot", "createdAt", "updatedAt") VALUES ('ms-058', 'prj-012', 'Progress 2', 'PROGRESS_2', '2026-06-28T09:40:58.114Z', NULL, 'OVERDUE', NULL, NULL, '2026-07-14T09:40:58.443Z', '2026-07-14T09:40:58.443Z');
INSERT INTO "Milestone" ("id", "projectId", "name", "stage", "dueDate", "completedAt", "status", "notes", "vivaSlot", "createdAt", "updatedAt") VALUES ('ms-059', 'prj-012', 'Pembentangan Viva', 'VIVA', '2026-08-07T09:40:58.114Z', NULL, 'PENDING', NULL, NULL, '2026-07-14T09:40:58.443Z', '2026-07-14T09:40:58.443Z');
INSERT INTO "Milestone" ("id", "projectId", "name", "stage", "dueDate", "completedAt", "status", "notes", "vivaSlot", "createdAt", "updatedAt") VALUES ('ms-060', 'prj-012', 'Penyerahan Akhir', 'FINAL_SUBMISSION', '2026-08-27T09:40:58.114Z', NULL, 'PENDING', NULL, NULL, '2026-07-14T09:40:58.444Z', '2026-07-14T09:40:58.444Z');
INSERT INTO "Milestone" ("id", "projectId", "name", "stage", "dueDate", "completedAt", "status", "notes", "vivaSlot", "createdAt", "updatedAt") VALUES ('ms-061', 'prj-013', 'Cadangan Projek', 'PROPOSAL', '2026-05-03T09:40:58.115Z', '2026-05-02T09:40:58.115Z', 'COMPLETED', NULL, NULL, '2026-07-14T09:40:58.450Z', '2026-07-14T09:40:58.450Z');
INSERT INTO "Milestone" ("id", "projectId", "name", "stage", "dueDate", "completedAt", "status", "notes", "vivaSlot", "createdAt", "updatedAt") VALUES ('ms-062', 'prj-013', 'Progress 1', 'PROGRESS_1', '2026-06-02T09:40:58.115Z', '2026-06-01T09:40:58.115Z', 'COMPLETED', NULL, NULL, '2026-07-14T09:40:58.451Z', '2026-07-14T09:40:58.451Z');
INSERT INTO "Milestone" ("id", "projectId", "name", "stage", "dueDate", "completedAt", "status", "notes", "vivaSlot", "createdAt", "updatedAt") VALUES ('ms-063', 'prj-013', 'Progress 2', 'PROGRESS_2', '2026-07-02T09:40:58.115Z', NULL, 'OVERDUE', NULL, NULL, '2026-07-14T09:40:58.451Z', '2026-07-14T09:40:58.451Z');
INSERT INTO "Milestone" ("id", "projectId", "name", "stage", "dueDate", "completedAt", "status", "notes", "vivaSlot", "createdAt", "updatedAt") VALUES ('ms-064', 'prj-013', 'Pembentangan Viva', 'VIVA', '2026-08-11T09:40:58.115Z', NULL, 'PENDING', NULL, NULL, '2026-07-14T09:40:58.452Z', '2026-07-14T09:40:58.452Z');
INSERT INTO "Milestone" ("id", "projectId", "name", "stage", "dueDate", "completedAt", "status", "notes", "vivaSlot", "createdAt", "updatedAt") VALUES ('ms-065', 'prj-013', 'Penyerahan Akhir', 'FINAL_SUBMISSION', '2026-08-31T09:40:58.115Z', NULL, 'PENDING', NULL, NULL, '2026-07-14T09:40:58.453Z', '2026-07-14T09:40:58.453Z');
INSERT INTO "Milestone" ("id", "projectId", "name", "stage", "dueDate", "completedAt", "status", "notes", "vivaSlot", "createdAt", "updatedAt") VALUES ('ms-066', 'prj-014', 'Cadangan Projek', 'PROPOSAL', '2026-05-07T09:40:58.117Z', NULL, 'OVERDUE', NULL, NULL, '2026-07-14T09:40:58.454Z', '2026-07-14T09:40:58.454Z');
INSERT INTO "Milestone" ("id", "projectId", "name", "stage", "dueDate", "completedAt", "status", "notes", "vivaSlot", "createdAt", "updatedAt") VALUES ('ms-067', 'prj-014', 'Progress 1', 'PROGRESS_1', '2026-06-06T09:40:58.117Z', NULL, 'OVERDUE', NULL, NULL, '2026-07-14T09:40:58.455Z', '2026-07-14T09:40:58.455Z');
INSERT INTO "Milestone" ("id", "projectId", "name", "stage", "dueDate", "completedAt", "status", "notes", "vivaSlot", "createdAt", "updatedAt") VALUES ('ms-068', 'prj-014', 'Progress 2', 'PROGRESS_2', '2026-07-06T09:40:58.117Z', NULL, 'OVERDUE', NULL, NULL, '2026-07-14T09:40:58.455Z', '2026-07-14T09:40:58.455Z');
INSERT INTO "Milestone" ("id", "projectId", "name", "stage", "dueDate", "completedAt", "status", "notes", "vivaSlot", "createdAt", "updatedAt") VALUES ('ms-069', 'prj-014', 'Pembentangan Viva', 'VIVA', '2026-08-15T09:40:58.117Z', NULL, 'PENDING', NULL, NULL, '2026-07-14T09:40:58.456Z', '2026-07-14T09:40:58.456Z');
INSERT INTO "Milestone" ("id", "projectId", "name", "stage", "dueDate", "completedAt", "status", "notes", "vivaSlot", "createdAt", "updatedAt") VALUES ('ms-070', 'prj-014', 'Penyerahan Akhir', 'FINAL_SUBMISSION', '2026-09-04T09:40:58.117Z', NULL, 'PENDING', NULL, NULL, '2026-07-14T09:40:58.457Z', '2026-07-14T09:40:58.457Z');
INSERT INTO "Milestone" ("id", "projectId", "name", "stage", "dueDate", "completedAt", "status", "notes", "vivaSlot", "createdAt", "updatedAt") VALUES ('ms-071', 'prj-015', 'Cadangan Projek', 'PROPOSAL', '2026-05-11T09:40:58.119Z', NULL, 'OVERDUE', NULL, NULL, '2026-07-14T09:40:58.462Z', '2026-07-14T09:40:58.462Z');
INSERT INTO "Milestone" ("id", "projectId", "name", "stage", "dueDate", "completedAt", "status", "notes", "vivaSlot", "createdAt", "updatedAt") VALUES ('ms-072', 'prj-015', 'Progress 1', 'PROGRESS_1', '2026-06-10T09:40:58.119Z', NULL, 'OVERDUE', NULL, NULL, '2026-07-14T09:40:58.462Z', '2026-07-14T09:40:58.462Z');
INSERT INTO "Milestone" ("id", "projectId", "name", "stage", "dueDate", "completedAt", "status", "notes", "vivaSlot", "createdAt", "updatedAt") VALUES ('ms-073', 'prj-015', 'Progress 2', 'PROGRESS_2', '2026-07-10T09:40:58.119Z', NULL, 'OVERDUE', NULL, NULL, '2026-07-14T09:40:58.463Z', '2026-07-14T09:40:58.463Z');
INSERT INTO "Milestone" ("id", "projectId", "name", "stage", "dueDate", "completedAt", "status", "notes", "vivaSlot", "createdAt", "updatedAt") VALUES ('ms-074', 'prj-015', 'Pembentangan Viva', 'VIVA', '2026-08-19T09:40:58.119Z', NULL, 'PENDING', NULL, NULL, '2026-07-14T09:40:58.464Z', '2026-07-14T09:40:58.464Z');
INSERT INTO "Milestone" ("id", "projectId", "name", "stage", "dueDate", "completedAt", "status", "notes", "vivaSlot", "createdAt", "updatedAt") VALUES ('ms-075', 'prj-015', 'Penyerahan Akhir', 'FINAL_SUBMISSION', '2026-09-08T09:40:58.119Z', NULL, 'PENDING', NULL, NULL, '2026-07-14T09:40:58.465Z', '2026-07-14T09:40:58.465Z');
INSERT INTO "Milestone" ("id", "projectId", "name", "stage", "dueDate", "completedAt", "status", "notes", "vivaSlot", "createdAt", "updatedAt") VALUES ('ms-076', 'prj-016', 'Cadangan Projek', 'PROPOSAL', '2026-05-15T09:40:58.120Z', NULL, 'OVERDUE', NULL, NULL, '2026-07-14T09:40:58.466Z', '2026-07-14T09:40:58.466Z');
INSERT INTO "Milestone" ("id", "projectId", "name", "stage", "dueDate", "completedAt", "status", "notes", "vivaSlot", "createdAt", "updatedAt") VALUES ('ms-077', 'prj-016', 'Progress 1', 'PROGRESS_1', '2026-06-14T09:40:58.120Z', NULL, 'OVERDUE', NULL, NULL, '2026-07-14T09:40:58.467Z', '2026-07-14T09:40:58.467Z');
INSERT INTO "Milestone" ("id", "projectId", "name", "stage", "dueDate", "completedAt", "status", "notes", "vivaSlot", "createdAt", "updatedAt") VALUES ('ms-078', 'prj-016', 'Progress 2', 'PROGRESS_2', '2026-07-14T09:40:58.120Z', NULL, 'OVERDUE', NULL, NULL, '2026-07-14T09:40:58.468Z', '2026-07-14T09:40:58.468Z');
INSERT INTO "Milestone" ("id", "projectId", "name", "stage", "dueDate", "completedAt", "status", "notes", "vivaSlot", "createdAt", "updatedAt") VALUES ('ms-079', 'prj-016', 'Pembentangan Viva', 'VIVA', '2026-08-23T09:40:58.120Z', NULL, 'PENDING', NULL, NULL, '2026-07-14T09:40:58.469Z', '2026-07-14T09:40:58.469Z');
INSERT INTO "Milestone" ("id", "projectId", "name", "stage", "dueDate", "completedAt", "status", "notes", "vivaSlot", "createdAt", "updatedAt") VALUES ('ms-080', 'prj-016', 'Penyerahan Akhir', 'FINAL_SUBMISSION', '2026-09-12T09:40:58.120Z', NULL, 'PENDING', NULL, NULL, '2026-07-14T09:40:58.470Z', '2026-07-14T09:40:58.470Z');
INSERT INTO "Milestone" ("id", "projectId", "name", "stage", "dueDate", "completedAt", "status", "notes", "vivaSlot", "createdAt", "updatedAt") VALUES ('ms-081', 'prj-017', 'Cadangan Projek', 'PROPOSAL', '2026-05-19T09:40:58.122Z', NULL, 'OVERDUE', NULL, NULL, '2026-07-14T09:40:58.471Z', '2026-07-14T09:40:58.471Z');
INSERT INTO "Milestone" ("id", "projectId", "name", "stage", "dueDate", "completedAt", "status", "notes", "vivaSlot", "createdAt", "updatedAt") VALUES ('ms-082', 'prj-017', 'Progress 1', 'PROGRESS_1', '2026-06-18T09:40:58.122Z', NULL, 'OVERDUE', NULL, NULL, '2026-07-14T09:40:58.472Z', '2026-07-14T09:40:58.472Z');
INSERT INTO "Milestone" ("id", "projectId", "name", "stage", "dueDate", "completedAt", "status", "notes", "vivaSlot", "createdAt", "updatedAt") VALUES ('ms-083', 'prj-017', 'Progress 2', 'PROGRESS_2', '2026-07-18T09:40:58.122Z', NULL, 'PENDING', NULL, NULL, '2026-07-14T09:40:58.472Z', '2026-07-14T09:40:58.472Z');
INSERT INTO "Milestone" ("id", "projectId", "name", "stage", "dueDate", "completedAt", "status", "notes", "vivaSlot", "createdAt", "updatedAt") VALUES ('ms-084', 'prj-017', 'Pembentangan Viva', 'VIVA', '2026-08-27T09:40:58.122Z', NULL, 'PENDING', NULL, NULL, '2026-07-14T09:40:58.472Z', '2026-07-14T09:40:58.472Z');
INSERT INTO "Milestone" ("id", "projectId", "name", "stage", "dueDate", "completedAt", "status", "notes", "vivaSlot", "createdAt", "updatedAt") VALUES ('ms-085', 'prj-017', 'Penyerahan Akhir', 'FINAL_SUBMISSION', '2026-09-16T09:40:58.122Z', NULL, 'PENDING', NULL, NULL, '2026-07-14T09:40:58.473Z', '2026-07-14T09:40:58.473Z');
INSERT INTO "Milestone" ("id", "projectId", "name", "stage", "dueDate", "completedAt", "status", "notes", "vivaSlot", "createdAt", "updatedAt") VALUES ('ms-086', 'prj-018', 'Cadangan Projek', 'PROPOSAL', '2026-05-23T09:40:58.124Z', NULL, 'OVERDUE', NULL, NULL, '2026-07-14T09:40:58.473Z', '2026-07-14T09:40:58.473Z');
INSERT INTO "Milestone" ("id", "projectId", "name", "stage", "dueDate", "completedAt", "status", "notes", "vivaSlot", "createdAt", "updatedAt") VALUES ('ms-087', 'prj-018', 'Progress 1', 'PROGRESS_1', '2026-06-22T09:40:58.124Z', NULL, 'OVERDUE', NULL, NULL, '2026-07-14T09:40:58.474Z', '2026-07-14T09:40:58.474Z');
INSERT INTO "Milestone" ("id", "projectId", "name", "stage", "dueDate", "completedAt", "status", "notes", "vivaSlot", "createdAt", "updatedAt") VALUES ('ms-088', 'prj-018', 'Progress 2', 'PROGRESS_2', '2026-07-22T09:40:58.124Z', NULL, 'PENDING', NULL, NULL, '2026-07-14T09:40:58.474Z', '2026-07-14T09:40:58.474Z');
INSERT INTO "Milestone" ("id", "projectId", "name", "stage", "dueDate", "completedAt", "status", "notes", "vivaSlot", "createdAt", "updatedAt") VALUES ('ms-089', 'prj-018', 'Pembentangan Viva', 'VIVA', '2026-08-31T09:40:58.124Z', NULL, 'PENDING', NULL, NULL, '2026-07-14T09:40:58.474Z', '2026-07-14T09:40:58.474Z');
INSERT INTO "Milestone" ("id", "projectId", "name", "stage", "dueDate", "completedAt", "status", "notes", "vivaSlot", "createdAt", "updatedAt") VALUES ('ms-090', 'prj-018', 'Penyerahan Akhir', 'FINAL_SUBMISSION', '2026-09-20T09:40:58.124Z', NULL, 'PENDING', NULL, NULL, '2026-07-14T09:40:58.475Z', '2026-07-14T09:40:58.475Z');
INSERT INTO "Milestone" ("id", "projectId", "name", "stage", "dueDate", "completedAt", "status", "notes", "vivaSlot", "createdAt", "updatedAt") VALUES ('ms-091', 'prj-019', 'Cadangan Projek', 'PROPOSAL', '2026-05-27T09:40:58.125Z', NULL, 'OVERDUE', NULL, NULL, '2026-07-14T09:40:58.476Z', '2026-07-14T09:40:58.476Z');
INSERT INTO "Milestone" ("id", "projectId", "name", "stage", "dueDate", "completedAt", "status", "notes", "vivaSlot", "createdAt", "updatedAt") VALUES ('ms-092', 'prj-019', 'Progress 1', 'PROGRESS_1', '2026-06-26T09:40:58.125Z', NULL, 'OVERDUE', NULL, NULL, '2026-07-14T09:40:58.476Z', '2026-07-14T09:40:58.476Z');
INSERT INTO "Milestone" ("id", "projectId", "name", "stage", "dueDate", "completedAt", "status", "notes", "vivaSlot", "createdAt", "updatedAt") VALUES ('ms-093', 'prj-019', 'Progress 2', 'PROGRESS_2', '2026-07-26T09:40:58.125Z', NULL, 'PENDING', NULL, NULL, '2026-07-14T09:40:58.477Z', '2026-07-14T09:40:58.477Z');
INSERT INTO "Milestone" ("id", "projectId", "name", "stage", "dueDate", "completedAt", "status", "notes", "vivaSlot", "createdAt", "updatedAt") VALUES ('ms-094', 'prj-019', 'Pembentangan Viva', 'VIVA', '2026-09-04T09:40:58.125Z', NULL, 'PENDING', NULL, NULL, '2026-07-14T09:40:58.477Z', '2026-07-14T09:40:58.477Z');
INSERT INTO "Milestone" ("id", "projectId", "name", "stage", "dueDate", "completedAt", "status", "notes", "vivaSlot", "createdAt", "updatedAt") VALUES ('ms-095', 'prj-019', 'Penyerahan Akhir', 'FINAL_SUBMISSION', '2026-09-24T09:40:58.125Z', NULL, 'PENDING', NULL, NULL, '2026-07-14T09:40:58.477Z', '2026-07-14T09:40:58.477Z');
INSERT INTO "Milestone" ("id", "projectId", "name", "stage", "dueDate", "completedAt", "status", "notes", "vivaSlot", "createdAt", "updatedAt") VALUES ('ms-096', 'prj-020', 'Cadangan Projek', 'PROPOSAL', '2026-05-31T09:40:58.127Z', NULL, 'OVERDUE', NULL, NULL, '2026-07-14T09:40:58.478Z', '2026-07-14T09:40:58.478Z');
INSERT INTO "Milestone" ("id", "projectId", "name", "stage", "dueDate", "completedAt", "status", "notes", "vivaSlot", "createdAt", "updatedAt") VALUES ('ms-097', 'prj-020', 'Progress 1', 'PROGRESS_1', '2026-06-30T09:40:58.127Z', NULL, 'OVERDUE', NULL, NULL, '2026-07-14T09:40:58.479Z', '2026-07-14T09:40:58.479Z');
INSERT INTO "Milestone" ("id", "projectId", "name", "stage", "dueDate", "completedAt", "status", "notes", "vivaSlot", "createdAt", "updatedAt") VALUES ('ms-098', 'prj-020', 'Progress 2', 'PROGRESS_2', '2026-07-30T09:40:58.127Z', NULL, 'PENDING', NULL, NULL, '2026-07-14T09:40:58.480Z', '2026-07-14T09:40:58.480Z');
INSERT INTO "Milestone" ("id", "projectId", "name", "stage", "dueDate", "completedAt", "status", "notes", "vivaSlot", "createdAt", "updatedAt") VALUES ('ms-099', 'prj-020', 'Pembentangan Viva', 'VIVA', '2026-09-08T09:40:58.127Z', NULL, 'PENDING', NULL, NULL, '2026-07-14T09:40:58.494Z', '2026-07-14T09:40:58.494Z');
INSERT INTO "Milestone" ("id", "projectId", "name", "stage", "dueDate", "completedAt", "status", "notes", "vivaSlot", "createdAt", "updatedAt") VALUES ('ms-100', 'prj-020', 'Penyerahan Akhir', 'FINAL_SUBMISSION', '2026-09-28T09:40:58.127Z', NULL, 'PENDING', NULL, NULL, '2026-07-14T09:40:58.495Z', '2026-07-14T09:40:58.495Z');
INSERT INTO "Milestone" ("id", "projectId", "name", "stage", "dueDate", "completedAt", "status", "notes", "vivaSlot", "createdAt", "updatedAt") VALUES ('ms-101', 'prj-021', 'Cadangan Projek', 'PROPOSAL', '2026-06-04T09:40:58.129Z', NULL, 'OVERDUE', NULL, NULL, '2026-07-14T09:40:58.499Z', '2026-07-14T09:40:58.499Z');
INSERT INTO "Milestone" ("id", "projectId", "name", "stage", "dueDate", "completedAt", "status", "notes", "vivaSlot", "createdAt", "updatedAt") VALUES ('ms-102', 'prj-021', 'Progress 1', 'PROGRESS_1', '2026-07-04T09:40:58.129Z', NULL, 'OVERDUE', NULL, NULL, '2026-07-14T09:40:58.500Z', '2026-07-14T09:40:58.500Z');
INSERT INTO "Milestone" ("id", "projectId", "name", "stage", "dueDate", "completedAt", "status", "notes", "vivaSlot", "createdAt", "updatedAt") VALUES ('ms-103', 'prj-021', 'Progress 2', 'PROGRESS_2', '2026-08-03T09:40:58.129Z', NULL, 'PENDING', NULL, NULL, '2026-07-14T09:40:58.501Z', '2026-07-14T09:40:58.501Z');
INSERT INTO "Milestone" ("id", "projectId", "name", "stage", "dueDate", "completedAt", "status", "notes", "vivaSlot", "createdAt", "updatedAt") VALUES ('ms-104', 'prj-021', 'Pembentangan Viva', 'VIVA', '2026-09-12T09:40:58.129Z', NULL, 'PENDING', NULL, '2026-08-28T09:59:16.817Z', '2026-07-14T09:40:58.502Z', '2026-07-14T09:59:16.949Z');
INSERT INTO "Milestone" ("id", "projectId", "name", "stage", "dueDate", "completedAt", "status", "notes", "vivaSlot", "createdAt", "updatedAt") VALUES ('ms-105', 'prj-021', 'Penyerahan Akhir', 'FINAL_SUBMISSION', '2026-10-02T09:40:58.129Z', NULL, 'PENDING', NULL, NULL, '2026-07-14T09:40:58.502Z', '2026-07-14T09:40:58.502Z');
INSERT INTO "Milestone" ("id", "projectId", "name", "stage", "dueDate", "completedAt", "status", "notes", "vivaSlot", "createdAt", "updatedAt") VALUES ('ms-106', 'prj-022', 'Cadangan Projek', 'PROPOSAL', '2026-06-08T09:40:58.131Z', NULL, 'OVERDUE', NULL, NULL, '2026-07-14T09:40:58.504Z', '2026-07-14T09:40:58.504Z');
INSERT INTO "Milestone" ("id", "projectId", "name", "stage", "dueDate", "completedAt", "status", "notes", "vivaSlot", "createdAt", "updatedAt") VALUES ('ms-107', 'prj-022', 'Progress 1', 'PROGRESS_1', '2026-07-08T09:40:58.131Z', NULL, 'OVERDUE', NULL, NULL, '2026-07-14T09:40:58.509Z', '2026-07-14T09:40:58.509Z');
INSERT INTO "Milestone" ("id", "projectId", "name", "stage", "dueDate", "completedAt", "status", "notes", "vivaSlot", "createdAt", "updatedAt") VALUES ('ms-108', 'prj-022', 'Progress 2', 'PROGRESS_2', '2026-08-07T09:40:58.131Z', NULL, 'PENDING', NULL, NULL, '2026-07-14T09:40:58.509Z', '2026-07-14T09:40:58.509Z');
INSERT INTO "Milestone" ("id", "projectId", "name", "stage", "dueDate", "completedAt", "status", "notes", "vivaSlot", "createdAt", "updatedAt") VALUES ('ms-109', 'prj-022', 'Pembentangan Viva', 'VIVA', '2026-09-16T09:40:58.131Z', NULL, 'PENDING', NULL, NULL, '2026-07-14T09:40:58.510Z', '2026-07-14T09:40:58.510Z');
INSERT INTO "Milestone" ("id", "projectId", "name", "stage", "dueDate", "completedAt", "status", "notes", "vivaSlot", "createdAt", "updatedAt") VALUES ('ms-110', 'prj-022', 'Penyerahan Akhir', 'FINAL_SUBMISSION', '2026-10-06T09:40:58.131Z', NULL, 'PENDING', NULL, NULL, '2026-07-14T09:40:58.511Z', '2026-07-14T09:40:58.511Z');
INSERT INTO "Milestone" ("id", "projectId", "name", "stage", "dueDate", "completedAt", "status", "notes", "vivaSlot", "createdAt", "updatedAt") VALUES ('ms-111', 'prj-023', 'Cadangan Projek', 'PROPOSAL', '2026-06-12T09:40:58.132Z', NULL, 'OVERDUE', NULL, NULL, '2026-07-14T09:40:58.512Z', '2026-07-14T09:40:58.512Z');
INSERT INTO "Milestone" ("id", "projectId", "name", "stage", "dueDate", "completedAt", "status", "notes", "vivaSlot", "createdAt", "updatedAt") VALUES ('ms-112', 'prj-023', 'Progress 1', 'PROGRESS_1', '2026-07-12T09:40:58.132Z', NULL, 'OVERDUE', NULL, NULL, '2026-07-14T09:40:58.513Z', '2026-07-14T09:40:58.513Z');
INSERT INTO "Milestone" ("id", "projectId", "name", "stage", "dueDate", "completedAt", "status", "notes", "vivaSlot", "createdAt", "updatedAt") VALUES ('ms-113', 'prj-023', 'Progress 2', 'PROGRESS_2', '2026-08-11T09:40:58.132Z', NULL, 'PENDING', NULL, NULL, '2026-07-14T09:40:58.514Z', '2026-07-14T09:40:58.514Z');
INSERT INTO "Milestone" ("id", "projectId", "name", "stage", "dueDate", "completedAt", "status", "notes", "vivaSlot", "createdAt", "updatedAt") VALUES ('ms-114', 'prj-023', 'Pembentangan Viva', 'VIVA', '2026-09-20T09:40:58.132Z', NULL, 'PENDING', NULL, NULL, '2026-07-14T09:40:58.514Z', '2026-07-14T09:40:58.514Z');
INSERT INTO "Milestone" ("id", "projectId", "name", "stage", "dueDate", "completedAt", "status", "notes", "vivaSlot", "createdAt", "updatedAt") VALUES ('ms-115', 'prj-023', 'Penyerahan Akhir', 'FINAL_SUBMISSION', '2026-10-10T09:40:58.132Z', NULL, 'PENDING', NULL, NULL, '2026-07-14T09:40:58.515Z', '2026-07-14T09:40:58.515Z');
INSERT INTO "Milestone" ("id", "projectId", "name", "stage", "dueDate", "completedAt", "status", "notes", "vivaSlot", "createdAt", "updatedAt") VALUES ('ms-116', 'prj-024', 'Cadangan Projek', 'PROPOSAL', '2026-06-16T09:40:58.134Z', NULL, 'OVERDUE', NULL, NULL, '2026-07-14T09:40:58.516Z', '2026-07-14T09:40:58.516Z');
INSERT INTO "Milestone" ("id", "projectId", "name", "stage", "dueDate", "completedAt", "status", "notes", "vivaSlot", "createdAt", "updatedAt") VALUES ('ms-117', 'prj-024', 'Progress 1', 'PROGRESS_1', '2026-07-16T09:40:58.134Z', NULL, 'PENDING', NULL, NULL, '2026-07-14T09:40:58.517Z', '2026-07-14T09:40:58.517Z');
INSERT INTO "Milestone" ("id", "projectId", "name", "stage", "dueDate", "completedAt", "status", "notes", "vivaSlot", "createdAt", "updatedAt") VALUES ('ms-118', 'prj-024', 'Progress 2', 'PROGRESS_2', '2026-08-15T09:40:58.134Z', NULL, 'PENDING', NULL, NULL, '2026-07-14T09:40:58.518Z', '2026-07-14T09:40:58.518Z');
INSERT INTO "Milestone" ("id", "projectId", "name", "stage", "dueDate", "completedAt", "status", "notes", "vivaSlot", "createdAt", "updatedAt") VALUES ('ms-119', 'prj-024', 'Pembentangan Viva', 'VIVA', '2026-09-24T09:40:58.134Z', NULL, 'PENDING', NULL, NULL, '2026-07-14T09:40:58.518Z', '2026-07-14T09:40:58.518Z');
INSERT INTO "Milestone" ("id", "projectId", "name", "stage", "dueDate", "completedAt", "status", "notes", "vivaSlot", "createdAt", "updatedAt") VALUES ('ms-120', 'prj-024', 'Penyerahan Akhir', 'FINAL_SUBMISSION', '2026-10-14T09:40:58.134Z', NULL, 'PENDING', NULL, NULL, '2026-07-14T09:40:58.519Z', '2026-07-14T09:40:58.519Z');
INSERT INTO "Milestone" ("id", "projectId", "name", "stage", "dueDate", "completedAt", "status", "notes", "vivaSlot", "createdAt", "updatedAt") VALUES ('ms-121', 'prj-025', 'Cadangan Projek', 'PROPOSAL', '2026-06-20T09:40:58.137Z', NULL, 'OVERDUE', NULL, NULL, '2026-07-14T09:40:58.522Z', '2026-07-14T09:40:58.522Z');
INSERT INTO "Milestone" ("id", "projectId", "name", "stage", "dueDate", "completedAt", "status", "notes", "vivaSlot", "createdAt", "updatedAt") VALUES ('ms-122', 'prj-025', 'Progress 1', 'PROGRESS_1', '2026-07-20T09:40:58.137Z', NULL, 'PENDING', NULL, NULL, '2026-07-14T09:40:58.522Z', '2026-07-14T09:40:58.522Z');
INSERT INTO "Milestone" ("id", "projectId", "name", "stage", "dueDate", "completedAt", "status", "notes", "vivaSlot", "createdAt", "updatedAt") VALUES ('ms-123', 'prj-025', 'Progress 2', 'PROGRESS_2', '2026-08-19T09:40:58.137Z', NULL, 'PENDING', NULL, NULL, '2026-07-14T09:40:58.523Z', '2026-07-14T09:40:58.523Z');
INSERT INTO "Milestone" ("id", "projectId", "name", "stage", "dueDate", "completedAt", "status", "notes", "vivaSlot", "createdAt", "updatedAt") VALUES ('ms-124', 'prj-025', 'Pembentangan Viva', 'VIVA', '2026-09-28T09:40:58.137Z', NULL, 'PENDING', NULL, NULL, '2026-07-14T09:40:58.524Z', '2026-07-14T09:40:58.524Z');
INSERT INTO "Milestone" ("id", "projectId", "name", "stage", "dueDate", "completedAt", "status", "notes", "vivaSlot", "createdAt", "updatedAt") VALUES ('ms-125', 'prj-025', 'Penyerahan Akhir', 'FINAL_SUBMISSION', '2026-10-18T09:40:58.137Z', NULL, 'PENDING', NULL, NULL, '2026-07-14T09:40:58.524Z', '2026-07-14T09:40:58.524Z');

-- Rubric (4 rows)
DELETE FROM "Rubric";
INSERT INTO "Rubric" ("id", "name", "field", "evalType", "criteria", "totalWeight", "isActive", "createdBy", "createdAt", "updatedAt") VALUES ('cmrkhatsk0038q4wlqq9wue5k', 'Rubrik Ujian Smoke', 'Both', 'panel_viva', '[{"key":"presentation","label":"Pembentangan","maxScore":30,"weight":30},{"key":"qa","label":"Sesi Soal Jawab","maxScore":40,"weight":40},{"key":"demo","label":"Demonstrasi","maxScore":30,"weight":30}]', 100, FALSE, 'usr-039', '2026-07-14T09:58:35.349Z', '2026-07-14T09:58:35.409Z');
INSERT INTO "Rubric" ("id", "name", "field", "evalType", "criteria", "totalWeight", "isActive", "createdBy", "createdAt", "updatedAt") VALUES ('rub-001', 'Rubrik Penilaian Progress (Elektrik Kuasa & RAC)', 'Both', 'supervisor_progress', '[{"key":"analisis_teknikal","label":"Analisis Teknikal","maxScore":20,"weight":20},{"key":"reka_bentuk","label":"Reka Bentuk Sistem","maxScore":25,"weight":25},{"key":"implementasi","label":"Implementasi & Pembinaan","maxScore":25,"weight":25},{"key":"dokumentasi","label":"Dokumentasi & Laporan","maxScore":15,"weight":15},{"key":"pengurusan_projek","label":"Pengurusan Projek & Masa","maxScore":15,"weight":15}]', 100, TRUE, 'usr-039', '2026-07-14T09:40:58.270Z', '2026-07-14T09:40:58.270Z');
INSERT INTO "Rubric" ("id", "name", "field", "evalType", "criteria", "totalWeight", "isActive", "createdBy", "createdAt", "updatedAt") VALUES ('rub-002', 'Rubrik Penilaian Viva (Panel Penilai)', 'Both', 'panel_viva', '[{"key":"pembentangan","label":"Pembentangan & Komunikasi","maxScore":20,"weight":20},{"key":"penguasaan_teknikal","label":"Penguasaan Teknikal","maxScore":30,"weight":30},{"key":"soal_jawab","label":"Sessi Soal Jawab","maxScore":25,"weight":25},{"key":"keaslian_projek","label":"Keaslian & Inovasi Projek","maxScore":25,"weight":25}]', 100, TRUE, 'usr-039', '2026-07-14T09:40:58.271Z', '2026-07-14T09:40:58.271Z');
INSERT INTO "Rubric" ("id", "name", "field", "evalType", "criteria", "totalWeight", "isActive", "createdBy", "createdAt", "updatedAt") VALUES ('rub-003', 'Rubrik Laporan Akhir', 'Both', 'final_report', '[{"key":"struktur_laporan","label":"Struktur & Format Laporan","maxScore":15,"weight":15},{"key":"kandungan_teknikal","label":"Kandungan Teknikal","maxScore":30,"weight":30},{"key":"analisis_dan_keputusan","label":"Analisis & Keputusan","maxScore":25,"weight":25},{"key":"rujukan_dan_petikan","label":"Rujukan & Petikan","maxScore":15,"weight":15},{"key":"kualiti_penulisan","label":"Kualiti Penulisan","maxScore":15,"weight":15}]', 100, TRUE, 'usr-039', '2026-07-14T09:40:58.272Z', '2026-07-14T09:40:58.272Z');

-- Evaluation (22 rows)
DELETE FROM "Evaluation";
INSERT INTO "Evaluation" ("id", "projectId", "evaluatorId", "rubricId", "criterionScores", "totalScore", "evalType", "comments", "submittedAt", "createdAt", "updatedAt") VALUES ('cmrkh8yii001xq4wlyhk37zqq', 'prj-025', 'usr-002', 'rub-001', '{"analisis_teknikal":16,"reka_bentuk":20,"implementasi":20,"dokumentasi":12,"pengurusan_projek":12}', 80, 'supervisor_progress', 'Smoke test evaluation', '2026-07-14T09:57:08.154Z', '2026-07-14T09:57:08.154Z', '2026-07-14T09:57:08.154Z');
INSERT INTO "Evaluation" ("id", "projectId", "evaluatorId", "rubricId", "criterionScores", "totalScore", "evalType", "comments", "submittedAt", "createdAt", "updatedAt") VALUES ('cmrkh9cgb002lq4wl5fd1fner', 'prj-001', 'usr-002', 'rub-001', '{"analisis_teknikal":17,"reka_bentuk":21,"implementasi":21,"dokumentasi":13,"pengurusan_projek":13}', 85, 'supervisor_progress', 'Smoke eval', '2026-07-14T09:57:26.219Z', '2026-07-14T09:57:26.219Z', '2026-07-14T09:57:26.219Z');
INSERT INTO "Evaluation" ("id", "projectId", "evaluatorId", "rubricId", "criterionScores", "totalScore", "evalType", "comments", "submittedAt", "createdAt", "updatedAt") VALUES ('eval-001', 'prj-001', 'usr-039', 'rub-001', '{"analisis_teknikal":15,"reka_bentuk":23,"implementasi":18,"dokumentasi":14,"pengurusan_projek":14}', 84, 'supervisor_progress', 'Kemajuan memuaskan, pelajar menunjukkan komitmen yang tinggi.', '2026-05-19T09:40:58.275Z', '2026-07-14T09:40:58.275Z', '2026-07-14T09:40:58.275Z');
INSERT INTO "Evaluation" ("id", "projectId", "evaluatorId", "rubricId", "criterionScores", "totalScore", "evalType", "comments", "submittedAt", "createdAt", "updatedAt") VALUES ('eval-002', 'prj-001', 'usr-034', 'rub-002', '{"pembentangan":15,"penguasaan_teknikal":26,"soal_jawab":24,"keaslian_projek":21}', 86, 'panel_viva', 'Pembentangan jelas dan penguasaan teknikal baik. Beberapa penambahbaikan pada analisis data disarankan.', '2026-05-19T09:40:58.275Z', '2026-07-14T09:40:58.276Z', '2026-07-14T09:40:58.276Z');
INSERT INTO "Evaluation" ("id", "projectId", "evaluatorId", "rubricId", "criterionScores", "totalScore", "evalType", "comments", "submittedAt", "createdAt", "updatedAt") VALUES ('eval-003', 'prj-001', 'usr-039', 'rub-003', '{"struktur_laporan":11,"kandungan_teknikal":28,"analisis_dan_keputusan":22,"rujukan_dan_petikan":14,"kualiti_penulisan":14}', 89, 'final_report', 'Laporan akhir lengkap dengan dokumentasi teknikal yang baik.', '2026-05-19T09:40:58.276Z', '2026-07-14T09:40:58.294Z', '2026-07-14T09:40:58.294Z');
INSERT INTO "Evaluation" ("id", "projectId", "evaluatorId", "rubricId", "criterionScores", "totalScore", "evalType", "comments", "submittedAt", "createdAt", "updatedAt") VALUES ('eval-004', 'prj-002', 'usr-039', 'rub-001', '{"analisis_teknikal":17,"reka_bentuk":18,"implementasi":19,"dokumentasi":12,"pengurusan_projek":11}', 77, 'supervisor_progress', 'Kemajuan memuaskan, pelajar menunjukkan komitmen yang tinggi.', '2026-05-26T09:40:58.298Z', '2026-07-14T09:40:58.298Z', '2026-07-14T09:40:58.298Z');
INSERT INTO "Evaluation" ("id", "projectId", "evaluatorId", "rubricId", "criterionScores", "totalScore", "evalType", "comments", "submittedAt", "createdAt", "updatedAt") VALUES ('eval-005', 'prj-002', 'usr-035', 'rub-002', '{"pembentangan":19,"penguasaan_teknikal":26,"soal_jawab":22,"keaslian_projek":19}', 86, 'panel_viva', 'Pembentangan jelas dan penguasaan teknikal baik. Beberapa penambahbaikan pada analisis data disarankan.', '2026-05-26T09:40:58.298Z', '2026-07-14T09:40:58.299Z', '2026-07-14T09:40:58.299Z');
INSERT INTO "Evaluation" ("id", "projectId", "evaluatorId", "rubricId", "criterionScores", "totalScore", "evalType", "comments", "submittedAt", "createdAt", "updatedAt") VALUES ('eval-006', 'prj-002', 'usr-039', 'rub-003', '{"struktur_laporan":11,"kandungan_teknikal":25,"analisis_dan_keputusan":20,"rujukan_dan_petikan":11,"kualiti_penulisan":14}', 81, 'final_report', 'Laporan akhir lengkap dengan dokumentasi teknikal yang baik.', '2026-05-26T09:40:58.303Z', '2026-07-14T09:40:58.304Z', '2026-07-14T09:40:58.304Z');
INSERT INTO "Evaluation" ("id", "projectId", "evaluatorId", "rubricId", "criterionScores", "totalScore", "evalType", "comments", "submittedAt", "createdAt", "updatedAt") VALUES ('eval-007', 'prj-003', 'usr-039', 'rub-001', '{"analisis_teknikal":14,"reka_bentuk":23,"implementasi":20,"dokumentasi":11,"pengurusan_projek":15}', 83, 'supervisor_progress', 'Kemajuan memuaskan, pelajar menunjukkan komitmen yang tinggi.', '2026-06-02T09:40:58.305Z', '2026-07-14T09:40:58.306Z', '2026-07-14T09:40:58.306Z');
INSERT INTO "Evaluation" ("id", "projectId", "evaluatorId", "rubricId", "criterionScores", "totalScore", "evalType", "comments", "submittedAt", "createdAt", "updatedAt") VALUES ('eval-008', 'prj-003', 'usr-036', 'rub-002', '{"pembentangan":19,"penguasaan_teknikal":24,"soal_jawab":18,"keaslian_projek":22}', 83, 'panel_viva', 'Pembentangan jelas dan penguasaan teknikal baik. Beberapa penambahbaikan pada analisis data disarankan.', '2026-06-02T09:40:58.306Z', '2026-07-14T09:40:58.306Z', '2026-07-14T09:40:58.306Z');
INSERT INTO "Evaluation" ("id", "projectId", "evaluatorId", "rubricId", "criterionScores", "totalScore", "evalType", "comments", "submittedAt", "createdAt", "updatedAt") VALUES ('eval-009', 'prj-003', 'usr-039', 'rub-003', '{"struktur_laporan":14,"kandungan_teknikal":25,"analisis_dan_keputusan":24,"rujukan_dan_petikan":13,"kualiti_penulisan":11}', 87, 'final_report', 'Laporan akhir lengkap dengan dokumentasi teknikal yang baik.', '2026-06-02T09:40:58.307Z', '2026-07-14T09:40:58.307Z', '2026-07-14T09:40:58.307Z');
INSERT INTO "Evaluation" ("id", "projectId", "evaluatorId", "rubricId", "criterionScores", "totalScore", "evalType", "comments", "submittedAt", "createdAt", "updatedAt") VALUES ('eval-010', 'prj-004', 'usr-039', 'rub-001', '{"analisis_teknikal":17,"reka_bentuk":20,"implementasi":22,"dokumentasi":12,"pengurusan_projek":11}', 82, 'supervisor_progress', 'Kemajuan memuaskan, pelajar menunjukkan komitmen yang tinggi.', '2026-06-09T09:40:58.308Z', '2026-07-14T09:40:58.309Z', '2026-07-14T09:40:58.309Z');
INSERT INTO "Evaluation" ("id", "projectId", "evaluatorId", "rubricId", "criterionScores", "totalScore", "evalType", "comments", "submittedAt", "createdAt", "updatedAt") VALUES ('eval-011', 'prj-004', 'usr-034', 'rub-002', '{"pembentangan":18,"penguasaan_teknikal":26,"soal_jawab":22,"keaslian_projek":20}', 86, 'panel_viva', 'Pembentangan jelas dan penguasaan teknikal baik. Beberapa penambahbaikan pada analisis data disarankan.', '2026-06-09T09:40:58.309Z', '2026-07-14T09:40:58.310Z', '2026-07-14T09:40:58.310Z');
INSERT INTO "Evaluation" ("id", "projectId", "evaluatorId", "rubricId", "criterionScores", "totalScore", "evalType", "comments", "submittedAt", "createdAt", "updatedAt") VALUES ('eval-012', 'prj-004', 'usr-039', 'rub-003', '{"struktur_laporan":11,"kandungan_teknikal":30,"analisis_dan_keputusan":19,"rujukan_dan_petikan":12,"kualiti_penulisan":11}', 83, 'final_report', 'Laporan akhir lengkap dengan dokumentasi teknikal yang baik.', '2026-06-09T09:40:58.310Z', '2026-07-14T09:40:58.314Z', '2026-07-14T09:40:58.314Z');
INSERT INTO "Evaluation" ("id", "projectId", "evaluatorId", "rubricId", "criterionScores", "totalScore", "evalType", "comments", "submittedAt", "createdAt", "updatedAt") VALUES ('eval-013', 'prj-005', 'usr-039', 'rub-001', '{"analisis_teknikal":16,"reka_bentuk":20,"implementasi":25,"dokumentasi":12,"pengurusan_projek":14}', 87, 'supervisor_progress', 'Kemajuan memuaskan, pelajar menunjukkan komitmen yang tinggi.', '2026-06-16T09:40:58.317Z', '2026-07-14T09:40:58.317Z', '2026-07-14T09:40:58.317Z');
INSERT INTO "Evaluation" ("id", "projectId", "evaluatorId", "rubricId", "criterionScores", "totalScore", "evalType", "comments", "submittedAt", "createdAt", "updatedAt") VALUES ('eval-014', 'prj-005', 'usr-035', 'rub-002', '{"pembentangan":14,"penguasaan_teknikal":27,"soal_jawab":23,"keaslian_projek":18}', 82, 'panel_viva', 'Pembentangan jelas dan penguasaan teknikal baik. Beberapa penambahbaikan pada analisis data disarankan.', '2026-06-16T09:40:58.318Z', '2026-07-14T09:40:58.319Z', '2026-07-14T09:40:58.319Z');
INSERT INTO "Evaluation" ("id", "projectId", "evaluatorId", "rubricId", "criterionScores", "totalScore", "evalType", "comments", "submittedAt", "createdAt", "updatedAt") VALUES ('eval-015', 'prj-006', 'usr-039', 'rub-001', '{"analisis_teknikal":19,"reka_bentuk":18,"implementasi":18,"dokumentasi":13,"pengurusan_projek":11}', 79, 'supervisor_progress', 'Kemajuan memuaskan, pelajar menunjukkan komitmen yang tinggi.', '2026-06-23T09:40:58.322Z', '2026-07-14T09:40:58.323Z', '2026-07-14T09:40:58.323Z');
INSERT INTO "Evaluation" ("id", "projectId", "evaluatorId", "rubricId", "criterionScores", "totalScore", "evalType", "comments", "submittedAt", "createdAt", "updatedAt") VALUES ('eval-016', 'prj-006', 'usr-036', 'rub-002', '{"pembentangan":20,"penguasaan_teknikal":21,"soal_jawab":20,"keaslian_projek":21}', 82, 'panel_viva', 'Pembentangan jelas dan penguasaan teknikal baik. Beberapa penambahbaikan pada analisis data disarankan.', '2026-06-23T09:40:58.323Z', '2026-07-14T09:40:58.324Z', '2026-07-14T09:40:58.324Z');
INSERT INTO "Evaluation" ("id", "projectId", "evaluatorId", "rubricId", "criterionScores", "totalScore", "evalType", "comments", "submittedAt", "createdAt", "updatedAt") VALUES ('eval-017', 'prj-007', 'usr-039', 'rub-001', '{"analisis_teknikal":18,"reka_bentuk":18,"implementasi":24,"dokumentasi":11,"pengurusan_projek":13}', 84, 'supervisor_progress', 'Kemajuan memuaskan, pelajar menunjukkan komitmen yang tinggi.', '2026-06-30T09:40:58.325Z', '2026-07-14T09:40:58.326Z', '2026-07-14T09:40:58.326Z');
INSERT INTO "Evaluation" ("id", "projectId", "evaluatorId", "rubricId", "criterionScores", "totalScore", "evalType", "comments", "submittedAt", "createdAt", "updatedAt") VALUES ('eval-018', 'prj-007', 'usr-034', 'rub-002', '{"pembentangan":19,"penguasaan_teknikal":23,"soal_jawab":18,"keaslian_projek":25}', 85, 'panel_viva', 'Pembentangan jelas dan penguasaan teknikal baik. Beberapa penambahbaikan pada analisis data disarankan.', '2026-06-30T09:40:58.326Z', '2026-07-14T09:40:58.327Z', '2026-07-14T09:40:58.327Z');
INSERT INTO "Evaluation" ("id", "projectId", "evaluatorId", "rubricId", "criterionScores", "totalScore", "evalType", "comments", "submittedAt", "createdAt", "updatedAt") VALUES ('eval-019', 'prj-008', 'usr-039', 'rub-001', '{"analisis_teknikal":17,"reka_bentuk":19,"implementasi":21,"dokumentasi":13,"pengurusan_projek":13}', 83, 'supervisor_progress', 'Kemajuan memuaskan, pelajar menunjukkan komitmen yang tinggi.', '2026-07-07T09:40:58.328Z', '2026-07-14T09:40:58.329Z', '2026-07-14T09:40:58.329Z');
INSERT INTO "Evaluation" ("id", "projectId", "evaluatorId", "rubricId", "criterionScores", "totalScore", "evalType", "comments", "submittedAt", "createdAt", "updatedAt") VALUES ('eval-020', 'prj-008', 'usr-035', 'rub-002', '{"pembentangan":18,"penguasaan_teknikal":26,"soal_jawab":19,"keaslian_projek":19}', 82, 'panel_viva', 'Pembentangan jelas dan penguasaan teknikal baik. Beberapa penambahbaikan pada analisis data disarankan.', '2026-07-07T09:40:58.329Z', '2026-07-14T09:40:58.329Z', '2026-07-14T09:40:58.329Z');

-- Equipment (15 rows)
DELETE FROM "Equipment";
INSERT INTO "Equipment" ("id", "name", "code", "category", "specification", "institutionId", "status", "quantity", "availableQty", "createdAt", "updatedAt") VALUES ('eqp-001', 'Multimeter Digital Fluke 87V', 'EQP-MM-001', 'Elektrik Kuasa', 'True RMS, 1000V AC/DC, 10A', 'inst-001', 'UNDER_MAINTENANCE', 3, 0, '2026-07-14T09:40:58.341Z', '2026-07-14T09:40:58.341Z');
INSERT INTO "Equipment" ("id", "name", "code", "category", "specification", "institutionId", "status", "quantity", "availableQty", "createdAt", "updatedAt") VALUES ('eqp-002', 'PLC Trainer Kit Siemens S7-1200', 'EQP-PLC-001', 'Elektrik Kuasa', 'CPU 1214C DC/DC/DC dengan module I/O', 'inst-002', 'AVAILABLE', 3, 3, '2026-07-14T09:40:58.342Z', '2026-07-14T09:40:58.342Z');
INSERT INTO "Equipment" ("id", "name", "code", "category", "specification", "institutionId", "status", "quantity", "availableQty", "createdAt", "updatedAt") VALUES ('eqp-003', 'Osiloskop Digital 100MHz', 'EQP-OSC-001', 'Elektrik Kuasa', '4 channel, 1GSa/s sampling rate', 'inst-003', 'AVAILABLE', 3, 3, '2026-07-14T09:40:58.342Z', '2026-07-14T09:40:58.342Z');
INSERT INTO "Equipment" ("id", "name", "code", "category", "specification", "institutionId", "status", "quantity", "availableQty", "createdAt", "updatedAt") VALUES ('eqp-004', 'Panel Motor 3 Fasa', 'EQP-MTR-001', 'Elektrik Kuasa', '5.5kW, 415V, dengan Starter DOL dan Star-Delta', 'inst-004', 'AVAILABLE', 3, 3, '2026-07-14T09:40:58.343Z', '2026-07-14T09:40:58.343Z');
INSERT INTO "Equipment" ("id", "name", "code", "category", "specification", "institutionId", "status", "quantity", "availableQty", "createdAt", "updatedAt") VALUES ('eqp-005', 'Megger Insulation Tester 5kV', 'EQP-MEG-001', 'Elektrik Kuasa', 'Ujian 0.01MΩ - 10TΩ', 'inst-005', 'BOOKED', 3, 1, '2026-07-14T09:40:58.344Z', '2026-07-14T09:40:58.344Z');
INSERT INTO "Equipment" ("id", "name", "code", "category", "specification", "institutionId", "status", "quantity", "availableQty", "createdAt", "updatedAt") VALUES ('eqp-006', 'Kit Pendawaian Bangunan', 'EQP-WIR-001', 'Elektrik Kuasa', 'Termasuk MCB, RCCB, soket dan suis', 'inst-001', 'AVAILABLE', 3, 3, '2026-07-14T09:40:58.345Z', '2026-07-14T09:40:58.345Z');
INSERT INTO "Equipment" ("id", "name", "code", "category", "specification", "institutionId", "status", "quantity", "availableQty", "createdAt", "updatedAt") VALUES ('eqp-007', 'Clamp Meter Hioki CM4373', 'EQP-CLM-001', 'Elektrik Kuasa', 'AC/DC 2000A, True RMS', 'inst-002', 'AVAILABLE', 3, 3, '2026-07-14T09:40:58.345Z', '2026-07-14T09:40:58.345Z');
INSERT INTO "Equipment" ("id", "name", "code", "category", "specification", "institutionId", "status", "quantity", "availableQty", "createdAt", "updatedAt") VALUES ('eqp-008', 'Power Quality Analyzer', 'EQP-PQA-001', 'Elektrik Kuasa', 'Analisis harmonik, THD, power factor', 'inst-003', 'UNDER_MAINTENANCE', 3, 0, '2026-07-14T09:40:58.346Z', '2026-07-14T09:40:58.346Z');
INSERT INTO "Equipment" ("id", "name", "code", "category", "specification", "institutionId", "status", "quantity", "availableQty", "createdAt", "updatedAt") VALUES ('eqp-009', 'Unit Kompresor RAC 2HP', 'EQP-CMP-001', 'RAC', 'R-410A, 220V, untuk split unit', 'inst-004', 'BOOKED', 3, 1, '2026-07-14T09:40:58.347Z', '2026-07-14T09:40:58.347Z');
INSERT INTO "Equipment" ("id", "name", "code", "category", "specification", "institutionId", "status", "quantity", "availableQty", "createdAt", "updatedAt") VALUES ('eqp-010', 'Manifold Gauge Set 4-way', 'EQP-MNF-001', 'RAC', 'Digital, dengan 3 hos 60 inci', 'inst-005', 'AVAILABLE', 3, 3, '2026-07-14T09:40:58.347Z', '2026-07-14T09:40:58.347Z');
INSERT INTO "Equipment" ("id", "name", "code", "category", "specification", "institutionId", "status", "quantity", "availableQty", "createdAt", "updatedAt") VALUES ('eqp-011', 'Termometer Digital Inframerah', 'EQP-TMP-001', 'RAC', '-50°C hingga 550°C, laser pointer', 'inst-001', 'BOOKED', 3, 2, '2026-07-14T09:40:58.348Z', '2026-07-14T09:58:35.901Z');
INSERT INTO "Equipment" ("id", "name", "code", "category", "specification", "institutionId", "status", "quantity", "availableQty", "createdAt", "updatedAt") VALUES ('eqp-012', 'Vacuum Pump 2-stage', 'EQP-VAC-001', 'RAC', '5 CFM, untuk pengosongan sistem', 'inst-002', 'AVAILABLE', 3, 3, '2026-07-14T09:40:58.349Z', '2026-07-14T09:40:58.349Z');
INSERT INTO "Equipment" ("id", "name", "code", "category", "specification", "institutionId", "status", "quantity", "availableQty", "createdAt", "updatedAt") VALUES ('eqp-013', 'Refrigerant Recovery Machine', 'EQP-RCV-001', 'RAC', 'Untuk R-22, R-410A, R-134a', 'inst-003', 'BOOKED', 3, 1, '2026-07-14T09:40:58.351Z', '2026-07-14T09:40:58.351Z');
INSERT INTO "Equipment" ("id", "name", "code", "category", "specification", "institutionId", "status", "quantity", "availableQty", "createdAt", "updatedAt") VALUES ('eqp-014', 'Psychrometer Digital', 'EQP-PSY-001', 'RAC', 'Suhu mentah & bebas, kelembapan relatif', 'inst-004', 'AVAILABLE', 3, 3, '2026-07-14T09:40:58.352Z', '2026-07-14T09:40:58.352Z');
INSERT INTO "Equipment" ("id", "name", "code", "category", "specification", "institutionId", "status", "quantity", "availableQty", "createdAt", "updatedAt") VALUES ('eqp-015', 'Leak Detector Elektronik', 'EQP-LKD-001', 'RAC', 'Pengesan kebocoran refrigeran halogen', 'inst-005', 'UNDER_MAINTENANCE', 3, 0, '2026-07-14T09:40:58.354Z', '2026-07-14T09:40:58.354Z');

-- EquipmentBooking (12 rows)
DELETE FROM "EquipmentBooking";
INSERT INTO "EquipmentBooking" ("id", "equipmentId", "studentId", "projectId", "bookingStart", "bookingEnd", "purpose", "status", "approvedById", "approvedAt", "returnNotes", "createdAt", "updatedAt") VALUES ('bk-001', 'eqp-001', 'usr-009', 'prj-001', '2026-06-29T09:40:58.355Z', '2026-07-06T09:40:58.355Z', 'Untuk tujuan ujian dan pembinaan projek tahun akhir (Multimeter Digital Fluke 87V).', 'RETURNED', 'usr-037', '2026-06-28T09:40:58.355Z', 'Peralatan dipulangkan dalam keadaan baik.', '2026-07-14T09:40:58.356Z', '2026-07-14T09:40:58.356Z');
INSERT INTO "EquipmentBooking" ("id", "equipmentId", "studentId", "projectId", "bookingStart", "bookingEnd", "purpose", "status", "approvedById", "approvedAt", "returnNotes", "createdAt", "updatedAt") VALUES ('bk-002', 'eqp-002', 'usr-010', 'prj-002', '2026-07-02T09:40:58.357Z', '2026-07-09T09:40:58.357Z', 'Untuk tujuan ujian dan pembinaan projek tahun akhir (PLC Trainer Kit Siemens S7-1200).', 'RETURNED', 'usr-037', '2026-07-01T09:40:58.357Z', 'Peralatan dipulangkan dalam keadaan baik.', '2026-07-14T09:40:58.357Z', '2026-07-14T09:40:58.357Z');
INSERT INTO "EquipmentBooking" ("id", "equipmentId", "studentId", "projectId", "bookingStart", "bookingEnd", "purpose", "status", "approvedById", "approvedAt", "returnNotes", "createdAt", "updatedAt") VALUES ('bk-003', 'eqp-003', 'usr-011', 'prj-003', '2026-07-05T09:40:58.360Z', '2026-07-12T09:40:58.360Z', 'Untuk tujuan ujian dan pembinaan projek tahun akhir (Osiloskop Digital 100MHz).', 'RETURNED', 'usr-037', '2026-07-04T09:40:58.360Z', 'Peralatan dipulangkan dalam keadaan baik.', '2026-07-14T09:40:58.361Z', '2026-07-14T09:40:58.361Z');
INSERT INTO "EquipmentBooking" ("id", "equipmentId", "studentId", "projectId", "bookingStart", "bookingEnd", "purpose", "status", "approvedById", "approvedAt", "returnNotes", "createdAt", "updatedAt") VALUES ('bk-004', 'eqp-004', 'usr-012', 'prj-004', '2026-07-08T09:40:58.362Z', '2026-07-15T09:40:58.362Z', 'Untuk tujuan ujian dan pembinaan projek tahun akhir (Panel Motor 3 Fasa).', 'RETURNED', 'usr-037', '2026-07-07T09:40:58.362Z', 'Peralatan dipulangkan dalam keadaan baik.', '2026-07-14T09:40:58.363Z', '2026-07-14T09:40:58.363Z');
INSERT INTO "EquipmentBooking" ("id", "equipmentId", "studentId", "projectId", "bookingStart", "bookingEnd", "purpose", "status", "approvedById", "approvedAt", "returnNotes", "createdAt", "updatedAt") VALUES ('bk-005', 'eqp-005', 'usr-013', 'prj-005', '2026-07-11T09:40:58.364Z', '2026-07-18T09:40:58.364Z', 'Untuk tujuan ujian dan pembinaan projek tahun akhir (Megger Insulation Tester 5kV).', 'RETURNED', 'usr-037', '2026-07-10T09:40:58.364Z', 'Peralatan dipulangkan dalam keadaan baik.', '2026-07-14T09:40:58.365Z', '2026-07-14T09:40:58.365Z');
INSERT INTO "EquipmentBooking" ("id", "equipmentId", "studentId", "projectId", "bookingStart", "bookingEnd", "purpose", "status", "approvedById", "approvedAt", "returnNotes", "createdAt", "updatedAt") VALUES ('bk-006', 'eqp-006', 'usr-014', 'prj-006', '2026-07-14T09:40:58.366Z', '2026-07-21T09:40:58.366Z', 'Untuk tujuan ujian dan pembinaan projek tahun akhir (Kit Pendawaian Bangunan).', 'APPROVED', 'usr-037', '2026-07-13T09:40:58.366Z', NULL, '2026-07-14T09:40:58.367Z', '2026-07-14T09:40:58.367Z');
INSERT INTO "EquipmentBooking" ("id", "equipmentId", "studentId", "projectId", "bookingStart", "bookingEnd", "purpose", "status", "approvedById", "approvedAt", "returnNotes", "createdAt", "updatedAt") VALUES ('bk-007', 'eqp-007', 'usr-015', 'prj-007', '2026-07-17T09:40:58.367Z', '2026-07-24T09:40:58.367Z', 'Untuk tujuan ujian dan pembinaan projek tahun akhir (Clamp Meter Hioki CM4373).', 'APPROVED', 'usr-037', '2026-07-16T09:40:58.367Z', NULL, '2026-07-14T09:40:58.368Z', '2026-07-14T09:40:58.368Z');
INSERT INTO "EquipmentBooking" ("id", "equipmentId", "studentId", "projectId", "bookingStart", "bookingEnd", "purpose", "status", "approvedById", "approvedAt", "returnNotes", "createdAt", "updatedAt") VALUES ('bk-008', 'eqp-008', 'usr-016', 'prj-008', '2026-07-20T09:40:58.369Z', '2026-07-27T09:40:58.369Z', 'Untuk tujuan ujian dan pembinaan projek tahun akhir (Power Quality Analyzer).', 'APPROVED', 'usr-037', '2026-07-19T09:40:58.369Z', NULL, '2026-07-14T09:40:58.369Z', '2026-07-14T09:40:58.369Z');
INSERT INTO "EquipmentBooking" ("id", "equipmentId", "studentId", "projectId", "bookingStart", "bookingEnd", "purpose", "status", "approvedById", "approvedAt", "returnNotes", "createdAt", "updatedAt") VALUES ('bk-009', 'eqp-009', 'usr-017', 'prj-009', '2026-07-23T09:40:58.370Z', '2026-07-30T09:40:58.370Z', 'Untuk tujuan ujian dan pembinaan projek tahun akhir (Unit Kompresor RAC 2HP).', 'PENDING', NULL, NULL, NULL, '2026-07-14T09:40:58.370Z', '2026-07-14T09:40:58.370Z');
INSERT INTO "EquipmentBooking" ("id", "equipmentId", "studentId", "projectId", "bookingStart", "bookingEnd", "purpose", "status", "approvedById", "approvedAt", "returnNotes", "createdAt", "updatedAt") VALUES ('bk-010', 'eqp-010', 'usr-018', 'prj-010', '2026-07-26T09:40:58.371Z', '2026-08-02T09:40:58.371Z', 'Untuk tujuan ujian dan pembinaan projek tahun akhir (Manifold Gauge Set 4-way).', 'PENDING', NULL, NULL, NULL, '2026-07-14T09:40:58.371Z', '2026-07-14T09:40:58.371Z');
INSERT INTO "EquipmentBooking" ("id", "equipmentId", "studentId", "projectId", "bookingStart", "bookingEnd", "purpose", "status", "approvedById", "approvedAt", "returnNotes", "createdAt", "updatedAt") VALUES ('cmrkh81kt000nq4wl9x48dqau', 'eqp-011', 'usr-009', 'prj-001', '2026-07-15T09:56:25.453Z', '2026-07-16T09:56:25.454Z', 'smoke test', 'PENDING', NULL, NULL, NULL, '2026-07-14T09:56:25.470Z', '2026-07-14T09:56:25.470Z');
INSERT INTO "EquipmentBooking" ("id", "equipmentId", "studentId", "projectId", "bookingStart", "bookingEnd", "purpose", "status", "approvedById", "approvedAt", "returnNotes", "createdAt", "updatedAt") VALUES ('cmrkh8i1d001jq4wln4ohmxuq', 'eqp-011', 'usr-009', 'prj-001', '2026-07-15T09:56:46.765Z', '2026-07-16T09:56:46.766Z', 'smoke test', 'APPROVED', 'usr-037', '2026-07-14T09:58:35.900Z', NULL, '2026-07-14T09:56:46.801Z', '2026-07-14T09:58:35.905Z');

-- AiChatLog (61 rows)
DELETE FROM "AiChatLog";
INSERT INTO "AiChatLog" ("id", "userId", "projectId", "prompt", "response", "moduleContext", "modelVersion", "rating", "tokensUsed", "createdAt") VALUES ('ai-001', 'usr-009', 'prj-001', 'Bagaimana cara mengira beban penyejukan untuk bilik 20m²?', 'Untuk mengira beban penyejukan bilik 20m², anda perlu mempertimbangkan: (1) Beban haba sensibel dari dinding, siling dan lantai (~100-150 W/m²), (2) Beban haba dalaman dari penghuni (~80W/orang), (3) Beban peralatan elektrik, (4) Beban solaran melalui tingkap. Anggaran kasar: 20m² × 150W/m² = 3000W ≈ 1 HP. Cadangan: gunakan BTU/hr = 20m² × 1000 BTU/hr/m² = 20,000 BTU/hr ≈ 1.7 HP. Sila rujuk ASHRAE Fundamentals untuk pengiraan terperinci.', 'technical_qa', 'glm-4.6', 5, 150, '2026-07-14T09:40:58.628Z');
INSERT INTO "AiChatLog" ("id", "userId", "projectId", "prompt", "response", "moduleContext", "modelVersion", "rating", "tokensUsed", "createdAt") VALUES ('ai-002', 'usr-010', 'prj-002', 'Apakah perbezaan antara litar pemula DOL dan Star-Delta untuk motor 3 fasa?', 'Pemula DOL (Direct-On-Line) menyambung motor terus ke bekalan penuh, menghasilkan arus mula yang tinggi (6-8 kali arus nominal) tetapi tork mula penuh. Sesuai untuk motor kecil (<5HP). Pemula Star-Delta memulakan motor dalam sambungan Star (voltan dikurangkan √3 kali, arus dan tork dikurangkan 1/3) kemudian bertukar ke Delta selepas motor mencapai kelajuan. Sesuai untuk motor besar (>5HP) di mana arus mula perlu dikawal. Trade-off: Star-Delta mengurangkan tork mula, jadi tidak sesuai untuk beban yang memerlukan tork mula tinggi seperti pam.', 'technical_qa', 'glm-4.6', NULL, 157, '2026-07-14T03:40:58.630Z');
INSERT INTO "AiChatLog" ("id", "userId", "projectId", "prompt", "response", "moduleContext", "modelVersion", "rating", "tokensUsed", "createdAt") VALUES ('ai-003', 'usr-011', 'prj-003', 'Apakah piawaian keselamatan elektrik yang perlu dipatuhi di Malaysia?', 'Piawaian keselamatan elektrik utama di Malaysia: (1) MS IEC 60364 - Pemasangan elektrik bangunan, (2) MS IEC 60947 - Peralatan kawalan voltan rendah, (3) Akta Bekalan Elektrik 1990 & Peraturan-peraturan Elektrik 1994, (4) Garis Panduan Suruhanjaya Tenaga. Amalan utama: gunakan PPE (sarung tangan isolasi, kasut getah), pastikan pembumian baik (<5Ω), labelkan panel dengan jelas, lakukan ujian isolasi berkala, dan sentiasa kunci tag (LOTO) sekerja pada litar.', 'technical_qa', 'glm-4.6', NULL, 164, '2026-07-13T21:40:58.631Z');
INSERT INTO "AiChatLog" ("id", "userId", "projectId", "prompt", "response", "moduleContext", "modelVersion", "rating", "tokensUsed", "createdAt") VALUES ('ai-004', 'usr-012', 'prj-004', 'Bantu saya tulis objektif untuk projek sistem kawalan motor PLC', 'Cadangan objektif projek: 1) Merekabentuk sistem kawalan motor 3 fasa berasaskan PLC Siemens S7-1200 dengan fungsi start-stop, reverse dan perlindungan beban lebih. 2) Membina panel kawalan lengkap dengan pendawaian mengikut MS IEC 60364. 3) Membangunkan aturcara ladder logic untuk automasi operasi motor. 4) Menjalankan ujian fungsi dan prestasi sistem termasuk ujian arus mula dan tork. 5) Mendokumentasikan laporan teknikal lengkap dengan gambarajah litar, senarai BOM, dan analisis keputusan ujian.', 'proposal_help', 'glm-4.6', 4, 171, '2026-07-13T15:40:58.633Z');
INSERT INTO "AiChatLog" ("id", "userId", "projectId", "prompt", "response", "moduleContext", "modelVersion", "rating", "tokensUsed", "createdAt") VALUES ('ai-005', 'usr-013', 'prj-005', 'Ringkaskan kemajuan pelajar saya minggu ini', 'Berdasarkan log mingguan terkini, pelajar telah menyiapkan pembinaan prototaip dan sedang dalam fasa ujian fungsi. Isu utama: pemanasan berlebihan pada transistor kawalan telah diselesaikan dengan penambahan heatsink. Jumlah jam kerja minggu ini: 8 jam. Status: SIGNED_OFF. Cadangan: pelajar perlu mula menyediakan dokumentasi laporan sambil menunggu keputusan ujian akhir.', 'logbook_review', 'glm-4.6', NULL, 178, '2026-07-13T09:40:58.634Z');
INSERT INTO "AiChatLog" ("id", "userId", "projectId", "prompt", "response", "moduleContext", "modelVersion", "rating", "tokensUsed", "createdAt") VALUES ('ai-006', 'usr-014', 'prj-006', 'Jana maklum balas untuk markah rubrik: analisis_teknikal=15, reka_bentuk=20', 'Maklum balas (draf): Analisis teknikal (15/20) - Analisis teknikal menunjukkan pemahaman yang baik tentang prinsip asas, namun bahasan terhadap pertimbangan alternatif boleh diperkukuh. Reka bentuk sistem (20/25) - Reka bentuk sistem adalah menyeluruh dan pelaksanaan praktikal. Beberapa penambahbaikan pada pemilihan komponen untuk mengoptimumkan kos disarankan. Secara keseluruhan, kemajuan projek adalah memuaskan dengan potensi peningkatan dalam dokumentasi justifikasi reka bentuk.', 'feedback_draft', 'glm-4.6', 5, 185, '2026-07-13T03:40:58.635Z');
INSERT INTO "AiChatLog" ("id", "userId", "projectId", "prompt", "response", "moduleContext", "modelVersion", "rating", "tokensUsed", "createdAt") VALUES ('ai-007', 'usr-015', 'prj-007', 'Bagaimana cara mengira beban penyejukan untuk bilik 20m²?', 'Untuk mengira beban penyejukan bilik 20m², anda perlu mempertimbangkan: (1) Beban haba sensibel dari dinding, siling dan lantai (~100-150 W/m²), (2) Beban haba dalaman dari penghuni (~80W/orang), (3) Beban peralatan elektrik, (4) Beban solaran melalui tingkap. Anggaran kasar: 20m² × 150W/m² = 3000W ≈ 1 HP. Cadangan: gunakan BTU/hr = 20m² × 1000 BTU/hr/m² = 20,000 BTU/hr ≈ 1.7 HP. Sila rujuk ASHRAE Fundamentals untuk pengiraan terperinci.', 'technical_qa', 'glm-4.6', 4, 192, '2026-07-12T21:40:58.638Z');
INSERT INTO "AiChatLog" ("id", "userId", "projectId", "prompt", "response", "moduleContext", "modelVersion", "rating", "tokensUsed", "createdAt") VALUES ('ai-008', 'usr-016', 'prj-008', 'Apakah perbezaan antara litar pemula DOL dan Star-Delta untuk motor 3 fasa?', 'Pemula DOL (Direct-On-Line) menyambung motor terus ke bekalan penuh, menghasilkan arus mula yang tinggi (6-8 kali arus nominal) tetapi tork mula penuh. Sesuai untuk motor kecil (<5HP). Pemula Star-Delta memulakan motor dalam sambungan Star (voltan dikurangkan √3 kali, arus dan tork dikurangkan 1/3) kemudian bertukar ke Delta selepas motor mencapai kelajuan. Sesuai untuk motor besar (>5HP) di mana arus mula perlu dikawal. Trade-off: Star-Delta mengurangkan tork mula, jadi tidak sesuai untuk beban yang memerlukan tork mula tinggi seperti pam.', 'technical_qa', 'glm-4.6', NULL, 199, '2026-07-12T15:40:58.639Z');
INSERT INTO "AiChatLog" ("id", "userId", "projectId", "prompt", "response", "moduleContext", "modelVersion", "rating", "tokensUsed", "createdAt") VALUES ('ai-009', 'usr-017', 'prj-009', 'Apakah piawaian keselamatan elektrik yang perlu dipatuhi di Malaysia?', 'Piawaian keselamatan elektrik utama di Malaysia: (1) MS IEC 60364 - Pemasangan elektrik bangunan, (2) MS IEC 60947 - Peralatan kawalan voltan rendah, (3) Akta Bekalan Elektrik 1990 & Peraturan-peraturan Elektrik 1994, (4) Garis Panduan Suruhanjaya Tenaga. Amalan utama: gunakan PPE (sarung tangan isolasi, kasut getah), pastikan pembumian baik (<5Ω), labelkan panel dengan jelas, lakukan ujian isolasi berkala, dan sentiasa kunci tag (LOTO) sekerja pada litar.', 'technical_qa', 'glm-4.6', NULL, 206, '2026-07-12T09:40:58.640Z');
INSERT INTO "AiChatLog" ("id", "userId", "projectId", "prompt", "response", "moduleContext", "modelVersion", "rating", "tokensUsed", "createdAt") VALUES ('ai-010', 'usr-018', 'prj-010', 'Bantu saya tulis objektif untuk projek sistem kawalan motor PLC', 'Cadangan objektif projek: 1) Merekabentuk sistem kawalan motor 3 fasa berasaskan PLC Siemens S7-1200 dengan fungsi start-stop, reverse dan perlindungan beban lebih. 2) Membina panel kawalan lengkap dengan pendawaian mengikut MS IEC 60364. 3) Membangunkan aturcara ladder logic untuk automasi operasi motor. 4) Menjalankan ujian fungsi dan prestasi sistem termasuk ujian arus mula dan tork. 5) Mendokumentasikan laporan teknikal lengkap dengan gambarajah litar, senarai BOM, dan analisis keputusan ujian.', 'proposal_help', 'glm-4.6', 4, 213, '2026-07-12T03:40:58.641Z');
INSERT INTO "AiChatLog" ("id", "userId", "projectId", "prompt", "response", "moduleContext", "modelVersion", "rating", "tokensUsed", "createdAt") VALUES ('ai-011', 'usr-019', 'prj-011', 'Ringkaskan kemajuan pelajar saya minggu ini', 'Berdasarkan log mingguan terkini, pelajar telah menyiapkan pembinaan prototaip dan sedang dalam fasa ujian fungsi. Isu utama: pemanasan berlebihan pada transistor kawalan telah diselesaikan dengan penambahan heatsink. Jumlah jam kerja minggu ini: 8 jam. Status: SIGNED_OFF. Cadangan: pelajar perlu mula menyediakan dokumentasi laporan sambil menunggu keputusan ujian akhir.', 'logbook_review', 'glm-4.6', 5, 220, '2026-07-11T21:40:58.643Z');
INSERT INTO "AiChatLog" ("id", "userId", "projectId", "prompt", "response", "moduleContext", "modelVersion", "rating", "tokensUsed", "createdAt") VALUES ('ai-012', 'usr-020', 'prj-012', 'Jana maklum balas untuk markah rubrik: analisis_teknikal=15, reka_bentuk=20', 'Maklum balas (draf): Analisis teknikal (15/20) - Analisis teknikal menunjukkan pemahaman yang baik tentang prinsip asas, namun bahasan terhadap pertimbangan alternatif boleh diperkukuh. Reka bentuk sistem (20/25) - Reka bentuk sistem adalah menyeluruh dan pelaksanaan praktikal. Beberapa penambahbaikan pada pemilihan komponen untuk mengoptimumkan kos disarankan. Secara keseluruhan, kemajuan projek adalah memuaskan dengan potensi peningkatan dalam dokumentasi justifikasi reka bentuk.', 'feedback_draft', 'glm-4.6', NULL, 227, '2026-07-11T15:40:58.644Z');
INSERT INTO "AiChatLog" ("id", "userId", "projectId", "prompt", "response", "moduleContext", "modelVersion", "rating", "tokensUsed", "createdAt") VALUES ('ai-013', 'usr-021', 'prj-013', 'Bagaimana cara mengira beban penyejukan untuk bilik 20m²?', 'Untuk mengira beban penyejukan bilik 20m², anda perlu mempertimbangkan: (1) Beban haba sensibel dari dinding, siling dan lantai (~100-150 W/m²), (2) Beban haba dalaman dari penghuni (~80W/orang), (3) Beban peralatan elektrik, (4) Beban solaran melalui tingkap. Anggaran kasar: 20m² × 150W/m² = 3000W ≈ 1 HP. Cadangan: gunakan BTU/hr = 20m² × 1000 BTU/hr/m² = 20,000 BTU/hr ≈ 1.7 HP. Sila rujuk ASHRAE Fundamentals untuk pengiraan terperinci.', 'technical_qa', 'glm-4.6', 4, 234, '2026-07-11T09:40:58.645Z');
INSERT INTO "AiChatLog" ("id", "userId", "projectId", "prompt", "response", "moduleContext", "modelVersion", "rating", "tokensUsed", "createdAt") VALUES ('ai-014', 'usr-022', 'prj-014', 'Apakah perbezaan antara litar pemula DOL dan Star-Delta untuk motor 3 fasa?', 'Pemula DOL (Direct-On-Line) menyambung motor terus ke bekalan penuh, menghasilkan arus mula yang tinggi (6-8 kali arus nominal) tetapi tork mula penuh. Sesuai untuk motor kecil (<5HP). Pemula Star-Delta memulakan motor dalam sambungan Star (voltan dikurangkan √3 kali, arus dan tork dikurangkan 1/3) kemudian bertukar ke Delta selepas motor mencapai kelajuan. Sesuai untuk motor besar (>5HP) di mana arus mula perlu dikawal. Trade-off: Star-Delta mengurangkan tork mula, jadi tidak sesuai untuk beban yang memerlukan tork mula tinggi seperti pam.', 'technical_qa', 'glm-4.6', NULL, 241, '2026-07-11T03:40:58.647Z');
INSERT INTO "AiChatLog" ("id", "userId", "projectId", "prompt", "response", "moduleContext", "modelVersion", "rating", "tokensUsed", "createdAt") VALUES ('ai-015', 'usr-023', 'prj-015', 'Apakah piawaian keselamatan elektrik yang perlu dipatuhi di Malaysia?', 'Piawaian keselamatan elektrik utama di Malaysia: (1) MS IEC 60364 - Pemasangan elektrik bangunan, (2) MS IEC 60947 - Peralatan kawalan voltan rendah, (3) Akta Bekalan Elektrik 1990 & Peraturan-peraturan Elektrik 1994, (4) Garis Panduan Suruhanjaya Tenaga. Amalan utama: gunakan PPE (sarung tangan isolasi, kasut getah), pastikan pembumian baik (<5Ω), labelkan panel dengan jelas, lakukan ujian isolasi berkala, dan sentiasa kunci tag (LOTO) sekerja pada litar.', 'technical_qa', 'glm-4.6', NULL, 248, '2026-07-10T21:40:58.649Z');
INSERT INTO "AiChatLog" ("id", "userId", "projectId", "prompt", "response", "moduleContext", "modelVersion", "rating", "tokensUsed", "createdAt") VALUES ('ai-016', 'usr-024', 'prj-016', 'Bantu saya tulis objektif untuk projek sistem kawalan motor PLC', 'Cadangan objektif projek: 1) Merekabentuk sistem kawalan motor 3 fasa berasaskan PLC Siemens S7-1200 dengan fungsi start-stop, reverse dan perlindungan beban lebih. 2) Membina panel kawalan lengkap dengan pendawaian mengikut MS IEC 60364. 3) Membangunkan aturcara ladder logic untuk automasi operasi motor. 4) Menjalankan ujian fungsi dan prestasi sistem termasuk ujian arus mula dan tork. 5) Mendokumentasikan laporan teknikal lengkap dengan gambarajah litar, senarai BOM, dan analisis keputusan ujian.', 'proposal_help', 'glm-4.6', 5, 255, '2026-07-10T15:40:58.650Z');
INSERT INTO "AiChatLog" ("id", "userId", "projectId", "prompt", "response", "moduleContext", "modelVersion", "rating", "tokensUsed", "createdAt") VALUES ('ai-017', 'usr-025', 'prj-017', 'Ringkaskan kemajuan pelajar saya minggu ini', 'Berdasarkan log mingguan terkini, pelajar telah menyiapkan pembinaan prototaip dan sedang dalam fasa ujian fungsi. Isu utama: pemanasan berlebihan pada transistor kawalan telah diselesaikan dengan penambahan heatsink. Jumlah jam kerja minggu ini: 8 jam. Status: SIGNED_OFF. Cadangan: pelajar perlu mula menyediakan dokumentasi laporan sambil menunggu keputusan ujian akhir.', 'logbook_review', 'glm-4.6', NULL, 262, '2026-07-10T09:40:58.652Z');
INSERT INTO "AiChatLog" ("id", "userId", "projectId", "prompt", "response", "moduleContext", "modelVersion", "rating", "tokensUsed", "createdAt") VALUES ('ai-018', 'usr-026', 'prj-018', 'Jana maklum balas untuk markah rubrik: analisis_teknikal=15, reka_bentuk=20', 'Maklum balas (draf): Analisis teknikal (15/20) - Analisis teknikal menunjukkan pemahaman yang baik tentang prinsip asas, namun bahasan terhadap pertimbangan alternatif boleh diperkukuh. Reka bentuk sistem (20/25) - Reka bentuk sistem adalah menyeluruh dan pelaksanaan praktikal. Beberapa penambahbaikan pada pemilihan komponen untuk mengoptimumkan kos disarankan. Secara keseluruhan, kemajuan projek adalah memuaskan dengan potensi peningkatan dalam dokumentasi justifikasi reka bentuk.', 'feedback_draft', 'glm-4.6', NULL, 269, '2026-07-10T03:40:58.654Z');
INSERT INTO "AiChatLog" ("id", "userId", "projectId", "prompt", "response", "moduleContext", "modelVersion", "rating", "tokensUsed", "createdAt") VALUES ('ai-019', 'usr-027', 'prj-019', 'Bagaimana cara mengira beban penyejukan untuk bilik 20m²?', 'Untuk mengira beban penyejukan bilik 20m², anda perlu mempertimbangkan: (1) Beban haba sensibel dari dinding, siling dan lantai (~100-150 W/m²), (2) Beban haba dalaman dari penghuni (~80W/orang), (3) Beban peralatan elektrik, (4) Beban solaran melalui tingkap. Anggaran kasar: 20m² × 150W/m² = 3000W ≈ 1 HP. Cadangan: gunakan BTU/hr = 20m² × 1000 BTU/hr/m² = 20,000 BTU/hr ≈ 1.7 HP. Sila rujuk ASHRAE Fundamentals untuk pengiraan terperinci.', 'technical_qa', 'glm-4.6', 4, 276, '2026-07-09T21:40:58.655Z');
INSERT INTO "AiChatLog" ("id", "userId", "projectId", "prompt", "response", "moduleContext", "modelVersion", "rating", "tokensUsed", "createdAt") VALUES ('ai-020', 'usr-028', 'prj-020', 'Apakah perbezaan antara litar pemula DOL dan Star-Delta untuk motor 3 fasa?', 'Pemula DOL (Direct-On-Line) menyambung motor terus ke bekalan penuh, menghasilkan arus mula yang tinggi (6-8 kali arus nominal) tetapi tork mula penuh. Sesuai untuk motor kecil (<5HP). Pemula Star-Delta memulakan motor dalam sambungan Star (voltan dikurangkan √3 kali, arus dan tork dikurangkan 1/3) kemudian bertukar ke Delta selepas motor mencapai kelajuan. Sesuai untuk motor besar (>5HP) di mana arus mula perlu dikawal. Trade-off: Star-Delta mengurangkan tork mula, jadi tidak sesuai untuk beban yang memerlukan tork mula tinggi seperti pam.', 'technical_qa', 'glm-4.6', NULL, 283, '2026-07-09T15:40:58.656Z');
INSERT INTO "AiChatLog" ("id", "userId", "projectId", "prompt", "response", "moduleContext", "modelVersion", "rating", "tokensUsed", "createdAt") VALUES ('ai-021', 'usr-029', 'prj-021', 'Apakah piawaian keselamatan elektrik yang perlu dipatuhi di Malaysia?', 'Piawaian keselamatan elektrik utama di Malaysia: (1) MS IEC 60364 - Pemasangan elektrik bangunan, (2) MS IEC 60947 - Peralatan kawalan voltan rendah, (3) Akta Bekalan Elektrik 1990 & Peraturan-peraturan Elektrik 1994, (4) Garis Panduan Suruhanjaya Tenaga. Amalan utama: gunakan PPE (sarung tangan isolasi, kasut getah), pastikan pembumian baik (<5Ω), labelkan panel dengan jelas, lakukan ujian isolasi berkala, dan sentiasa kunci tag (LOTO) sekerja pada litar.', 'technical_qa', 'glm-4.6', 5, 290, '2026-07-09T09:40:58.658Z');
INSERT INTO "AiChatLog" ("id", "userId", "projectId", "prompt", "response", "moduleContext", "modelVersion", "rating", "tokensUsed", "createdAt") VALUES ('ai-022', 'usr-030', 'prj-022', 'Bantu saya tulis objektif untuk projek sistem kawalan motor PLC', 'Cadangan objektif projek: 1) Merekabentuk sistem kawalan motor 3 fasa berasaskan PLC Siemens S7-1200 dengan fungsi start-stop, reverse dan perlindungan beban lebih. 2) Membina panel kawalan lengkap dengan pendawaian mengikut MS IEC 60364. 3) Membangunkan aturcara ladder logic untuk automasi operasi motor. 4) Menjalankan ujian fungsi dan prestasi sistem termasuk ujian arus mula dan tork. 5) Mendokumentasikan laporan teknikal lengkap dengan gambarajah litar, senarai BOM, dan analisis keputusan ujian.', 'proposal_help', 'glm-4.6', 4, 297, '2026-07-09T03:40:58.659Z');
INSERT INTO "AiChatLog" ("id", "userId", "projectId", "prompt", "response", "moduleContext", "modelVersion", "rating", "tokensUsed", "createdAt") VALUES ('ai-023', 'usr-031', 'prj-023', 'Ringkaskan kemajuan pelajar saya minggu ini', 'Berdasarkan log mingguan terkini, pelajar telah menyiapkan pembinaan prototaip dan sedang dalam fasa ujian fungsi. Isu utama: pemanasan berlebihan pada transistor kawalan telah diselesaikan dengan penambahan heatsink. Jumlah jam kerja minggu ini: 8 jam. Status: SIGNED_OFF. Cadangan: pelajar perlu mula menyediakan dokumentasi laporan sambil menunggu keputusan ujian akhir.', 'logbook_review', 'glm-4.6', NULL, 304, '2026-07-08T21:40:58.687Z');
INSERT INTO "AiChatLog" ("id", "userId", "projectId", "prompt", "response", "moduleContext", "modelVersion", "rating", "tokensUsed", "createdAt") VALUES ('ai-024', 'usr-032', 'prj-024', 'Jana maklum balas untuk markah rubrik: analisis_teknikal=15, reka_bentuk=20', 'Maklum balas (draf): Analisis teknikal (15/20) - Analisis teknikal menunjukkan pemahaman yang baik tentang prinsip asas, namun bahasan terhadap pertimbangan alternatif boleh diperkukuh. Reka bentuk sistem (20/25) - Reka bentuk sistem adalah menyeluruh dan pelaksanaan praktikal. Beberapa penambahbaikan pada pemilihan komponen untuk mengoptimumkan kos disarankan. Secara keseluruhan, kemajuan projek adalah memuaskan dengan potensi peningkatan dalam dokumentasi justifikasi reka bentuk.', 'feedback_draft', 'glm-4.6', NULL, 311, '2026-07-08T15:40:58.688Z');
INSERT INTO "AiChatLog" ("id", "userId", "projectId", "prompt", "response", "moduleContext", "modelVersion", "rating", "tokensUsed", "createdAt") VALUES ('ai-025', 'usr-033', 'prj-025', 'Bagaimana cara mengira beban penyejukan untuk bilik 20m²?', 'Untuk mengira beban penyejukan bilik 20m², anda perlu mempertimbangkan: (1) Beban haba sensibel dari dinding, siling dan lantai (~100-150 W/m²), (2) Beban haba dalaman dari penghuni (~80W/orang), (3) Beban peralatan elektrik, (4) Beban solaran melalui tingkap. Anggaran kasar: 20m² × 150W/m² = 3000W ≈ 1 HP. Cadangan: gunakan BTU/hr = 20m² × 1000 BTU/hr/m² = 20,000 BTU/hr ≈ 1.7 HP. Sila rujuk ASHRAE Fundamentals untuk pengiraan terperinci.', 'technical_qa', 'glm-4.6', 4, 318, '2026-07-08T09:40:58.690Z');
INSERT INTO "AiChatLog" ("id", "userId", "projectId", "prompt", "response", "moduleContext", "modelVersion", "rating", "tokensUsed", "createdAt") VALUES ('ai-026', 'usr-009', 'prj-001', 'Apakah perbezaan antara litar pemula DOL dan Star-Delta untuk motor 3 fasa?', 'Pemula DOL (Direct-On-Line) menyambung motor terus ke bekalan penuh, menghasilkan arus mula yang tinggi (6-8 kali arus nominal) tetapi tork mula penuh. Sesuai untuk motor kecil (<5HP). Pemula Star-Delta memulakan motor dalam sambungan Star (voltan dikurangkan √3 kali, arus dan tork dikurangkan 1/3) kemudian bertukar ke Delta selepas motor mencapai kelajuan. Sesuai untuk motor besar (>5HP) di mana arus mula perlu dikawal. Trade-off: Star-Delta mengurangkan tork mula, jadi tidak sesuai untuk beban yang memerlukan tork mula tinggi seperti pam.', 'technical_qa', 'glm-4.6', 5, 325, '2026-07-08T03:40:58.691Z');
INSERT INTO "AiChatLog" ("id", "userId", "projectId", "prompt", "response", "moduleContext", "modelVersion", "rating", "tokensUsed", "createdAt") VALUES ('ai-027', 'usr-010', 'prj-002', 'Apakah piawaian keselamatan elektrik yang perlu dipatuhi di Malaysia?', 'Piawaian keselamatan elektrik utama di Malaysia: (1) MS IEC 60364 - Pemasangan elektrik bangunan, (2) MS IEC 60947 - Peralatan kawalan voltan rendah, (3) Akta Bekalan Elektrik 1990 & Peraturan-peraturan Elektrik 1994, (4) Garis Panduan Suruhanjaya Tenaga. Amalan utama: gunakan PPE (sarung tangan isolasi, kasut getah), pastikan pembumian baik (<5Ω), labelkan panel dengan jelas, lakukan ujian isolasi berkala, dan sentiasa kunci tag (LOTO) sekerja pada litar.', 'technical_qa', 'glm-4.6', NULL, 332, '2026-07-07T21:40:58.692Z');
INSERT INTO "AiChatLog" ("id", "userId", "projectId", "prompt", "response", "moduleContext", "modelVersion", "rating", "tokensUsed", "createdAt") VALUES ('ai-028', 'usr-011', 'prj-003', 'Bantu saya tulis objektif untuk projek sistem kawalan motor PLC', 'Cadangan objektif projek: 1) Merekabentuk sistem kawalan motor 3 fasa berasaskan PLC Siemens S7-1200 dengan fungsi start-stop, reverse dan perlindungan beban lebih. 2) Membina panel kawalan lengkap dengan pendawaian mengikut MS IEC 60364. 3) Membangunkan aturcara ladder logic untuk automasi operasi motor. 4) Menjalankan ujian fungsi dan prestasi sistem termasuk ujian arus mula dan tork. 5) Mendokumentasikan laporan teknikal lengkap dengan gambarajah litar, senarai BOM, dan analisis keputusan ujian.', 'proposal_help', 'glm-4.6', 4, 339, '2026-07-07T15:40:58.693Z');
INSERT INTO "AiChatLog" ("id", "userId", "projectId", "prompt", "response", "moduleContext", "modelVersion", "rating", "tokensUsed", "createdAt") VALUES ('ai-029', 'usr-012', 'prj-004', 'Ringkaskan kemajuan pelajar saya minggu ini', 'Berdasarkan log mingguan terkini, pelajar telah menyiapkan pembinaan prototaip dan sedang dalam fasa ujian fungsi. Isu utama: pemanasan berlebihan pada transistor kawalan telah diselesaikan dengan penambahan heatsink. Jumlah jam kerja minggu ini: 8 jam. Status: SIGNED_OFF. Cadangan: pelajar perlu mula menyediakan dokumentasi laporan sambil menunggu keputusan ujian akhir.', 'logbook_review', 'glm-4.6', NULL, 346, '2026-07-07T09:40:58.695Z');
INSERT INTO "AiChatLog" ("id", "userId", "projectId", "prompt", "response", "moduleContext", "modelVersion", "rating", "tokensUsed", "createdAt") VALUES ('ai-030', 'usr-013', 'prj-005', 'Jana maklum balas untuk markah rubrik: analisis_teknikal=15, reka_bentuk=20', 'Maklum balas (draf): Analisis teknikal (15/20) - Analisis teknikal menunjukkan pemahaman yang baik tentang prinsip asas, namun bahasan terhadap pertimbangan alternatif boleh diperkukuh. Reka bentuk sistem (20/25) - Reka bentuk sistem adalah menyeluruh dan pelaksanaan praktikal. Beberapa penambahbaikan pada pemilihan komponen untuk mengoptimumkan kos disarankan. Secara keseluruhan, kemajuan projek adalah memuaskan dengan potensi peningkatan dalam dokumentasi justifikasi reka bentuk.', 'feedback_draft', 'glm-4.6', NULL, 353, '2026-07-07T03:40:58.696Z');
INSERT INTO "AiChatLog" ("id", "userId", "projectId", "prompt", "response", "moduleContext", "modelVersion", "rating", "tokensUsed", "createdAt") VALUES ('ai-031', 'usr-014', 'prj-006', 'Bagaimana cara mengira beban penyejukan untuk bilik 20m²?', 'Untuk mengira beban penyejukan bilik 20m², anda perlu mempertimbangkan: (1) Beban haba sensibel dari dinding, siling dan lantai (~100-150 W/m²), (2) Beban haba dalaman dari penghuni (~80W/orang), (3) Beban peralatan elektrik, (4) Beban solaran melalui tingkap. Anggaran kasar: 20m² × 150W/m² = 3000W ≈ 1 HP. Cadangan: gunakan BTU/hr = 20m² × 1000 BTU/hr/m² = 20,000 BTU/hr ≈ 1.7 HP. Sila rujuk ASHRAE Fundamentals untuk pengiraan terperinci.', 'technical_qa', 'glm-4.6', 5, 360, '2026-07-06T21:40:58.697Z');
INSERT INTO "AiChatLog" ("id", "userId", "projectId", "prompt", "response", "moduleContext", "modelVersion", "rating", "tokensUsed", "createdAt") VALUES ('ai-032', 'usr-015', 'prj-007', 'Apakah perbezaan antara litar pemula DOL dan Star-Delta untuk motor 3 fasa?', 'Pemula DOL (Direct-On-Line) menyambung motor terus ke bekalan penuh, menghasilkan arus mula yang tinggi (6-8 kali arus nominal) tetapi tork mula penuh. Sesuai untuk motor kecil (<5HP). Pemula Star-Delta memulakan motor dalam sambungan Star (voltan dikurangkan √3 kali, arus dan tork dikurangkan 1/3) kemudian bertukar ke Delta selepas motor mencapai kelajuan. Sesuai untuk motor besar (>5HP) di mana arus mula perlu dikawal. Trade-off: Star-Delta mengurangkan tork mula, jadi tidak sesuai untuk beban yang memerlukan tork mula tinggi seperti pam.', 'technical_qa', 'glm-4.6', NULL, 367, '2026-07-06T15:40:58.699Z');
INSERT INTO "AiChatLog" ("id", "userId", "projectId", "prompt", "response", "moduleContext", "modelVersion", "rating", "tokensUsed", "createdAt") VALUES ('ai-033', 'usr-016', 'prj-008', 'Apakah piawaian keselamatan elektrik yang perlu dipatuhi di Malaysia?', 'Piawaian keselamatan elektrik utama di Malaysia: (1) MS IEC 60364 - Pemasangan elektrik bangunan, (2) MS IEC 60947 - Peralatan kawalan voltan rendah, (3) Akta Bekalan Elektrik 1990 & Peraturan-peraturan Elektrik 1994, (4) Garis Panduan Suruhanjaya Tenaga. Amalan utama: gunakan PPE (sarung tangan isolasi, kasut getah), pastikan pembumian baik (<5Ω), labelkan panel dengan jelas, lakukan ujian isolasi berkala, dan sentiasa kunci tag (LOTO) sekerja pada litar.', 'technical_qa', 'glm-4.6', NULL, 374, '2026-07-06T09:40:58.700Z');
INSERT INTO "AiChatLog" ("id", "userId", "projectId", "prompt", "response", "moduleContext", "modelVersion", "rating", "tokensUsed", "createdAt") VALUES ('ai-034', 'usr-017', 'prj-009', 'Bantu saya tulis objektif untuk projek sistem kawalan motor PLC', 'Cadangan objektif projek: 1) Merekabentuk sistem kawalan motor 3 fasa berasaskan PLC Siemens S7-1200 dengan fungsi start-stop, reverse dan perlindungan beban lebih. 2) Membina panel kawalan lengkap dengan pendawaian mengikut MS IEC 60364. 3) Membangunkan aturcara ladder logic untuk automasi operasi motor. 4) Menjalankan ujian fungsi dan prestasi sistem termasuk ujian arus mula dan tork. 5) Mendokumentasikan laporan teknikal lengkap dengan gambarajah litar, senarai BOM, dan analisis keputusan ujian.', 'proposal_help', 'glm-4.6', 4, 381, '2026-07-06T03:40:58.701Z');
INSERT INTO "AiChatLog" ("id", "userId", "projectId", "prompt", "response", "moduleContext", "modelVersion", "rating", "tokensUsed", "createdAt") VALUES ('ai-035', 'usr-018', 'prj-010', 'Ringkaskan kemajuan pelajar saya minggu ini', 'Berdasarkan log mingguan terkini, pelajar telah menyiapkan pembinaan prototaip dan sedang dalam fasa ujian fungsi. Isu utama: pemanasan berlebihan pada transistor kawalan telah diselesaikan dengan penambahan heatsink. Jumlah jam kerja minggu ini: 8 jam. Status: SIGNED_OFF. Cadangan: pelajar perlu mula menyediakan dokumentasi laporan sambil menunggu keputusan ujian akhir.', 'logbook_review', 'glm-4.6', NULL, 388, '2026-07-05T21:40:58.704Z');
INSERT INTO "AiChatLog" ("id", "userId", "projectId", "prompt", "response", "moduleContext", "modelVersion", "rating", "tokensUsed", "createdAt") VALUES ('ai-036', 'usr-019', 'prj-011', 'Jana maklum balas untuk markah rubrik: analisis_teknikal=15, reka_bentuk=20', 'Maklum balas (draf): Analisis teknikal (15/20) - Analisis teknikal menunjukkan pemahaman yang baik tentang prinsip asas, namun bahasan terhadap pertimbangan alternatif boleh diperkukuh. Reka bentuk sistem (20/25) - Reka bentuk sistem adalah menyeluruh dan pelaksanaan praktikal. Beberapa penambahbaikan pada pemilihan komponen untuk mengoptimumkan kos disarankan. Secara keseluruhan, kemajuan projek adalah memuaskan dengan potensi peningkatan dalam dokumentasi justifikasi reka bentuk.', 'feedback_draft', 'glm-4.6', 5, 395, '2026-07-05T15:40:58.705Z');
INSERT INTO "AiChatLog" ("id", "userId", "projectId", "prompt", "response", "moduleContext", "modelVersion", "rating", "tokensUsed", "createdAt") VALUES ('ai-037', 'usr-020', 'prj-012', 'Bagaimana cara mengira beban penyejukan untuk bilik 20m²?', 'Untuk mengira beban penyejukan bilik 20m², anda perlu mempertimbangkan: (1) Beban haba sensibel dari dinding, siling dan lantai (~100-150 W/m²), (2) Beban haba dalaman dari penghuni (~80W/orang), (3) Beban peralatan elektrik, (4) Beban solaran melalui tingkap. Anggaran kasar: 20m² × 150W/m² = 3000W ≈ 1 HP. Cadangan: gunakan BTU/hr = 20m² × 1000 BTU/hr/m² = 20,000 BTU/hr ≈ 1.7 HP. Sila rujuk ASHRAE Fundamentals untuk pengiraan terperinci.', 'technical_qa', 'glm-4.6', 4, 402, '2026-07-05T09:40:58.707Z');
INSERT INTO "AiChatLog" ("id", "userId", "projectId", "prompt", "response", "moduleContext", "modelVersion", "rating", "tokensUsed", "createdAt") VALUES ('ai-038', 'usr-021', 'prj-013', 'Apakah perbezaan antara litar pemula DOL dan Star-Delta untuk motor 3 fasa?', 'Pemula DOL (Direct-On-Line) menyambung motor terus ke bekalan penuh, menghasilkan arus mula yang tinggi (6-8 kali arus nominal) tetapi tork mula penuh. Sesuai untuk motor kecil (<5HP). Pemula Star-Delta memulakan motor dalam sambungan Star (voltan dikurangkan √3 kali, arus dan tork dikurangkan 1/3) kemudian bertukar ke Delta selepas motor mencapai kelajuan. Sesuai untuk motor besar (>5HP) di mana arus mula perlu dikawal. Trade-off: Star-Delta mengurangkan tork mula, jadi tidak sesuai untuk beban yang memerlukan tork mula tinggi seperti pam.', 'technical_qa', 'glm-4.6', NULL, 409, '2026-07-05T03:40:58.708Z');
INSERT INTO "AiChatLog" ("id", "userId", "projectId", "prompt", "response", "moduleContext", "modelVersion", "rating", "tokensUsed", "createdAt") VALUES ('ai-039', 'usr-022', 'prj-014', 'Apakah piawaian keselamatan elektrik yang perlu dipatuhi di Malaysia?', 'Piawaian keselamatan elektrik utama di Malaysia: (1) MS IEC 60364 - Pemasangan elektrik bangunan, (2) MS IEC 60947 - Peralatan kawalan voltan rendah, (3) Akta Bekalan Elektrik 1990 & Peraturan-peraturan Elektrik 1994, (4) Garis Panduan Suruhanjaya Tenaga. Amalan utama: gunakan PPE (sarung tangan isolasi, kasut getah), pastikan pembumian baik (<5Ω), labelkan panel dengan jelas, lakukan ujian isolasi berkala, dan sentiasa kunci tag (LOTO) sekerja pada litar.', 'technical_qa', 'glm-4.6', NULL, 416, '2026-07-04T21:40:58.710Z');
INSERT INTO "AiChatLog" ("id", "userId", "projectId", "prompt", "response", "moduleContext", "modelVersion", "rating", "tokensUsed", "createdAt") VALUES ('ai-040', 'usr-023', 'prj-015', 'Bantu saya tulis objektif untuk projek sistem kawalan motor PLC', 'Cadangan objektif projek: 1) Merekabentuk sistem kawalan motor 3 fasa berasaskan PLC Siemens S7-1200 dengan fungsi start-stop, reverse dan perlindungan beban lebih. 2) Membina panel kawalan lengkap dengan pendawaian mengikut MS IEC 60364. 3) Membangunkan aturcara ladder logic untuk automasi operasi motor. 4) Menjalankan ujian fungsi dan prestasi sistem termasuk ujian arus mula dan tork. 5) Mendokumentasikan laporan teknikal lengkap dengan gambarajah litar, senarai BOM, dan analisis keputusan ujian.', 'proposal_help', 'glm-4.6', 4, 423, '2026-07-04T15:40:58.711Z');
INSERT INTO "AiChatLog" ("id", "userId", "projectId", "prompt", "response", "moduleContext", "modelVersion", "rating", "tokensUsed", "createdAt") VALUES ('ai-041', 'usr-024', 'prj-016', 'Ringkaskan kemajuan pelajar saya minggu ini', 'Berdasarkan log mingguan terkini, pelajar telah menyiapkan pembinaan prototaip dan sedang dalam fasa ujian fungsi. Isu utama: pemanasan berlebihan pada transistor kawalan telah diselesaikan dengan penambahan heatsink. Jumlah jam kerja minggu ini: 8 jam. Status: SIGNED_OFF. Cadangan: pelajar perlu mula menyediakan dokumentasi laporan sambil menunggu keputusan ujian akhir.', 'logbook_review', 'glm-4.6', 5, 430, '2026-07-04T09:40:58.713Z');
INSERT INTO "AiChatLog" ("id", "userId", "projectId", "prompt", "response", "moduleContext", "modelVersion", "rating", "tokensUsed", "createdAt") VALUES ('ai-042', 'usr-025', 'prj-017', 'Jana maklum balas untuk markah rubrik: analisis_teknikal=15, reka_bentuk=20', 'Maklum balas (draf): Analisis teknikal (15/20) - Analisis teknikal menunjukkan pemahaman yang baik tentang prinsip asas, namun bahasan terhadap pertimbangan alternatif boleh diperkukuh. Reka bentuk sistem (20/25) - Reka bentuk sistem adalah menyeluruh dan pelaksanaan praktikal. Beberapa penambahbaikan pada pemilihan komponen untuk mengoptimumkan kos disarankan. Secara keseluruhan, kemajuan projek adalah memuaskan dengan potensi peningkatan dalam dokumentasi justifikasi reka bentuk.', 'feedback_draft', 'glm-4.6', NULL, 437, '2026-07-04T03:40:58.714Z');
INSERT INTO "AiChatLog" ("id", "userId", "projectId", "prompt", "response", "moduleContext", "modelVersion", "rating", "tokensUsed", "createdAt") VALUES ('ai-043', 'usr-026', 'prj-018', 'Bagaimana cara mengira beban penyejukan untuk bilik 20m²?', 'Untuk mengira beban penyejukan bilik 20m², anda perlu mempertimbangkan: (1) Beban haba sensibel dari dinding, siling dan lantai (~100-150 W/m²), (2) Beban haba dalaman dari penghuni (~80W/orang), (3) Beban peralatan elektrik, (4) Beban solaran melalui tingkap. Anggaran kasar: 20m² × 150W/m² = 3000W ≈ 1 HP. Cadangan: gunakan BTU/hr = 20m² × 1000 BTU/hr/m² = 20,000 BTU/hr ≈ 1.7 HP. Sila rujuk ASHRAE Fundamentals untuk pengiraan terperinci.', 'technical_qa', 'glm-4.6', 4, 444, '2026-07-03T21:40:58.716Z');
INSERT INTO "AiChatLog" ("id", "userId", "projectId", "prompt", "response", "moduleContext", "modelVersion", "rating", "tokensUsed", "createdAt") VALUES ('ai-044', 'usr-027', 'prj-019', 'Apakah perbezaan antara litar pemula DOL dan Star-Delta untuk motor 3 fasa?', 'Pemula DOL (Direct-On-Line) menyambung motor terus ke bekalan penuh, menghasilkan arus mula yang tinggi (6-8 kali arus nominal) tetapi tork mula penuh. Sesuai untuk motor kecil (<5HP). Pemula Star-Delta memulakan motor dalam sambungan Star (voltan dikurangkan √3 kali, arus dan tork dikurangkan 1/3) kemudian bertukar ke Delta selepas motor mencapai kelajuan. Sesuai untuk motor besar (>5HP) di mana arus mula perlu dikawal. Trade-off: Star-Delta mengurangkan tork mula, jadi tidak sesuai untuk beban yang memerlukan tork mula tinggi seperti pam.', 'technical_qa', 'glm-4.6', NULL, 151, '2026-07-03T15:40:58.717Z');
INSERT INTO "AiChatLog" ("id", "userId", "projectId", "prompt", "response", "moduleContext", "modelVersion", "rating", "tokensUsed", "createdAt") VALUES ('ai-045', 'usr-028', 'prj-020', 'Apakah piawaian keselamatan elektrik yang perlu dipatuhi di Malaysia?', 'Piawaian keselamatan elektrik utama di Malaysia: (1) MS IEC 60364 - Pemasangan elektrik bangunan, (2) MS IEC 60947 - Peralatan kawalan voltan rendah, (3) Akta Bekalan Elektrik 1990 & Peraturan-peraturan Elektrik 1994, (4) Garis Panduan Suruhanjaya Tenaga. Amalan utama: gunakan PPE (sarung tangan isolasi, kasut getah), pastikan pembumian baik (<5Ω), labelkan panel dengan jelas, lakukan ujian isolasi berkala, dan sentiasa kunci tag (LOTO) sekerja pada litar.', 'technical_qa', 'glm-4.6', NULL, 158, '2026-07-03T09:40:58.720Z');
INSERT INTO "AiChatLog" ("id", "userId", "projectId", "prompt", "response", "moduleContext", "modelVersion", "rating", "tokensUsed", "createdAt") VALUES ('ai-046', 'usr-029', 'prj-021', 'Bantu saya tulis objektif untuk projek sistem kawalan motor PLC', 'Cadangan objektif projek: 1) Merekabentuk sistem kawalan motor 3 fasa berasaskan PLC Siemens S7-1200 dengan fungsi start-stop, reverse dan perlindungan beban lebih. 2) Membina panel kawalan lengkap dengan pendawaian mengikut MS IEC 60364. 3) Membangunkan aturcara ladder logic untuk automasi operasi motor. 4) Menjalankan ujian fungsi dan prestasi sistem termasuk ujian arus mula dan tork. 5) Mendokumentasikan laporan teknikal lengkap dengan gambarajah litar, senarai BOM, dan analisis keputusan ujian.', 'proposal_help', 'glm-4.6', 5, 165, '2026-07-03T03:40:58.721Z');
INSERT INTO "AiChatLog" ("id", "userId", "projectId", "prompt", "response", "moduleContext", "modelVersion", "rating", "tokensUsed", "createdAt") VALUES ('ai-047', 'usr-030', 'prj-022', 'Ringkaskan kemajuan pelajar saya minggu ini', 'Berdasarkan log mingguan terkini, pelajar telah menyiapkan pembinaan prototaip dan sedang dalam fasa ujian fungsi. Isu utama: pemanasan berlebihan pada transistor kawalan telah diselesaikan dengan penambahan heatsink. Jumlah jam kerja minggu ini: 8 jam. Status: SIGNED_OFF. Cadangan: pelajar perlu mula menyediakan dokumentasi laporan sambil menunggu keputusan ujian akhir.', 'logbook_review', 'glm-4.6', NULL, 172, '2026-07-02T21:40:58.722Z');
INSERT INTO "AiChatLog" ("id", "userId", "projectId", "prompt", "response", "moduleContext", "modelVersion", "rating", "tokensUsed", "createdAt") VALUES ('ai-048', 'usr-031', 'prj-023', 'Jana maklum balas untuk markah rubrik: analisis_teknikal=15, reka_bentuk=20', 'Maklum balas (draf): Analisis teknikal (15/20) - Analisis teknikal menunjukkan pemahaman yang baik tentang prinsip asas, namun bahasan terhadap pertimbangan alternatif boleh diperkukuh. Reka bentuk sistem (20/25) - Reka bentuk sistem adalah menyeluruh dan pelaksanaan praktikal. Beberapa penambahbaikan pada pemilihan komponen untuk mengoptimumkan kos disarankan. Secara keseluruhan, kemajuan projek adalah memuaskan dengan potensi peningkatan dalam dokumentasi justifikasi reka bentuk.', 'feedback_draft', 'glm-4.6', NULL, 179, '2026-07-02T15:40:58.722Z');
INSERT INTO "AiChatLog" ("id", "userId", "projectId", "prompt", "response", "moduleContext", "modelVersion", "rating", "tokensUsed", "createdAt") VALUES ('ai-049', 'usr-032', 'prj-024', 'Bagaimana cara mengira beban penyejukan untuk bilik 20m²?', 'Untuk mengira beban penyejukan bilik 20m², anda perlu mempertimbangkan: (1) Beban haba sensibel dari dinding, siling dan lantai (~100-150 W/m²), (2) Beban haba dalaman dari penghuni (~80W/orang), (3) Beban peralatan elektrik, (4) Beban solaran melalui tingkap. Anggaran kasar: 20m² × 150W/m² = 3000W ≈ 1 HP. Cadangan: gunakan BTU/hr = 20m² × 1000 BTU/hr/m² = 20,000 BTU/hr ≈ 1.7 HP. Sila rujuk ASHRAE Fundamentals untuk pengiraan terperinci.', 'technical_qa', 'glm-4.6', 4, 186, '2026-07-02T09:40:58.723Z');
INSERT INTO "AiChatLog" ("id", "userId", "projectId", "prompt", "response", "moduleContext", "modelVersion", "rating", "tokensUsed", "createdAt") VALUES ('ai-050', 'usr-033', 'prj-025', 'Apakah perbezaan antara litar pemula DOL dan Star-Delta untuk motor 3 fasa?', 'Pemula DOL (Direct-On-Line) menyambung motor terus ke bekalan penuh, menghasilkan arus mula yang tinggi (6-8 kali arus nominal) tetapi tork mula penuh. Sesuai untuk motor kecil (<5HP). Pemula Star-Delta memulakan motor dalam sambungan Star (voltan dikurangkan √3 kali, arus dan tork dikurangkan 1/3) kemudian bertukar ke Delta selepas motor mencapai kelajuan. Sesuai untuk motor besar (>5HP) di mana arus mula perlu dikawal. Trade-off: Star-Delta mengurangkan tork mula, jadi tidak sesuai untuk beban yang memerlukan tork mula tinggi seperti pam.', 'technical_qa', 'glm-4.6', NULL, 193, '2026-07-02T03:40:58.724Z');
INSERT INTO "AiChatLog" ("id", "userId", "projectId", "prompt", "response", "moduleContext", "modelVersion", "rating", "tokensUsed", "createdAt") VALUES ('ai-051', 'usr-009', 'prj-001', 'Apakah piawaian keselamatan elektrik yang perlu dipatuhi di Malaysia?', 'Piawaian keselamatan elektrik utama di Malaysia: (1) MS IEC 60364 - Pemasangan elektrik bangunan, (2) MS IEC 60947 - Peralatan kawalan voltan rendah, (3) Akta Bekalan Elektrik 1990 & Peraturan-peraturan Elektrik 1994, (4) Garis Panduan Suruhanjaya Tenaga. Amalan utama: gunakan PPE (sarung tangan isolasi, kasut getah), pastikan pembumian baik (<5Ω), labelkan panel dengan jelas, lakukan ujian isolasi berkala, dan sentiasa kunci tag (LOTO) sekerja pada litar.', 'technical_qa', 'glm-4.6', 5, 200, '2026-07-01T21:40:58.725Z');
INSERT INTO "AiChatLog" ("id", "userId", "projectId", "prompt", "response", "moduleContext", "modelVersion", "rating", "tokensUsed", "createdAt") VALUES ('ai-052', 'usr-010', 'prj-002', 'Bantu saya tulis objektif untuk projek sistem kawalan motor PLC', 'Cadangan objektif projek: 1) Merekabentuk sistem kawalan motor 3 fasa berasaskan PLC Siemens S7-1200 dengan fungsi start-stop, reverse dan perlindungan beban lebih. 2) Membina panel kawalan lengkap dengan pendawaian mengikut MS IEC 60364. 3) Membangunkan aturcara ladder logic untuk automasi operasi motor. 4) Menjalankan ujian fungsi dan prestasi sistem termasuk ujian arus mula dan tork. 5) Mendokumentasikan laporan teknikal lengkap dengan gambarajah litar, senarai BOM, dan analisis keputusan ujian.', 'proposal_help', 'glm-4.6', 4, 207, '2026-07-01T15:40:58.726Z');
INSERT INTO "AiChatLog" ("id", "userId", "projectId", "prompt", "response", "moduleContext", "modelVersion", "rating", "tokensUsed", "createdAt") VALUES ('ai-053', 'usr-011', 'prj-003', 'Ringkaskan kemajuan pelajar saya minggu ini', 'Berdasarkan log mingguan terkini, pelajar telah menyiapkan pembinaan prototaip dan sedang dalam fasa ujian fungsi. Isu utama: pemanasan berlebihan pada transistor kawalan telah diselesaikan dengan penambahan heatsink. Jumlah jam kerja minggu ini: 8 jam. Status: SIGNED_OFF. Cadangan: pelajar perlu mula menyediakan dokumentasi laporan sambil menunggu keputusan ujian akhir.', 'logbook_review', 'glm-4.6', NULL, 214, '2026-07-01T09:40:58.727Z');
INSERT INTO "AiChatLog" ("id", "userId", "projectId", "prompt", "response", "moduleContext", "modelVersion", "rating", "tokensUsed", "createdAt") VALUES ('ai-054', 'usr-012', 'prj-004', 'Jana maklum balas untuk markah rubrik: analisis_teknikal=15, reka_bentuk=20', 'Maklum balas (draf): Analisis teknikal (15/20) - Analisis teknikal menunjukkan pemahaman yang baik tentang prinsip asas, namun bahasan terhadap pertimbangan alternatif boleh diperkukuh. Reka bentuk sistem (20/25) - Reka bentuk sistem adalah menyeluruh dan pelaksanaan praktikal. Beberapa penambahbaikan pada pemilihan komponen untuk mengoptimumkan kos disarankan. Secara keseluruhan, kemajuan projek adalah memuaskan dengan potensi peningkatan dalam dokumentasi justifikasi reka bentuk.', 'feedback_draft', 'glm-4.6', NULL, 221, '2026-07-01T03:40:58.728Z');
INSERT INTO "AiChatLog" ("id", "userId", "projectId", "prompt", "response", "moduleContext", "modelVersion", "rating", "tokensUsed", "createdAt") VALUES ('ai-055', 'usr-013', 'prj-005', 'Bagaimana cara mengira beban penyejukan untuk bilik 20m²?', 'Untuk mengira beban penyejukan bilik 20m², anda perlu mempertimbangkan: (1) Beban haba sensibel dari dinding, siling dan lantai (~100-150 W/m²), (2) Beban haba dalaman dari penghuni (~80W/orang), (3) Beban peralatan elektrik, (4) Beban solaran melalui tingkap. Anggaran kasar: 20m² × 150W/m² = 3000W ≈ 1 HP. Cadangan: gunakan BTU/hr = 20m² × 1000 BTU/hr/m² = 20,000 BTU/hr ≈ 1.7 HP. Sila rujuk ASHRAE Fundamentals untuk pengiraan terperinci.', 'technical_qa', 'glm-4.6', 4, 228, '2026-06-30T21:40:58.729Z');
INSERT INTO "AiChatLog" ("id", "userId", "projectId", "prompt", "response", "moduleContext", "modelVersion", "rating", "tokensUsed", "createdAt") VALUES ('ai-056', 'usr-014', 'prj-006', 'Apakah perbezaan antara litar pemula DOL dan Star-Delta untuk motor 3 fasa?', 'Pemula DOL (Direct-On-Line) menyambung motor terus ke bekalan penuh, menghasilkan arus mula yang tinggi (6-8 kali arus nominal) tetapi tork mula penuh. Sesuai untuk motor kecil (<5HP). Pemula Star-Delta memulakan motor dalam sambungan Star (voltan dikurangkan √3 kali, arus dan tork dikurangkan 1/3) kemudian bertukar ke Delta selepas motor mencapai kelajuan. Sesuai untuk motor besar (>5HP) di mana arus mula perlu dikawal. Trade-off: Star-Delta mengurangkan tork mula, jadi tidak sesuai untuk beban yang memerlukan tork mula tinggi seperti pam.', 'technical_qa', 'glm-4.6', 5, 235, '2026-06-30T15:40:58.729Z');
INSERT INTO "AiChatLog" ("id", "userId", "projectId", "prompt", "response", "moduleContext", "modelVersion", "rating", "tokensUsed", "createdAt") VALUES ('ai-057', 'usr-015', 'prj-007', 'Apakah piawaian keselamatan elektrik yang perlu dipatuhi di Malaysia?', 'Piawaian keselamatan elektrik utama di Malaysia: (1) MS IEC 60364 - Pemasangan elektrik bangunan, (2) MS IEC 60947 - Peralatan kawalan voltan rendah, (3) Akta Bekalan Elektrik 1990 & Peraturan-peraturan Elektrik 1994, (4) Garis Panduan Suruhanjaya Tenaga. Amalan utama: gunakan PPE (sarung tangan isolasi, kasut getah), pastikan pembumian baik (<5Ω), labelkan panel dengan jelas, lakukan ujian isolasi berkala, dan sentiasa kunci tag (LOTO) sekerja pada litar.', 'technical_qa', 'glm-4.6', NULL, 242, '2026-06-30T09:40:58.730Z');
INSERT INTO "AiChatLog" ("id", "userId", "projectId", "prompt", "response", "moduleContext", "modelVersion", "rating", "tokensUsed", "createdAt") VALUES ('ai-058', 'usr-016', 'prj-008', 'Bantu saya tulis objektif untuk projek sistem kawalan motor PLC', 'Cadangan objektif projek: 1) Merekabentuk sistem kawalan motor 3 fasa berasaskan PLC Siemens S7-1200 dengan fungsi start-stop, reverse dan perlindungan beban lebih. 2) Membina panel kawalan lengkap dengan pendawaian mengikut MS IEC 60364. 3) Membangunkan aturcara ladder logic untuk automasi operasi motor. 4) Menjalankan ujian fungsi dan prestasi sistem termasuk ujian arus mula dan tork. 5) Mendokumentasikan laporan teknikal lengkap dengan gambarajah litar, senarai BOM, dan analisis keputusan ujian.', 'proposal_help', 'glm-4.6', 4, 249, '2026-06-30T03:40:58.731Z');
INSERT INTO "AiChatLog" ("id", "userId", "projectId", "prompt", "response", "moduleContext", "modelVersion", "rating", "tokensUsed", "createdAt") VALUES ('ai-059', 'usr-017', 'prj-009', 'Ringkaskan kemajuan pelajar saya minggu ini', 'Berdasarkan log mingguan terkini, pelajar telah menyiapkan pembinaan prototaip dan sedang dalam fasa ujian fungsi. Isu utama: pemanasan berlebihan pada transistor kawalan telah diselesaikan dengan penambahan heatsink. Jumlah jam kerja minggu ini: 8 jam. Status: SIGNED_OFF. Cadangan: pelajar perlu mula menyediakan dokumentasi laporan sambil menunggu keputusan ujian akhir.', 'logbook_review', 'glm-4.6', NULL, 256, '2026-06-29T21:40:58.731Z');
INSERT INTO "AiChatLog" ("id", "userId", "projectId", "prompt", "response", "moduleContext", "modelVersion", "rating", "tokensUsed", "createdAt") VALUES ('ai-060', 'usr-018', 'prj-010', 'Jana maklum balas untuk markah rubrik: analisis_teknikal=15, reka_bentuk=20', 'Maklum balas (draf): Analisis teknikal (15/20) - Analisis teknikal menunjukkan pemahaman yang baik tentang prinsip asas, namun bahasan terhadap pertimbangan alternatif boleh diperkukuh. Reka bentuk sistem (20/25) - Reka bentuk sistem adalah menyeluruh dan pelaksanaan praktikal. Beberapa penambahbaikan pada pemilihan komponen untuk mengoptimumkan kos disarankan. Secara keseluruhan, kemajuan projek adalah memuaskan dengan potensi peningkatan dalam dokumentasi justifikasi reka bentuk.', 'feedback_draft', 'glm-4.6', NULL, 263, '2026-06-29T15:40:58.732Z');
INSERT INTO "AiChatLog" ("id", "userId", "projectId", "prompt", "response", "moduleContext", "modelVersion", "rating", "tokensUsed", "createdAt") VALUES ('cmrkiwzd90046q4wls863pin5', 'usr-009', NULL, 'Apakah perbezaan pemula DOL dan Star-Delta?', 'Salam sejahtera,

Bagi pelajar TVET, ini adalah soalan yang sangat baik dan asas dalam bidang kawalan motor. Mari kita perbincangkan perbezaan antara kaedah pemula DOL (Direct-On-Line) dan Star-Delta secara terperinci.

---

### **Pengenalan Umum**

Kedua-dua kaedah DOL dan Star-Delta digunakan untuk memulakan motor arus ulang-alik (AC induction motor) tiga fasa yang beroperasi pada voltan penuh. Tujuannya adalah untuk mengurangkan arus starting (arus bermula) yang sangat tinggi jika motor dipalam terus ke bekalan kuasa.

---

### **1. Pemula DOL (Direct-On-Line)**

*   **Prinsip Operasi:** Motor dipalam terus kepada bekalan kuasa voltan penuh melalui pemula (starter) yang mengandungi hanya kontaktor utama. Tiada perubahan pada sambungan motor.
*   **Ciri-ciri Utama:**
    *   **Arus Permulaan:** Sangat tinggi, antara **6 hingga 8 kali** arus beban penuh (full load current - FLC).
    *   **Torka Permulaan:** Tinggi, antara **1.5 hingga 2.5 kali** torka beban penuh (full load torque - FLT).
    *   **Kesan Sistem:** Arus yang tinggi menyebabkan kejutan voltan (voltage dip) pada sistem grid, yang boleh menjejaskan peralatan elektrik lain yang berkongsi sumber yang sama.
    *   **Kesederhanaan:** Rangkaian pemula adalah paling mudah, paling murah dan paling boleh dipercayai.
    *   **Kesesuaian:** Paling sesuai untuk motor kuasa kecil hingga sederana (biasanya sehingga 7.5 kW) di mana arus permulaan yang tinggi tidak menjejaskan sistem.

*   **Kelebihan:**
    *   Kos rendah.
    *   Mudah dipasang dan disenggara.
    *   Mula-mula torka yang tinggi, sesuai untuk memulakan beban yang sukar dipusingkan (heavy load).

*   **Kelemahan:**
    *   Arus permulaan yang sangat tinggi.
    *   Torka permulaan yang terlalu tinggi boleh menyebabkan "mechanical shock" pada aci motor dan beban.

---

### **2. Pemula Star-Delta**

*   **Prinsip Operasi:** Menggunakan pemula 3-arah (3-contactor starter) untuk menukar sambungan motor dari konfigurasi **Star (Y)** ke **Delta (Δ)**.
    1.  **Fasa Permulaan (Star):** Motor disambungkan dalam bentuk bintang (Y). Dalam konfigurasi ini, setiap lilitan motor menerima voltan yang lebih rendah iaitu **57.7%** dari voltan talian (V_L). Ini mengurangkan arus permulaan dan torka.
    2.  **Fasa Penuh (Delta):** Selepas motor mencapai kelajuan kira-kira 75-80% kelajuan penuh, pemula menukar sambungan motor kepada bentuk delta (Δ). Pada konfigurasi ini, motor menerima voltan penuh dan beroperasi pada kuasa penuh.

*   **Ciri-ciri Utama:**
    *   **Arus Permulaan:** Dalam mod Star, arus permulaan dikurangkan kepada **kira-kira 2 hingga 3 kali** arus beban penuh (FLC). Ini adalah pengurangan yang besar berbanding DOL.
    *   **Torka Permulaan:** Torka permulaan juga dikurangkan kepada **sekitar 33%** dari torka beban penuh (FLT). Ini adalah kelemahan utama bagi motor memulakan beban yang berat.
    *   **Kesan Sistem:** Arus permulaan yang rendah mengurangkan kejutan voltan pada sistem grid.
    *   **Kesederhanaan:** Rangkaian pemula lebih kompleks, memerlukan 3 kontaktor, pemasa (timer) dan kawalan logic, menjadikannya lebih mahal dan memerlukan penyelenggaraan yang lebih.

*   **Kelebihan:**
    *   Pengurangan arus permulaan yang ketara.
    *   Mengurangkan kesan terhadan sistem elektrik.
    *   Meningkatkan jangka hayat motor dan pemutus litar (fuse/breaker) kerana permulaan yang lebih lembut.

*   **Kelemahan:**
    *   Torka permulaan yang rendah, tidak sesuai untuk memulakan beban yang berat.
    *   Kos pemasangan dan penyelenggaraan yang lebih tinggi.
    *   Terdapat "transient" (sinaran voltan/arus yang tinggi) semasa peralihan dari Star ke Delta jika tidak diselaraskan dengan betul.

---

### **Jadual Perbandingan Ringkas**

| Ciri | Pemula DOL (Direct-On-Line) | Pemula Star-Delta |
| :--- | :--- | :--- |
| **Arus Permulaan** | Sangat Tinggi (6-8 x FLC) | Rendah (2-3 x FLC) |
| **Torka Permulaan** | Tinggi (1.5-2.5 x FLT) | Rendah (~33% x FLT) |
| **Kos** | Rendah | Tinggi |
| **Kesederhanaan** | Mudah dan ringkas | Kompleks (memerlukan 3 kontaktor, timer) |
| **Kesan pada Grid** | Signifikan (Voltage Dip) | Minimum |
| **Kesesuaian Beban** | Baik untuk beban ringan hingga sederana | Baik untuk beban ringan hingga sederana (bukan berat) |
| **Keselamatan Mekanikal** | Mungkin menyebabkan "shock" | Permulaan yang lebih lembut |

---

### **Kesimpulan & Pemilihan**

*   **Pilih DOL jika:** Anda mempunyai motor berkuasa rendah (biasanya < 7.5 kW), sistem elektrik anda tahan terhadap arus permulaan yang tinggi, dan kos adalah fakt utama.
*   **Pilih Star-Delta jika:** Anda mempunyai motor berkuasa sederana hingga tinggi, sistem elektrik sensitif terhadap arus tinggi, dan anda mahu permulaan motor yang lebih lembut untuk mengurangkan tekanan mekanikal.

**Nota Penting:** Pemilihan pemula motor sentiasa bergantung pada spesifikasi motor itu sendiri, keadaan beban, dan keupayaan bekalan kuasa. Rujukan piawaian seperti **MS IEC 60947-4-1** untuk pemula motor adalah sangat penting untuk merancang dan memilih kaedah permulaan yang betul.

Sekiranya ada sebarang lagi soalan, jangan teragak-agak untuk bertanya. Semoga ini membantu anda dalam projek FYP.', 'technical_qa', 'glm-4.6', NULL, 1305, '2026-07-14T10:43:48.621Z');

-- Notification (64 rows)
DELETE FROM "Notification";
INSERT INTO "Notification" ("id", "userId", "title", "message", "type", "category", "relatedId", "isRead", "actionUrl", "createdAt") VALUES ('cmrkh81ii000lq4wlk7rpafn8', 'usr-002', 'Dokumen Baharu Dimuat Naik', 'Ahmad Faizal Bin Osman memuat naik PROPOSAL v1: "Cadangan Ujian" untuk projek "Sistem Kawalan Motor 3 Fasa Berasaskan PLC".', 'INFO', 'DOCUMENT', 'cmrkh81id000hq4wlax8y0xkl', FALSE, '/dashboard', '2026-07-14T09:56:25.387Z');
INSERT INTO "Notification" ("id", "userId", "title", "message", "type", "category", "relatedId", "isRead", "actionUrl", "createdAt") VALUES ('cmrkh81kx000rq4wlwvcfutpa', 'usr-037', 'Tempahan Peralatan Baharu', 'Ahmad Faizal Bin Osman menempah Termometer Digital Inframerah (EQP-TMP-001).', 'INFO', 'EQUIPMENT', 'cmrkh81kt000nq4wl9x48dqau', FALSE, '/dashboard', '2026-07-14T09:56:25.473Z');
INSERT INTO "Notification" ("id", "userId", "title", "message", "type", "category", "relatedId", "isRead", "actionUrl", "createdAt") VALUES ('cmrkh8hl00015q4wl0rmi8r00', 'usr-002', 'Entri Logbook Baharu', 'Minggu 7 logbook untuk projek "Sistem Kawalan Motor 3 Fasa Berasaskan PLC" memerlukan semakan.', 'INFO', 'LOGBOOK', 'cmrkh8hku0011q4wlzddw1f1p', FALSE, '/dashboard', '2026-07-14T09:56:46.212Z');
INSERT INTO "Notification" ("id", "userId", "title", "message", "type", "category", "relatedId", "isRead", "actionUrl", "createdAt") VALUES ('cmrkh8hqj001bq4wl8l2urv60', 'usr-002', 'Dokumen Baharu Dimuat Naik', 'Ahmad Faizal Bin Osman memuat naik DRAFT_CHAPTER v1: "Bab 1 Ujian" untuk projek "Sistem Kawalan Motor 3 Fasa Berasaskan PLC".', 'INFO', 'DOCUMENT', 'cmrkh8hqe0017q4wlgs9nnjth', FALSE, '/dashboard', '2026-07-14T09:56:46.411Z');
INSERT INTO "Notification" ("id", "userId", "title", "message", "type", "category", "relatedId", "isRead", "actionUrl", "createdAt") VALUES ('cmrkh8hzv001hq4wl2j3tno1g', 'usr-002', 'Dokumen Baharu Dimuat Naik', 'Ahmad Faizal Bin Osman memuat naik DRAFT_CHAPTER v2: "Bab 1 Ujian" untuk projek "Sistem Kawalan Motor 3 Fasa Berasaskan PLC".', 'INFO', 'DOCUMENT', 'cmrkh8hxi001dq4wl554o123h', FALSE, '/dashboard', '2026-07-14T09:56:46.748Z');
INSERT INTO "Notification" ("id", "userId", "title", "message", "type", "category", "relatedId", "isRead", "actionUrl", "createdAt") VALUES ('cmrkh8i1h001nq4wlkmg56v0m', 'usr-037', 'Tempahan Peralatan Baharu', 'Ahmad Faizal Bin Osman menempah Termometer Digital Inframerah (EQP-TMP-001).', 'INFO', 'EQUIPMENT', 'cmrkh8i1d001jq4wln4ohmxuq', FALSE, '/dashboard', '2026-07-14T09:56:46.805Z');
INSERT INTO "Notification" ("id", "userId", "title", "message", "type", "category", "relatedId", "isRead", "actionUrl", "createdAt") VALUES ('cmrkh8yin0021q4wl0dwoxjdf', 'usr-033', 'Penilaian Baharu Diterima', 'Penilaian supervisor progress telah dihantar untuk projek "Pengimejan Terma untuk Pengesanan Kecacatan Sistem RAC". Skor: 80.', 'INFO', 'EVALUATION', 'cmrkh8yii001xq4wlyhk37zqq', FALSE, '/dashboard', '2026-07-14T09:57:08.159Z');
INSERT INTO "Notification" ("id", "userId", "title", "message", "type", "category", "relatedId", "isRead", "actionUrl", "createdAt") VALUES ('cmrkh9ccx002fq4wljajthpsr', 'usr-002', 'Entri Logbook Baharu', 'Minggu 11 logbook untuk projek "Sistem Kawalan Motor 3 Fasa Berasaskan PLC" memerlukan semakan.', 'INFO', 'LOGBOOK', 'cmrkh9ccu002bq4wlq7ls76pw', FALSE, '/dashboard', '2026-07-14T09:57:26.097Z');
INSERT INTO "Notification" ("id", "userId", "title", "message", "type", "category", "relatedId", "isRead", "actionUrl", "createdAt") VALUES ('cmrkh9cf1002jq4wlec8mlzqe', 'usr-009', 'Logbook Ditandatangani', 'Entri minggu 11 telah ditandatangani penyelia. Catatan: Smoke signoff', 'SUCCESS', 'LOGBOOK', 'cmrkh9ccu002bq4wlq7ls76pw', FALSE, '/dashboard', '2026-07-14T09:57:26.173Z');
INSERT INTO "Notification" ("id", "userId", "title", "message", "type", "category", "relatedId", "isRead", "actionUrl", "createdAt") VALUES ('cmrkh9cge002pq4wl4f7960sz', 'usr-009', 'Penilaian Baharu Diterima', 'Penilaian supervisor progress telah dihantar untuk projek "Sistem Kawalan Motor 3 Fasa Berasaskan PLC". Skor: 85.', 'INFO', 'EVALUATION', 'cmrkh9cgb002lq4wl5fd1fner', FALSE, '/dashboard', '2026-07-14T09:57:26.223Z');
INSERT INTO "Notification" ("id", "userId", "title", "message", "type", "category", "relatedId", "isRead", "actionUrl", "createdAt") VALUES ('cmrkhau85003kq4wlat9udhgj', 'usr-009', 'Tempahan Diluluskan', 'Tempahan Termometer Digital Inframerah: Tempahan diluluskan.', 'SUCCESS', 'EQUIPMENT', 'cmrkh8i1d001jq4wln4ohmxuq', FALSE, '/dashboard', '2026-07-14T09:58:35.910Z');
INSERT INTO "Notification" ("id", "userId", "title", "message", "type", "category", "relatedId", "isRead", "actionUrl", "createdAt") VALUES ('cmrkhaug8003oq4wldioylhmk', 'usr-014', 'Slot Viva Dijadualkan', 'Viva untuk "Integrasi Sistem Solar Fotovoltaik dengan Grid TNB" dijadualkan pada 13/8/2026, 9:58:36 PG.', 'DEADLINE', 'PROJECT', 'prj-006', FALSE, '/dashboard', '2026-07-14T09:58:36.200Z');
INSERT INTO "Notification" ("id", "userId", "title", "message", "type", "category", "relatedId", "isRead", "actionUrl", "createdAt") VALUES ('cmrkhauhr003sq4wlq34rh3ix', 'usr-009', 'Slot Viva Dijadualkan', 'Viva untuk "Sistem Kawalan Motor 3 Fasa Berasaskan PLC" dijadualkan pada 13/8/2026, 10:58:36 PG.', 'DEADLINE', 'PROJECT', 'prj-001', FALSE, '/dashboard', '2026-07-14T09:58:36.256Z');
INSERT INTO "Notification" ("id", "userId", "title", "message", "type", "category", "relatedId", "isRead", "actionUrl", "createdAt") VALUES ('cmrkhbpwa0040q4wljntchrbt', 'usr-029', 'Slot Viva Dijadualkan', 'Viva untuk "Sistem Kawalan Suhu Automatik untuk Rumah Hijau" dijadualkan pada 28/8/2026, 9:59:16 PG.', 'DEADLINE', 'PROJECT', 'prj-021', FALSE, '/dashboard', '2026-07-14T09:59:16.955Z');
INSERT INTO "Notification" ("id", "userId", "title", "message", "type", "category", "relatedId", "isRead", "actionUrl", "createdAt") VALUES ('ntf-001', 'usr-009', 'Cadangan Diluluskan', 'Cadangan projek anda telah diluluskan oleh penyelia. Sila mula merekod log mingguan.', 'SUCCESS', 'PROJECT', 'prj-001', TRUE, '/dashboard', '2026-07-14T09:40:58.732Z');
INSERT INTO "Notification" ("id", "userId", "title", "message", "type", "category", "relatedId", "isRead", "actionUrl", "createdAt") VALUES ('ntf-002', 'usr-010', 'Log Menunggu Pengesahan', 'Log mingguan baru memerlukan pengesahan penyelia.', 'INFO', 'LOGBOOK', 'prj-002', FALSE, '/dashboard', '2026-07-14T05:40:58.733Z');
INSERT INTO "Notification" ("id", "userId", "title", "message", "type", "category", "relatedId", "isRead", "actionUrl", "createdAt") VALUES ('ntf-003', 'usr-011', 'Tarikh Akhir Hampir Tiba', 'Progress 1 akan tamat dalam 7 hari. Sila siapkan dokumen.', 'DEADLINE', 'DOCUMENT', 'prj-003', FALSE, '/dashboard', '2026-07-14T01:40:58.734Z');
INSERT INTO "Notification" ("id", "userId", "title", "message", "type", "category", "relatedId", "isRead", "actionUrl", "createdAt") VALUES ('ntf-004', 'usr-012', 'Penilaian Diterima', 'Keputusan penilaian viva anda telah dihantar. Sila semak markah.', 'SUCCESS', 'EVALUATION', 'prj-004', TRUE, '/dashboard', '2026-07-13T21:40:58.735Z');
INSERT INTO "Notification" ("id", "userId", "title", "message", "type", "category", "relatedId", "isRead", "actionUrl", "createdAt") VALUES ('ntf-005', 'usr-013', 'Tempahan Peralatan Diluluskan', 'Tempahan multimeter anda telah diluluskan. Sila kutip di makmal.', 'SUCCESS', 'EQUIPMENT', 'prj-005', FALSE, '/dashboard', '2026-07-13T17:40:58.736Z');
INSERT INTO "Notification" ("id", "userId", "title", "message", "type", "category", "relatedId", "isRead", "actionUrl", "createdAt") VALUES ('ntf-006', 'usr-014', 'Komen Baharu pada Dokumen', 'Penyelia telah menambah komen pada draf laporan anda.', 'COMMENT', 'DOCUMENT', 'prj-006', FALSE, '/dashboard', '2026-07-13T13:40:58.736Z');
INSERT INTO "Notification" ("id", "userId", "title", "message", "type", "category", "relatedId", "isRead", "actionUrl", "createdAt") VALUES ('ntf-007', 'usr-015', 'Cadangan Ditolak', 'Cadangan projek telah ditolak. Sila semak catatan dan hantar semula.', 'WARNING', 'PROJECT', 'prj-007', TRUE, '/dashboard', '2026-07-13T09:40:58.737Z');
INSERT INTO "Notification" ("id", "userId", "title", "message", "type", "category", "relatedId", "isRead", "actionUrl", "createdAt") VALUES ('ntf-008', 'usr-016', 'Log Tertunggak', 'Log mingguan tidak dikemas kini melebihi 7 hari. Sila kemas kini segera.', 'WARNING', 'LOGBOOK', 'prj-008', FALSE, '/dashboard', '2026-07-13T05:40:58.737Z');
INSERT INTO "Notification" ("id", "userId", "title", "message", "type", "category", "relatedId", "isRead", "actionUrl", "createdAt") VALUES ('ntf-009', 'usr-017', 'Sesi Viva Dijadualkan', 'Sesi pembentangan viva anda telah dijadualkan. Sila semak kalendar.', 'INFO', 'PROJECT', 'prj-009', FALSE, '/dashboard', '2026-07-13T01:40:58.737Z');
INSERT INTO "Notification" ("id", "userId", "title", "message", "type", "category", "relatedId", "isRead", "actionUrl", "createdAt") VALUES ('ntf-010', 'usr-018', 'Pengguna Baharu Didaftarkan', '5 pelajar baharu telah didaftarkan dalam institusi anda.', 'INFO', 'SYSTEM', 'prj-010', TRUE, '/dashboard', '2026-07-12T21:40:58.738Z');
INSERT INTO "Notification" ("id", "userId", "title", "message", "type", "category", "relatedId", "isRead", "actionUrl", "createdAt") VALUES ('ntf-011', 'usr-019', 'Cadangan Diluluskan', 'Cadangan projek anda telah diluluskan oleh penyelia. Sila mula merekod log mingguan.', 'SUCCESS', 'PROJECT', 'prj-011', FALSE, '/dashboard', '2026-07-12T17:40:58.738Z');
INSERT INTO "Notification" ("id", "userId", "title", "message", "type", "category", "relatedId", "isRead", "actionUrl", "createdAt") VALUES ('ntf-012', 'usr-020', 'Log Menunggu Pengesahan', 'Log mingguan baru memerlukan pengesahan penyelia.', 'INFO', 'LOGBOOK', 'prj-012', FALSE, '/dashboard', '2026-07-12T13:40:58.738Z');
INSERT INTO "Notification" ("id", "userId", "title", "message", "type", "category", "relatedId", "isRead", "actionUrl", "createdAt") VALUES ('ntf-013', 'usr-021', 'Tarikh Akhir Hampir Tiba', 'Progress 1 akan tamat dalam 7 hari. Sila siapkan dokumen.', 'DEADLINE', 'DOCUMENT', 'prj-013', TRUE, '/dashboard', '2026-07-12T09:40:58.739Z');
INSERT INTO "Notification" ("id", "userId", "title", "message", "type", "category", "relatedId", "isRead", "actionUrl", "createdAt") VALUES ('ntf-014', 'usr-022', 'Penilaian Diterima', 'Keputusan penilaian viva anda telah dihantar. Sila semak markah.', 'SUCCESS', 'EVALUATION', 'prj-014', FALSE, '/dashboard', '2026-07-12T05:40:58.739Z');
INSERT INTO "Notification" ("id", "userId", "title", "message", "type", "category", "relatedId", "isRead", "actionUrl", "createdAt") VALUES ('ntf-015', 'usr-023', 'Tempahan Peralatan Diluluskan', 'Tempahan multimeter anda telah diluluskan. Sila kutip di makmal.', 'SUCCESS', 'EQUIPMENT', 'prj-015', FALSE, '/dashboard', '2026-07-12T01:40:58.739Z');
INSERT INTO "Notification" ("id", "userId", "title", "message", "type", "category", "relatedId", "isRead", "actionUrl", "createdAt") VALUES ('ntf-016', 'usr-024', 'Komen Baharu pada Dokumen', 'Penyelia telah menambah komen pada draf laporan anda.', 'COMMENT', 'DOCUMENT', 'prj-016', TRUE, '/dashboard', '2026-07-11T21:40:58.740Z');
INSERT INTO "Notification" ("id", "userId", "title", "message", "type", "category", "relatedId", "isRead", "actionUrl", "createdAt") VALUES ('ntf-017', 'usr-025', 'Cadangan Ditolak', 'Cadangan projek telah ditolak. Sila semak catatan dan hantar semula.', 'WARNING', 'PROJECT', 'prj-017', FALSE, '/dashboard', '2026-07-11T17:40:58.740Z');
INSERT INTO "Notification" ("id", "userId", "title", "message", "type", "category", "relatedId", "isRead", "actionUrl", "createdAt") VALUES ('ntf-018', 'usr-026', 'Log Tertunggak', 'Log mingguan tidak dikemas kini melebihi 7 hari. Sila kemas kini segera.', 'WARNING', 'LOGBOOK', 'prj-018', FALSE, '/dashboard', '2026-07-11T13:40:58.740Z');
INSERT INTO "Notification" ("id", "userId", "title", "message", "type", "category", "relatedId", "isRead", "actionUrl", "createdAt") VALUES ('ntf-019', 'usr-027', 'Sesi Viva Dijadualkan', 'Sesi pembentangan viva anda telah dijadualkan. Sila semak kalendar.', 'INFO', 'PROJECT', 'prj-019', TRUE, '/dashboard', '2026-07-11T09:40:58.740Z');
INSERT INTO "Notification" ("id", "userId", "title", "message", "type", "category", "relatedId", "isRead", "actionUrl", "createdAt") VALUES ('ntf-020', 'usr-028', 'Pengguna Baharu Didaftarkan', '5 pelajar baharu telah didaftarkan dalam institusi anda.', 'INFO', 'SYSTEM', 'prj-020', FALSE, '/dashboard', '2026-07-11T05:40:58.741Z');
INSERT INTO "Notification" ("id", "userId", "title", "message", "type", "category", "relatedId", "isRead", "actionUrl", "createdAt") VALUES ('ntf-021', 'usr-029', 'Cadangan Diluluskan', 'Cadangan projek anda telah diluluskan oleh penyelia. Sila mula merekod log mingguan.', 'SUCCESS', 'PROJECT', 'prj-021', FALSE, '/dashboard', '2026-07-11T01:40:58.741Z');
INSERT INTO "Notification" ("id", "userId", "title", "message", "type", "category", "relatedId", "isRead", "actionUrl", "createdAt") VALUES ('ntf-022', 'usr-030', 'Log Menunggu Pengesahan', 'Log mingguan baru memerlukan pengesahan penyelia.', 'INFO', 'LOGBOOK', 'prj-022', TRUE, '/dashboard', '2026-07-10T21:40:58.741Z');
INSERT INTO "Notification" ("id", "userId", "title", "message", "type", "category", "relatedId", "isRead", "actionUrl", "createdAt") VALUES ('ntf-023', 'usr-031', 'Tarikh Akhir Hampir Tiba', 'Progress 1 akan tamat dalam 7 hari. Sila siapkan dokumen.', 'DEADLINE', 'DOCUMENT', 'prj-023', FALSE, '/dashboard', '2026-07-10T17:40:58.742Z');
INSERT INTO "Notification" ("id", "userId", "title", "message", "type", "category", "relatedId", "isRead", "actionUrl", "createdAt") VALUES ('ntf-024', 'usr-032', 'Penilaian Diterima', 'Keputusan penilaian viva anda telah dihantar. Sila semak markah.', 'SUCCESS', 'EVALUATION', 'prj-024', FALSE, '/dashboard', '2026-07-10T13:40:58.743Z');
INSERT INTO "Notification" ("id", "userId", "title", "message", "type", "category", "relatedId", "isRead", "actionUrl", "createdAt") VALUES ('ntf-025', 'usr-033', 'Tempahan Peralatan Diluluskan', 'Tempahan multimeter anda telah diluluskan. Sila kutip di makmal.', 'SUCCESS', 'EQUIPMENT', 'prj-025', TRUE, '/dashboard', '2026-07-10T09:40:58.743Z');
INSERT INTO "Notification" ("id", "userId", "title", "message", "type", "category", "relatedId", "isRead", "actionUrl", "createdAt") VALUES ('ntf-026', 'usr-002', 'Komen Baharu pada Dokumen', 'Penyelia telah menambah komen pada draf laporan anda.', 'COMMENT', 'DOCUMENT', 'prj-001', FALSE, '/dashboard', '2026-07-10T05:40:58.744Z');
INSERT INTO "Notification" ("id", "userId", "title", "message", "type", "category", "relatedId", "isRead", "actionUrl", "createdAt") VALUES ('ntf-027', 'usr-003', 'Cadangan Ditolak', 'Cadangan projek telah ditolak. Sila semak catatan dan hantar semula.', 'WARNING', 'PROJECT', 'prj-002', FALSE, '/dashboard', '2026-07-10T01:40:58.744Z');
INSERT INTO "Notification" ("id", "userId", "title", "message", "type", "category", "relatedId", "isRead", "actionUrl", "createdAt") VALUES ('ntf-028', 'usr-004', 'Log Tertunggak', 'Log mingguan tidak dikemas kini melebihi 7 hari. Sila kemas kini segera.', 'WARNING', 'LOGBOOK', 'prj-003', TRUE, '/dashboard', '2026-07-09T21:40:58.744Z');
INSERT INTO "Notification" ("id", "userId", "title", "message", "type", "category", "relatedId", "isRead", "actionUrl", "createdAt") VALUES ('ntf-029', 'usr-005', 'Sesi Viva Dijadualkan', 'Sesi pembentangan viva anda telah dijadualkan. Sila semak kalendar.', 'INFO', 'PROJECT', 'prj-004', FALSE, '/dashboard', '2026-07-09T17:40:58.745Z');
INSERT INTO "Notification" ("id", "userId", "title", "message", "type", "category", "relatedId", "isRead", "actionUrl", "createdAt") VALUES ('ntf-030', 'usr-006', 'Pengguna Baharu Didaftarkan', '5 pelajar baharu telah didaftarkan dalam institusi anda.', 'INFO', 'SYSTEM', 'prj-005', FALSE, '/dashboard', '2026-07-09T13:40:58.745Z');
INSERT INTO "Notification" ("id", "userId", "title", "message", "type", "category", "relatedId", "isRead", "actionUrl", "createdAt") VALUES ('ntf-031', 'usr-007', 'Cadangan Diluluskan', 'Cadangan projek anda telah diluluskan oleh penyelia. Sila mula merekod log mingguan.', 'SUCCESS', 'PROJECT', 'prj-006', TRUE, '/dashboard', '2026-07-09T09:40:58.746Z');
INSERT INTO "Notification" ("id", "userId", "title", "message", "type", "category", "relatedId", "isRead", "actionUrl", "createdAt") VALUES ('ntf-032', 'usr-008', 'Log Menunggu Pengesahan', 'Log mingguan baru memerlukan pengesahan penyelia.', 'INFO', 'LOGBOOK', 'prj-007', FALSE, '/dashboard', '2026-07-09T05:40:58.746Z');
INSERT INTO "Notification" ("id", "userId", "title", "message", "type", "category", "relatedId", "isRead", "actionUrl", "createdAt") VALUES ('ntf-033', 'usr-001', 'Tarikh Akhir Hampir Tiba', 'Progress 1 akan tamat dalam 7 hari. Sila siapkan dokumen.', 'DEADLINE', 'DOCUMENT', 'prj-008', FALSE, '/dashboard', '2026-07-09T01:40:58.746Z');
INSERT INTO "Notification" ("id", "userId", "title", "message", "type", "category", "relatedId", "isRead", "actionUrl", "createdAt") VALUES ('ntf-034', 'usr-002', 'Penilaian Diterima', 'Keputusan penilaian viva anda telah dihantar. Sila semak markah.', 'SUCCESS', 'EVALUATION', 'prj-009', TRUE, '/dashboard', '2026-07-08T21:40:58.746Z');
INSERT INTO "Notification" ("id", "userId", "title", "message", "type", "category", "relatedId", "isRead", "actionUrl", "createdAt") VALUES ('ntf-035', 'usr-003', 'Tempahan Peralatan Diluluskan', 'Tempahan multimeter anda telah diluluskan. Sila kutip di makmal.', 'SUCCESS', 'EQUIPMENT', 'prj-010', FALSE, '/dashboard', '2026-07-08T17:40:58.747Z');
INSERT INTO "Notification" ("id", "userId", "title", "message", "type", "category", "relatedId", "isRead", "actionUrl", "createdAt") VALUES ('ntf-036', 'usr-040', 'Komen Baharu pada Dokumen', 'Penyelia telah menambah komen pada draf laporan anda.', 'COMMENT', 'DOCUMENT', 'prj-011', FALSE, '/dashboard', '2026-07-08T13:40:58.747Z');
INSERT INTO "Notification" ("id", "userId", "title", "message", "type", "category", "relatedId", "isRead", "actionUrl", "createdAt") VALUES ('ntf-037', 'usr-037', 'Cadangan Ditolak', 'Cadangan projek telah ditolak. Sila semak catatan dan hantar semula.', 'WARNING', 'PROJECT', 'prj-012', TRUE, '/dashboard', '2026-07-08T09:40:58.747Z');
INSERT INTO "Notification" ("id", "userId", "title", "message", "type", "category", "relatedId", "isRead", "actionUrl", "createdAt") VALUES ('ntf-038', 'usr-038', 'Log Tertunggak', 'Log mingguan tidak dikemas kini melebihi 7 hari. Sila kemas kini segera.', 'WARNING', 'LOGBOOK', 'prj-013', FALSE, '/dashboard', '2026-07-08T05:40:58.748Z');
INSERT INTO "Notification" ("id", "userId", "title", "message", "type", "category", "relatedId", "isRead", "actionUrl", "createdAt") VALUES ('ntf-039', 'usr-039', 'Sesi Viva Dijadualkan', 'Sesi pembentangan viva anda telah dijadualkan. Sila semak kalendar.', 'INFO', 'PROJECT', 'prj-014', FALSE, '/dashboard', '2026-07-08T01:40:58.748Z');
INSERT INTO "Notification" ("id", "userId", "title", "message", "type", "category", "relatedId", "isRead", "actionUrl", "createdAt") VALUES ('ntf-040', 'usr-040', 'Pengguna Baharu Didaftarkan', '5 pelajar baharu telah didaftarkan dalam institusi anda.', 'INFO', 'SYSTEM', 'prj-015', TRUE, '/dashboard', '2026-07-07T21:40:58.748Z');
INSERT INTO "Notification" ("id", "userId", "title", "message", "type", "category", "relatedId", "isRead", "actionUrl", "createdAt") VALUES ('ntf-041', 'usr-037', 'Cadangan Diluluskan', 'Cadangan projek anda telah diluluskan oleh penyelia. Sila mula merekod log mingguan.', 'SUCCESS', 'PROJECT', 'prj-016', FALSE, '/dashboard', '2026-07-07T17:40:58.749Z');
INSERT INTO "Notification" ("id", "userId", "title", "message", "type", "category", "relatedId", "isRead", "actionUrl", "createdAt") VALUES ('ntf-042', 'usr-038', 'Log Menunggu Pengesahan', 'Log mingguan baru memerlukan pengesahan penyelia.', 'INFO', 'LOGBOOK', 'prj-017', FALSE, '/dashboard', '2026-07-07T13:40:58.750Z');
INSERT INTO "Notification" ("id", "userId", "title", "message", "type", "category", "relatedId", "isRead", "actionUrl", "createdAt") VALUES ('ntf-043', 'usr-039', 'Tarikh Akhir Hampir Tiba', 'Progress 1 akan tamat dalam 7 hari. Sila siapkan dokumen.', 'DEADLINE', 'DOCUMENT', 'prj-018', TRUE, '/dashboard', '2026-07-07T09:40:58.751Z');
INSERT INTO "Notification" ("id", "userId", "title", "message", "type", "category", "relatedId", "isRead", "actionUrl", "createdAt") VALUES ('ntf-044', 'usr-040', 'Penilaian Diterima', 'Keputusan penilaian viva anda telah dihantar. Sila semak markah.', 'SUCCESS', 'EVALUATION', 'prj-019', FALSE, '/dashboard', '2026-07-07T05:40:58.751Z');
INSERT INTO "Notification" ("id", "userId", "title", "message", "type", "category", "relatedId", "isRead", "actionUrl", "createdAt") VALUES ('ntf-045', 'usr-037', 'Tempahan Peralatan Diluluskan', 'Tempahan multimeter anda telah diluluskan. Sila kutip di makmal.', 'SUCCESS', 'EQUIPMENT', 'prj-020', FALSE, '/dashboard', '2026-07-07T01:40:58.752Z');
INSERT INTO "Notification" ("id", "userId", "title", "message", "type", "category", "relatedId", "isRead", "actionUrl", "createdAt") VALUES ('ntf-046', 'usr-038', 'Komen Baharu pada Dokumen', 'Penyelia telah menambah komen pada draf laporan anda.', 'COMMENT', 'DOCUMENT', 'prj-021', TRUE, '/dashboard', '2026-07-06T21:40:58.752Z');
INSERT INTO "Notification" ("id", "userId", "title", "message", "type", "category", "relatedId", "isRead", "actionUrl", "createdAt") VALUES ('ntf-047', 'usr-039', 'Cadangan Ditolak', 'Cadangan projek telah ditolak. Sila semak catatan dan hantar semula.', 'WARNING', 'PROJECT', 'prj-022', FALSE, '/dashboard', '2026-07-06T17:40:58.753Z');
INSERT INTO "Notification" ("id", "userId", "title", "message", "type", "category", "relatedId", "isRead", "actionUrl", "createdAt") VALUES ('ntf-048', 'usr-040', 'Log Tertunggak', 'Log mingguan tidak dikemas kini melebihi 7 hari. Sila kemas kini segera.', 'WARNING', 'LOGBOOK', 'prj-023', FALSE, '/dashboard', '2026-07-06T13:40:58.753Z');
INSERT INTO "Notification" ("id", "userId", "title", "message", "type", "category", "relatedId", "isRead", "actionUrl", "createdAt") VALUES ('ntf-049', 'usr-037', 'Sesi Viva Dijadualkan', 'Sesi pembentangan viva anda telah dijadualkan. Sila semak kalendar.', 'INFO', 'PROJECT', 'prj-024', TRUE, '/dashboard', '2026-07-06T09:40:58.753Z');
INSERT INTO "Notification" ("id", "userId", "title", "message", "type", "category", "relatedId", "isRead", "actionUrl", "createdAt") VALUES ('ntf-050', 'usr-038', 'Pengguna Baharu Didaftarkan', '5 pelajar baharu telah didaftarkan dalam institusi anda.', 'INFO', 'SYSTEM', 'prj-025', FALSE, '/dashboard', '2026-07-06T05:40:58.754Z');

-- AuditLog (66 rows)
DELETE FROM "AuditLog";
INSERT INTO "AuditLog" ("id", "userId", "action", "entity", "entityId", "before", "after", "ipAddress", "userAgent", "createdAt") VALUES ('aud-001', 'usr-009', 'LOGIN', 'User', 'prj-001', '{"status":"PENDING"}', '{"status":"APPROVED","at":"2026-07-14T09:40:58.754Z"}', '192.168.1.100', 'Mozilla/5.0 (Windows NT 10.0; Win64; x64)', '2026-07-14T09:40:58.754Z');
INSERT INTO "AuditLog" ("id", "userId", "action", "entity", "entityId", "before", "after", "ipAddress", "userAgent", "createdAt") VALUES ('aud-002', 'usr-002', 'APPROVE_PROPOSAL', 'Project', 'prj-002', '{"status":"PENDING"}', '{"status":"APPROVED","at":"2026-07-14T09:40:58.755Z"}', '192.168.1.101', 'Mozilla/5.0 (Windows NT 10.0; Win64; x64)', '2026-07-14T06:40:58.755Z');
INSERT INTO "AuditLog" ("id", "userId", "action", "entity", "entityId", "before", "after", "ipAddress", "userAgent", "createdAt") VALUES ('aud-003', 'usr-039', 'REJECT_PROPOSAL', 'Project', 'prj-003', '{"status":"PENDING"}', '{"status":"APPROVED","at":"2026-07-14T09:40:58.755Z"}', '192.168.1.102', 'Mozilla/5.0 (Windows NT 10.0; Win64; x64)', '2026-07-14T03:40:58.755Z');
INSERT INTO "AuditLog" ("id", "userId", "action", "entity", "entityId", "before", "after", "ipAddress", "userAgent", "createdAt") VALUES ('aud-004', 'usr-012', 'SUBMIT_LOGBOOK', 'LogbookEntry', 'prj-004', '{"status":"PENDING"}', '{"status":"APPROVED","at":"2026-07-14T09:40:58.755Z"}', '192.168.1.103', 'Mozilla/5.0 (Windows NT 10.0; Win64; x64)', '2026-07-14T00:40:58.755Z');
INSERT INTO "AuditLog" ("id", "userId", "action", "entity", "entityId", "before", "after", "ipAddress", "userAgent", "createdAt") VALUES ('aud-005', 'usr-005', 'SIGNOFF_LOGBOOK', 'LogbookEntry', 'prj-005', '{"status":"PENDING"}', '{"status":"APPROVED","at":"2026-07-14T09:40:58.756Z"}', '192.168.1.104', 'Mozilla/5.0 (Windows NT 10.0; Win64; x64)', '2026-07-13T21:40:58.756Z');
INSERT INTO "AuditLog" ("id", "userId", "action", "entity", "entityId", "before", "after", "ipAddress", "userAgent", "createdAt") VALUES ('aud-006', 'usr-038', 'UPLOAD_DOCUMENT', 'Document', 'prj-006', '{"status":"PENDING"}', '{"status":"APPROVED","at":"2026-07-14T09:40:58.756Z"}', '192.168.1.105', 'Mozilla/5.0 (Windows NT 10.0; Win64; x64)', '2026-07-13T18:40:58.756Z');
INSERT INTO "AuditLog" ("id", "userId", "action", "entity", "entityId", "before", "after", "ipAddress", "userAgent", "createdAt") VALUES ('aud-007', 'usr-015', 'SUBMIT_EVALUATION', 'Evaluation', 'prj-007', '{"status":"PENDING"}', '{"status":"APPROVED","at":"2026-07-14T09:40:58.756Z"}', '192.168.1.106', 'Mozilla/5.0 (Windows NT 10.0; Win64; x64)', '2026-07-13T15:40:58.756Z');
INSERT INTO "AuditLog" ("id", "userId", "action", "entity", "entityId", "before", "after", "ipAddress", "userAgent", "createdAt") VALUES ('aud-008', 'usr-008', 'CREATE_PROJECT', 'Project', 'prj-008', '{"status":"PENDING"}', '{"status":"APPROVED","at":"2026-07-14T09:40:58.757Z"}', '192.168.1.107', 'Mozilla/5.0 (Windows NT 10.0; Win64; x64)', '2026-07-13T12:40:58.757Z');
INSERT INTO "AuditLog" ("id", "userId", "action", "entity", "entityId", "before", "after", "ipAddress", "userAgent", "createdAt") VALUES ('aud-009', 'usr-037', 'BOOK_EQUIPMENT', 'EquipmentBooking', 'prj-009', '{"status":"PENDING"}', '{"status":"APPROVED","at":"2026-07-14T09:40:58.757Z"}', '192.168.1.108', 'Mozilla/5.0 (Windows NT 10.0; Win64; x64)', '2026-07-13T09:40:58.757Z');
INSERT INTO "AuditLog" ("id", "userId", "action", "entity", "entityId", "before", "after", "ipAddress", "userAgent", "createdAt") VALUES ('aud-010', 'usr-018', 'APPROVE_BOOKING', 'EquipmentBooking', 'prj-010', '{"status":"PENDING"}', '{"status":"APPROVED","at":"2026-07-14T09:40:58.757Z"}', '192.168.1.109', 'Mozilla/5.0 (Windows NT 10.0; Win64; x64)', '2026-07-13T06:40:58.757Z');
INSERT INTO "AuditLog" ("id", "userId", "action", "entity", "entityId", "before", "after", "ipAddress", "userAgent", "createdAt") VALUES ('aud-011', 'usr-003', 'LOGIN', 'User', 'prj-011', '{"status":"PENDING"}', '{"status":"APPROVED","at":"2026-07-14T09:40:58.758Z"}', '192.168.1.110', 'Mozilla/5.0 (Windows NT 10.0; Win64; x64)', '2026-07-13T03:40:58.758Z');
INSERT INTO "AuditLog" ("id", "userId", "action", "entity", "entityId", "before", "after", "ipAddress", "userAgent", "createdAt") VALUES ('aud-012', 'usr-040', 'APPROVE_PROPOSAL', 'Project', 'prj-012', '{"status":"PENDING"}', '{"status":"APPROVED","at":"2026-07-14T09:40:58.758Z"}', '192.168.1.111', 'Mozilla/5.0 (Windows NT 10.0; Win64; x64)', '2026-07-13T00:40:58.758Z');
INSERT INTO "AuditLog" ("id", "userId", "action", "entity", "entityId", "before", "after", "ipAddress", "userAgent", "createdAt") VALUES ('aud-013', 'usr-021', 'REJECT_PROPOSAL', 'Project', 'prj-013', '{"status":"PENDING"}', '{"status":"APPROVED","at":"2026-07-14T09:40:58.758Z"}', '192.168.1.112', 'Mozilla/5.0 (Windows NT 10.0; Win64; x64)', '2026-07-12T21:40:58.758Z');
INSERT INTO "AuditLog" ("id", "userId", "action", "entity", "entityId", "before", "after", "ipAddress", "userAgent", "createdAt") VALUES ('aud-014', 'usr-006', 'SUBMIT_LOGBOOK', 'LogbookEntry', 'prj-014', '{"status":"PENDING"}', '{"status":"APPROVED","at":"2026-07-14T09:40:58.759Z"}', '192.168.1.113', 'Mozilla/5.0 (Windows NT 10.0; Win64; x64)', '2026-07-12T18:40:58.759Z');
INSERT INTO "AuditLog" ("id", "userId", "action", "entity", "entityId", "before", "after", "ipAddress", "userAgent", "createdAt") VALUES ('aud-015', 'usr-039', 'SIGNOFF_LOGBOOK', 'LogbookEntry', 'prj-015', '{"status":"PENDING"}', '{"status":"APPROVED","at":"2026-07-14T09:40:58.759Z"}', '192.168.1.114', 'Mozilla/5.0 (Windows NT 10.0; Win64; x64)', '2026-07-12T15:40:58.759Z');
INSERT INTO "AuditLog" ("id", "userId", "action", "entity", "entityId", "before", "after", "ipAddress", "userAgent", "createdAt") VALUES ('aud-016', 'usr-024', 'UPLOAD_DOCUMENT', 'Document', 'prj-016', '{"status":"PENDING"}', '{"status":"APPROVED","at":"2026-07-14T09:40:58.759Z"}', '192.168.1.115', 'Mozilla/5.0 (Windows NT 10.0; Win64; x64)', '2026-07-12T12:40:58.759Z');
INSERT INTO "AuditLog" ("id", "userId", "action", "entity", "entityId", "before", "after", "ipAddress", "userAgent", "createdAt") VALUES ('aud-017', 'usr-001', 'SUBMIT_EVALUATION', 'Evaluation', 'prj-017', '{"status":"PENDING"}', '{"status":"APPROVED","at":"2026-07-14T09:40:58.759Z"}', '192.168.1.116', 'Mozilla/5.0 (Windows NT 10.0; Win64; x64)', '2026-07-12T09:40:58.759Z');
INSERT INTO "AuditLog" ("id", "userId", "action", "entity", "entityId", "before", "after", "ipAddress", "userAgent", "createdAt") VALUES ('aud-018', 'usr-038', 'CREATE_PROJECT', 'Project', 'prj-018', '{"status":"PENDING"}', '{"status":"APPROVED","at":"2026-07-14T09:40:58.760Z"}', '192.168.1.117', 'Mozilla/5.0 (Windows NT 10.0; Win64; x64)', '2026-07-12T06:40:58.760Z');
INSERT INTO "AuditLog" ("id", "userId", "action", "entity", "entityId", "before", "after", "ipAddress", "userAgent", "createdAt") VALUES ('aud-019', 'usr-027', 'BOOK_EQUIPMENT', 'EquipmentBooking', 'prj-019', '{"status":"PENDING"}', '{"status":"APPROVED","at":"2026-07-14T09:40:58.760Z"}', '192.168.1.118', 'Mozilla/5.0 (Windows NT 10.0; Win64; x64)', '2026-07-12T03:40:58.760Z');
INSERT INTO "AuditLog" ("id", "userId", "action", "entity", "entityId", "before", "after", "ipAddress", "userAgent", "createdAt") VALUES ('aud-020', 'usr-004', 'APPROVE_BOOKING', 'EquipmentBooking', 'prj-020', '{"status":"PENDING"}', '{"status":"APPROVED","at":"2026-07-14T09:40:58.760Z"}', '192.168.1.119', 'Mozilla/5.0 (Windows NT 10.0; Win64; x64)', '2026-07-12T00:40:58.760Z');
INSERT INTO "AuditLog" ("id", "userId", "action", "entity", "entityId", "before", "after", "ipAddress", "userAgent", "createdAt") VALUES ('aud-021', 'usr-037', 'LOGIN', 'User', 'prj-021', '{"status":"PENDING"}', '{"status":"APPROVED","at":"2026-07-14T09:40:58.761Z"}', '192.168.1.120', 'Mozilla/5.0 (Windows NT 10.0; Win64; x64)', '2026-07-11T21:40:58.761Z');
INSERT INTO "AuditLog" ("id", "userId", "action", "entity", "entityId", "before", "after", "ipAddress", "userAgent", "createdAt") VALUES ('aud-022', 'usr-030', 'APPROVE_PROPOSAL', 'Project', 'prj-022', '{"status":"PENDING"}', '{"status":"APPROVED","at":"2026-07-14T09:40:58.761Z"}', '192.168.1.121', 'Mozilla/5.0 (Windows NT 10.0; Win64; x64)', '2026-07-11T18:40:58.761Z');
INSERT INTO "AuditLog" ("id", "userId", "action", "entity", "entityId", "before", "after", "ipAddress", "userAgent", "createdAt") VALUES ('aud-023', 'usr-007', 'REJECT_PROPOSAL', 'Project', 'prj-023', '{"status":"PENDING"}', '{"status":"APPROVED","at":"2026-07-14T09:40:58.761Z"}', '192.168.1.122', 'Mozilla/5.0 (Windows NT 10.0; Win64; x64)', '2026-07-11T15:40:58.761Z');
INSERT INTO "AuditLog" ("id", "userId", "action", "entity", "entityId", "before", "after", "ipAddress", "userAgent", "createdAt") VALUES ('aud-024', 'usr-040', 'SUBMIT_LOGBOOK', 'LogbookEntry', 'prj-024', '{"status":"PENDING"}', '{"status":"APPROVED","at":"2026-07-14T09:40:58.761Z"}', '192.168.1.123', 'Mozilla/5.0 (Windows NT 10.0; Win64; x64)', '2026-07-11T12:40:58.761Z');
INSERT INTO "AuditLog" ("id", "userId", "action", "entity", "entityId", "before", "after", "ipAddress", "userAgent", "createdAt") VALUES ('aud-025', 'usr-033', 'SIGNOFF_LOGBOOK', 'LogbookEntry', 'prj-025', '{"status":"PENDING"}', '{"status":"APPROVED","at":"2026-07-14T09:40:58.762Z"}', '192.168.1.124', 'Mozilla/5.0 (Windows NT 10.0; Win64; x64)', '2026-07-11T09:40:58.762Z');
INSERT INTO "AuditLog" ("id", "userId", "action", "entity", "entityId", "before", "after", "ipAddress", "userAgent", "createdAt") VALUES ('aud-026', 'usr-002', 'UPLOAD_DOCUMENT', 'Document', 'prj-001', '{"status":"PENDING"}', '{"status":"APPROVED","at":"2026-07-14T09:40:58.762Z"}', '192.168.1.125', 'Mozilla/5.0 (Windows NT 10.0; Win64; x64)', '2026-07-11T06:40:58.762Z');
INSERT INTO "AuditLog" ("id", "userId", "action", "entity", "entityId", "before", "after", "ipAddress", "userAgent", "createdAt") VALUES ('aud-027', 'usr-039', 'SUBMIT_EVALUATION', 'Evaluation', 'prj-002', '{"status":"PENDING"}', '{"status":"APPROVED","at":"2026-07-14T09:40:58.763Z"}', '192.168.1.126', 'Mozilla/5.0 (Windows NT 10.0; Win64; x64)', '2026-07-11T03:40:58.763Z');
INSERT INTO "AuditLog" ("id", "userId", "action", "entity", "entityId", "before", "after", "ipAddress", "userAgent", "createdAt") VALUES ('aud-028', 'usr-011', 'CREATE_PROJECT', 'Project', 'prj-003', '{"status":"PENDING"}', '{"status":"APPROVED","at":"2026-07-14T09:40:58.763Z"}', '192.168.1.127', 'Mozilla/5.0 (Windows NT 10.0; Win64; x64)', '2026-07-11T00:40:58.763Z');
INSERT INTO "AuditLog" ("id", "userId", "action", "entity", "entityId", "before", "after", "ipAddress", "userAgent", "createdAt") VALUES ('aud-029', 'usr-005', 'BOOK_EQUIPMENT', 'EquipmentBooking', 'prj-004', '{"status":"PENDING"}', '{"status":"APPROVED","at":"2026-07-14T09:40:58.764Z"}', '192.168.1.128', 'Mozilla/5.0 (Windows NT 10.0; Win64; x64)', '2026-07-10T21:40:58.764Z');
INSERT INTO "AuditLog" ("id", "userId", "action", "entity", "entityId", "before", "after", "ipAddress", "userAgent", "createdAt") VALUES ('aud-030', 'usr-038', 'APPROVE_BOOKING', 'EquipmentBooking', 'prj-005', '{"status":"PENDING"}', '{"status":"APPROVED","at":"2026-07-14T09:40:58.765Z"}', '192.168.1.129', 'Mozilla/5.0 (Windows NT 10.0; Win64; x64)', '2026-07-10T18:40:58.765Z');
INSERT INTO "AuditLog" ("id", "userId", "action", "entity", "entityId", "before", "after", "ipAddress", "userAgent", "createdAt") VALUES ('cmrkh7k020007q4wlf5n7zrr2', 'usr-009', 'LOGIN', 'User', 'usr-009', NULL, NULL, '::1', 'node', '2026-07-14T09:56:02.690Z');
INSERT INTO "AuditLog" ("id", "userId", "action", "entity", "entityId", "before", "after", "ipAddress", "userAgent", "createdAt") VALUES ('cmrkh7k2s000bq4wlvlsrquh8', 'usr-001', 'LOGIN', 'User', 'usr-001', NULL, NULL, '::1', 'node', '2026-07-14T09:56:02.788Z');
INSERT INTO "AuditLog" ("id", "userId", "action", "entity", "entityId", "before", "after", "ipAddress", "userAgent", "createdAt") VALUES ('cmrkh81b5000fq4wly38snmqs', 'usr-009', 'LOGIN', 'User', 'usr-009', NULL, NULL, '::1', 'node', '2026-07-14T09:56:25.122Z');
INSERT INTO "AuditLog" ("id", "userId", "action", "entity", "entityId", "before", "after", "ipAddress", "userAgent", "createdAt") VALUES ('cmrkh81ig000jq4wlcn20iox8', 'usr-009', 'UPLOAD_DOCUMENT', 'Document', 'cmrkh81id000hq4wlax8y0xkl', NULL, '{"projectId":"prj-001","type":"PROPOSAL","title":"Cadangan Ujian","version":1,"fileSize":102400}', '::1', NULL, '2026-07-14T09:56:25.384Z');
INSERT INTO "AuditLog" ("id", "userId", "action", "entity", "entityId", "before", "after", "ipAddress", "userAgent", "createdAt") VALUES ('cmrkh81kv000pq4wlneitfqq9', 'usr-009', 'BOOK_EQUIPMENT', 'EquipmentBooking', 'cmrkh81kt000nq4wl9x48dqau', NULL, '{"equipmentId":"eqp-011","bookingStart":"2026-07-15T09:56:25.453Z","bookingEnd":"2026-07-16T09:56:25.454Z","purpose":"smoke test"}', '::1', NULL, '2026-07-14T09:56:25.471Z');
INSERT INTO "AuditLog" ("id", "userId", "action", "entity", "entityId", "before", "after", "ipAddress", "userAgent", "createdAt") VALUES ('cmrkh8hgv000vq4wldokderbt', 'usr-009', 'LOGIN', 'User', 'usr-009', NULL, NULL, '::1', 'node', '2026-07-14T09:56:46.064Z');
INSERT INTO "AuditLog" ("id", "userId", "action", "entity", "entityId", "before", "after", "ipAddress", "userAgent", "createdAt") VALUES ('cmrkh8hjh000zq4wlcos4r3q0', 'usr-001', 'LOGIN', 'User', 'usr-001', NULL, NULL, '::1', 'node', '2026-07-14T09:56:46.158Z');
INSERT INTO "AuditLog" ("id", "userId", "action", "entity", "entityId", "before", "after", "ipAddress", "userAgent", "createdAt") VALUES ('cmrkh8hkx0013q4wl8ve9nor1', 'usr-009', 'CREATE_LOGBOOK', 'LogbookEntry', 'cmrkh8hku0011q4wlzddw1f1p', NULL, '{"projectId":"prj-001","weekNumber":7,"hoursWorked":5}', '::1', NULL, '2026-07-14T09:56:46.209Z');
INSERT INTO "AuditLog" ("id", "userId", "action", "entity", "entityId", "before", "after", "ipAddress", "userAgent", "createdAt") VALUES ('cmrkh8hqg0019q4wl0xqd4a12', 'usr-009', 'UPLOAD_DOCUMENT', 'Document', 'cmrkh8hqe0017q4wlgs9nnjth', NULL, '{"projectId":"prj-001","type":"DRAFT_CHAPTER","title":"Bab 1 Ujian","version":1,"fileSize":204800}', '::1', NULL, '2026-07-14T09:56:46.409Z');
INSERT INTO "AuditLog" ("id", "userId", "action", "entity", "entityId", "before", "after", "ipAddress", "userAgent", "createdAt") VALUES ('cmrkh8hzr001fq4wle1t8fswb', 'usr-009', 'UPLOAD_DOCUMENT', 'Document', 'cmrkh8hxi001dq4wl554o123h', NULL, '{"projectId":"prj-001","type":"DRAFT_CHAPTER","title":"Bab 1 Ujian","version":2,"fileSize":220000}', '::1', NULL, '2026-07-14T09:56:46.744Z');
INSERT INTO "AuditLog" ("id", "userId", "action", "entity", "entityId", "before", "after", "ipAddress", "userAgent", "createdAt") VALUES ('cmrkh8i1e001lq4wlzx027cdr', 'usr-009', 'BOOK_EQUIPMENT', 'EquipmentBooking', 'cmrkh8i1d001jq4wln4ohmxuq', NULL, '{"equipmentId":"eqp-011","bookingStart":"2026-07-15T09:56:46.765Z","bookingEnd":"2026-07-16T09:56:46.766Z","purpose":"smoke test"}', '::1', NULL, '2026-07-14T09:56:46.803Z');
INSERT INTO "AuditLog" ("id", "userId", "action", "entity", "entityId", "before", "after", "ipAddress", "userAgent", "createdAt") VALUES ('cmrkh8ydb001rq4wliqciylta', 'usr-009', 'LOGIN', 'User', 'usr-009', NULL, NULL, '::1', 'node', '2026-07-14T09:57:07.967Z');
INSERT INTO "AuditLog" ("id", "userId", "action", "entity", "entityId", "before", "after", "ipAddress", "userAgent", "createdAt") VALUES ('cmrkh8yfz001vq4wlbv0mhi8g', 'usr-002', 'LOGIN', 'User', 'usr-002', NULL, NULL, '::1', 'node', '2026-07-14T09:57:08.064Z');
INSERT INTO "AuditLog" ("id", "userId", "action", "entity", "entityId", "before", "after", "ipAddress", "userAgent", "createdAt") VALUES ('cmrkh8yil001zq4wl3henqhvj', 'usr-002', 'SUBMIT_EVALUATION', 'Evaluation', 'cmrkh8yii001xq4wlyhk37zqq', NULL, '{"projectId":"prj-025","rubricId":"rub-001","evalType":"supervisor_progress","totalScore":80}', '::1', NULL, '2026-07-14T09:57:08.158Z');
INSERT INTO "AuditLog" ("id", "userId", "action", "entity", "entityId", "before", "after", "ipAddress", "userAgent", "createdAt") VALUES ('cmrkh9c8v0025q4wlk5tj0oro', 'usr-009', 'LOGIN', 'User', 'usr-009', NULL, NULL, '::1', 'node', '2026-07-14T09:57:25.951Z');
INSERT INTO "AuditLog" ("id", "userId", "action", "entity", "entityId", "before", "after", "ipAddress", "userAgent", "createdAt") VALUES ('cmrkh9cc10029q4wl85p4oyii', 'usr-002', 'LOGIN', 'User', 'usr-002', NULL, NULL, '::1', 'node', '2026-07-14T09:57:26.066Z');
INSERT INTO "AuditLog" ("id", "userId", "action", "entity", "entityId", "before", "after", "ipAddress", "userAgent", "createdAt") VALUES ('cmrkh9ccv002dq4wlqli1n99e', 'usr-009', 'CREATE_LOGBOOK', 'LogbookEntry', 'cmrkh9ccu002bq4wlq7ls76pw', NULL, '{"projectId":"prj-001","weekNumber":11,"hoursWorked":7}', '::1', NULL, '2026-07-14T09:57:26.096Z');
INSERT INTO "AuditLog" ("id", "userId", "action", "entity", "entityId", "before", "after", "ipAddress", "userAgent", "createdAt") VALUES ('cmrkh9cey002hq4wl7nu2r4oj', 'usr-002', 'SIGNOFF_LOGBOOK', 'LogbookEntry', 'cmrkh9ccu002bq4wlq7ls76pw', '{"status":"PENDING","signedOffAt":null,"supervisorComment":null}', '{"status":"SIGNED_OFF","signedOffAt":"2026-07-14T09:57:26.166Z","supervisorComment":"Smoke signoff"}', '::1', NULL, '2026-07-14T09:57:26.169Z');
INSERT INTO "AuditLog" ("id", "userId", "action", "entity", "entityId", "before", "after", "ipAddress", "userAgent", "createdAt") VALUES ('cmrkh9cgd002nq4wlyocrakw8', 'usr-002', 'SUBMIT_EVALUATION', 'Evaluation', 'cmrkh9cgb002lq4wl5fd1fner', NULL, '{"projectId":"prj-001","rubricId":"rub-001","evalType":"supervisor_progress","totalScore":85}', '::1', NULL, '2026-07-14T09:57:26.221Z');
INSERT INTO "AuditLog" ("id", "userId", "action", "entity", "entityId", "before", "after", "ipAddress", "userAgent", "createdAt") VALUES ('cmrkha0t3002tq4wln70qc11g', 'usr-002', 'LOGIN', 'User', 'usr-002', NULL, NULL, '::1', 'node', '2026-07-14T09:57:57.783Z');
INSERT INTO "AuditLog" ("id", "userId", "action", "entity", "entityId", "before", "after", "ipAddress", "userAgent", "createdAt") VALUES ('cmrkhato1002xq4wlexmgw5jr', 'usr-039', 'LOGIN', 'User', 'usr-039', NULL, NULL, '::1', 'node', '2026-07-14T09:58:35.186Z');
INSERT INTO "AuditLog" ("id", "userId", "action", "entity", "entityId", "before", "after", "ipAddress", "userAgent", "createdAt") VALUES ('cmrkhats70037q4wlae1wdb2m', 'usr-039', 'CREATE_USER', 'User', NULL, NULL, '{"count":2,"emails":["newstudent@test.gov.my","newstudent2@test.gov.my"]}', '::1', NULL, '2026-07-14T09:58:35.335Z');
INSERT INTO "AuditLog" ("id", "userId", "action", "entity", "entityId", "before", "after", "ipAddress", "userAgent", "createdAt") VALUES ('cmrkhatsl003aq4wljtq4md5i', 'usr-039', 'CREATE_RUBRIC', 'Rubric', 'cmrkhatsk0038q4wlqq9wue5k', NULL, '{"name":"Rubrik Ujian Smoke","field":"Both","evalType":"panel_viva","criteriaCount":3,"totalWeight":100}', '::1', NULL, '2026-07-14T09:58:35.350Z');
INSERT INTO "AuditLog" ("id", "userId", "action", "entity", "entityId", "before", "after", "ipAddress", "userAgent", "createdAt") VALUES ('cmrkhatua003cq4wlzj1amvgq', 'usr-039', 'UPDATE_RUBRIC', 'Rubric', 'cmrkhatsk0038q4wlqq9wue5k', '{"name":"Rubrik Ujian Smoke","isActive":true,"criteria":"[{\"key\":\"presentation\",\"label\":\"Pembentangan\",\"maxScore\":30,\"weight\":30},{\"key\":\"qa\",\"label\":\"Sesi Soal Jawab\",\"maxScore\":40,\"weight\":40},{\"key\":\"demo\",\"label\":\"Demonstrasi\",\"maxScore\":30,\"weight\":30}]","totalWeight":100}', '{"name":"Rubrik Ujian Smoke","isActive":false,"totalWeight":100}', '::1', NULL, '2026-07-14T09:58:35.410Z');
INSERT INTO "AuditLog" ("id", "userId", "action", "entity", "entityId", "before", "after", "ipAddress", "userAgent", "createdAt") VALUES ('cmrkhau02003gq4wlau86jbdc', 'usr-037', 'LOGIN', 'User', 'usr-037', NULL, NULL, '::1', 'node', '2026-07-14T09:58:35.618Z');
INSERT INTO "AuditLog" ("id", "userId", "action", "entity", "entityId", "before", "after", "ipAddress", "userAgent", "createdAt") VALUES ('cmrkhau83003iq4wlf7l7287z', 'usr-037', 'APPROVE_BOOKING', 'EquipmentBooking', 'cmrkh8i1d001jq4wln4ohmxuq', '{"status":"PENDING","approvedById":null,"returnNotes":null}', '{"status":"APPROVED","returnNotes":null}', '::1', NULL, '2026-07-14T09:58:35.907Z');
INSERT INTO "AuditLog" ("id", "userId", "action", "entity", "entityId", "before", "after", "ipAddress", "userAgent", "createdAt") VALUES ('cmrkhaueq003mq4wl82ani2z2', 'usr-037', 'UPDATE_MILESTONE', 'Milestone', 'ms-029', '{"status":"COMPLETED","completedAt":"2026-07-13T09:40:58.101Z","vivaSlot":"2026-07-14T09:40:58.101Z"}', '{"status":"COMPLETED","vivaSlot":"2026-08-13T09:58:36.017Z"}', '::1', NULL, '2026-07-14T09:58:36.146Z');
INSERT INTO "AuditLog" ("id", "userId", "action", "entity", "entityId", "before", "after", "ipAddress", "userAgent", "createdAt") VALUES ('cmrkhauhl003qq4wl7253utx4', 'usr-037', 'UPDATE_MILESTONE', 'Milestone', 'ms-004', '{"status":"COMPLETED","completedAt":"2026-06-23T09:40:58.085Z","vivaSlot":"2026-06-24T09:40:58.085Z"}', '{"vivaSlot":"2026-08-13T10:58:36.218Z"}', '::1', NULL, '2026-07-14T09:58:36.250Z');
INSERT INTO "AuditLog" ("id", "userId", "action", "entity", "entityId", "before", "after", "ipAddress", "userAgent", "createdAt") VALUES ('cmrkhbpr2003wq4wlpxdco5we', 'usr-037', 'LOGIN', 'User', 'usr-037', NULL, NULL, '::1', 'node', '2026-07-14T09:59:16.767Z');
INSERT INTO "AuditLog" ("id", "userId", "action", "entity", "entityId", "before", "after", "ipAddress", "userAgent", "createdAt") VALUES ('cmrkhbpw6003yq4wlzorutwmc', 'usr-037', 'UPDATE_MILESTONE', 'Milestone', 'ms-104', '{"status":"PENDING","completedAt":null,"vivaSlot":null}', '{"vivaSlot":"2026-08-28T09:59:16.817Z"}', '::1', NULL, '2026-07-14T09:59:16.951Z');
INSERT INTO "AuditLog" ("id", "userId", "action", "entity", "entityId", "before", "after", "ipAddress", "userAgent", "createdAt") VALUES ('cmrkiucfx0044q4wljei60q97', 'usr-009', 'LOGIN', 'User', 'usr-009', NULL, NULL, '::1', 'Mozilla/5.0 (X11; Linux x86_64) AppleWebKit/537.36 (KHTML, like Gecko) HeadlessChrome/150.0.0.0 Safari/537.36', '2026-07-14T10:41:45.598Z');
INSERT INTO "AuditLog" ("id", "userId", "action", "entity", "entityId", "before", "after", "ipAddress", "userAgent", "createdAt") VALUES ('cmrkiwzdj0048q4wlai0jg6mz', 'usr-009', 'AI_CHAT', 'AiChatLog', 'cmrkiwzd90046q4wls863pin5', NULL, NULL, '::1', NULL, '2026-07-14T10:43:48.631Z');
INSERT INTO "AuditLog" ("id", "userId", "action", "entity", "entityId", "before", "after", "ipAddress", "userAgent", "createdAt") VALUES ('cmrkiz7de004cq4wlkrtqsr13', 'usr-039', 'LOGIN', 'User', 'usr-039', NULL, NULL, '::1', 'Mozilla/5.0 (X11; Linux x86_64) AppleWebKit/537.36 (KHTML, like Gecko) HeadlessChrome/150.0.0.0 Safari/537.36', '2026-07-14T10:45:32.307Z');
INSERT INTO "AuditLog" ("id", "userId", "action", "entity", "entityId", "before", "after", "ipAddress", "userAgent", "createdAt") VALUES ('cmrkj1jff004gq4wlhhstdphm', 'usr-001', 'LOGIN', 'User', 'usr-001', NULL, NULL, '::1', 'Mozilla/5.0 (X11; Linux x86_64) AppleWebKit/537.36 (KHTML, like Gecko) HeadlessChrome/150.0.0.0 Safari/537.36', '2026-07-14T10:47:21.244Z');
INSERT INTO "AuditLog" ("id", "userId", "action", "entity", "entityId", "before", "after", "ipAddress", "userAgent", "createdAt") VALUES ('cmrlckbtk0003ngvtybhgrsgl', 'usr-001', 'LOGIN', 'User', 'usr-001', NULL, NULL, '21.0.0.1', 'Mozilla/5.0 (Macintosh; Intel Mac OS X 10_15_7) AppleWebKit/537.36 (KHTML, like Gecko) Chrome/150.0.0.0 Safari/537.36', '2026-07-15T00:33:46.713Z');
INSERT INTO "AuditLog" ("id", "userId", "action", "entity", "entityId", "before", "after", "ipAddress", "userAgent", "createdAt") VALUES ('cmrldray20007ngvtbfeccg65', 'usr-009', 'LOGIN', 'User', 'usr-009', NULL, NULL, '21.0.0.1', 'Mozilla/5.0 (Macintosh; Intel Mac OS X 10_15_7) AppleWebKit/537.36 (KHTML, like Gecko) Chrome/150.0.0.0 Safari/537.36', '2026-07-15T01:07:11.787Z');

COMMIT;

-- ============================================================
-- Seed complete! Demo login credentials (password: Portal@2026):
--   Student:    pelajar1@jtm.gov.my
--   Supervisor: nurul.huda@jtm.gov.my
--   Panel:      panel1@jtm.gov.my
--   Inst Admin: admin.bangi@jtm.gov.my
--   JTM Admin:  admin.jtm@jtm.gov.my
-- ============================================================